trainer_id,battle_round,opponent,opponent_type,team_level,strategy_score,type_coverage,fatigue,morale,pokemon_health_entering,item_used,item_type,battle_won,damage_taken,damage_dealt,turns,still_in_tournament
1,1,Lorelei,Ice,55,26.6,6,0.0,81.2,100.0,0,none,1,29.9,35.0,1,1
1,2,Bruno,Fighting,55,26.6,6,11.59,100.0,70.1,0,none,1,26.8,40.3,8,1
1,3,Agatha,Ghost,55,26.6,6,24.4,100.0,43.3,0,none,1,33.9,37.3,3,1
1,4,Lance,Dragon,55,26.6,6,33.43,100.0,9.4,0,none,1,29.2,56.7,5,1
2,1,Lorelei,Ice,45,60.2,4,0.0,68.67,100.0,0,none,1,19.9,20.3,6,1
2,2,Bruno,Fighting,45,60.2,4,17.26,83.28,80.1,0,none,0,16.1,48.4,8,1
2,3,Agatha,Ghost,45,60.2,4,31.25,58.12,64.0,0,none,0,0.0,0.0,0,0
2,4,Lance,Dragon,45,60.2,4,31.25,58.12,64.0,0,none,0,0.0,0.0,0,0
3,1,Lorelei,Ice,42,29.9,1,0.0,68.18,100.0,0,none,1,13.2,22.5,8,1
3,2,Bruno,Fighting,42,29.9,1,10.23,79.82,86.8,0,none,1,33.4,37.6,2,1
3,3,Agatha,Ghost,42,29.9,1,20.12,100.0,53.4,0,none,1,27.0,43.4,11,1
3,4,Lance,Dragon,42,29.9,1,31.24,100.0,26.4,0,none,0,34.0,30.5,11,1
4,1,Lorelei,Ice,57,73.8,6,0.0,59.59,100.0,0,none,1,30.8,69.0,3,1
4,2,Bruno,Fighting,57,73.8,6,8.91,66.78,69.2,0,none,1,26.0,47.5,7,1
4,3,Agatha,Ghost,57,73.8,6,14.08,77.71,43.2,0,none,1,30.7,41.9,4,1
4,4,Lance,Dragon,57,73.8,6,30.45,99.08,12.5,0,none,0,16.6,59.5,9,1
5,1,Lorelei,Ice,62,41.3,6,0.0,64.65,100.0,0,none,1,11.2,41.8,6,1
5,2,Bruno,Fighting,62,41.3,6,8.8,74.91,88.8,0,none,1,9.2,33.7,6,1
5,3,Agatha,Ghost,62,41.3,6,18.05,87.65,79.6,0,none,1,33.5,44.7,5,1
5,4,Lance,Dragon,62,41.3,6,24.7,100.0,46.1,0,none,1,21.1,27.8,9,1
6,1,Lorelei,Ice,57,43.7,3,0.0,74.33,100.0,0,none,1,35.8,34.3,4,1
6,2,Bruno,Fighting,57,43.7,3,14.12,87.2,64.2,0,none,1,8.0,35.0,6,1
6,3,Agatha,Ghost,57,43.7,3,27.74,96.99,96.2,1,revive,1,28.5,59.5,6,1
6,4,Lance,Dragon,57,43.7,3,39.46,100.0,67.7,0,none,1,25.7,28.9,5,1
7,1,Lorelei,Ice,61,47.2,3,0.0,69.65,100.0,0,none,1,30.0,30.6,8,1
7,2,Bruno,Fighting,61,47.2,3,11.13,75.85,100.0,1,revive,0,5.9,44.7,5,1
7,3,Agatha,Ghost,61,47.2,3,32.19,53.08,94.1,0,none,0,0.0,0.0,0,0
7,4,Lance,Dragon,61,47.2,3,32.19,53.08,94.1,0,none,0,0.0,0.0,0,0
8,1,Lorelei,Ice,52,86.4,4,0.0,76.31,100.0,0,none,1,15.3,43.7,2,1
8,2,Bruno,Fighting,52,86.4,4,10.31,84.96,84.7,0,none,1,14.2,32.8,6,1
8,3,Agatha,Ghost,52,86.4,4,19.51,100.0,70.5,0,none,1,8.0,36.2,11,1
8,4,Lance,Dragon,52,86.4,4,36.72,100.0,62.5,0,none,1,12.2,54.6,10,1
9,1,Lorelei,Ice,50,47.2,4,0.0,73.8,100.0,0,none,1,27.9,36.6,5,1
9,2,Bruno,Fighting,50,47.2,4,8.53,85.36,72.1,0,none,1,23.5,42.8,5,1
9,3,Agatha,Ghost,50,47.2,4,16.11,100.0,48.6,0,none,1,41.1,52.6,7,1
9,4,Lance,Dragon,50,47.2,4,24.86,100.0,7.5,0,none,0,38.5,36.6,6,1
10,1,Lorelei,Ice,49,70.4,6,0.0,76.09,100.0,0,none,1,19.9,25.1,4,1
10,2,Bruno,Fighting,49,70.4,6,9.26,92.09,80.1,0,none,1,17.8,36.5,9,1
10,3,Agatha,Ghost,49,70.4,6,17.73,100.0,62.3,0,none,1,37.9,38.7,4,1
10,4,Lance,Dragon,49,70.4,6,28.66,100.0,64.4,1,revive,1,8.4,54.3,9,1
11,1,Lorelei,Ice,65,47.3,6,0.0,84.73,100.0,0,none,1,22.7,48.1,8,1
11,2,Bruno,Fighting,65,47.3,6,17.1,94.37,77.3,0,none,1,28.9,38.0,8,1
11,3,Agatha,Ghost,65,47.3,6,24.29,100.0,48.4,0,none,1,40.5,56.3,5,1
11,4,Lance,Dragon,65,47.3,6,33.31,100.0,7.9,0,none,1,41.6,56.7,5,1
12,1,Lorelei,Ice,62,60.7,3,0.0,61.58,100.0,0,none,1,18.2,43.4,7,1
12,2,Bruno,Fighting,62,60.7,3,10.97,71.43,81.8,0,none,1,18.9,46.3,5,1
12,3,Agatha,Ghost,62,60.7,3,18.72,88.07,62.9,0,none,1,27.4,43.9,9,1
12,4,Lance,Dragon,62,60.7,3,32.05,100.0,35.5,0,none,1,30.4,49.0,5,1
13,1,Lorelei,Ice,40,60.9,5,0.0,51.11,100.0,0,none,1,6.1,40.9,12,1
13,2,Bruno,Fighting,40,60.9,5,10.87,61.57,93.9,0,none,1,27.1,34.4,9,1
13,3,Agatha,Ghost,40,60.9,5,19.08,80.34,66.8,0,none,0,32.9,48.0,8,1
13,4,Lance,Dragon,40,60.9,5,35.38,51.82,33.9,0,none,0,0.0,0.0,0,0
14,1,Lorelei,Ice,56,38.9,3,0.0,76.26,100.0,0,none,1,7.3,40.5,7,1
14,2,Bruno,Fighting,56,38.9,3,13.99,81.23,92.7,0,none,0,27.5,48.1,5,1
14,3,Agatha,Ghost,56,38.9,3,28.18,66.08,65.2,0,none,0,0.0,0.0,0,0
14,4,Lance,Dragon,56,38.9,3,28.18,66.08,65.2,0,none,0,0.0,0.0,0,0
15,1,Lorelei,Ice,54,59.7,4,0.0,67.18,100.0,0,none,1,43.4,51.6,4,1
15,2,Bruno,Fighting,54,59.7,4,8.67,76.28,56.6,0,none,1,26.4,41.2,6,1
15,3,Agatha,Ghost,54,59.7,4,19.47,84.72,30.2,0,none,1,6.6,41.7,9,1
15,4,Lance,Dragon,54,59.7,4,28.5,99.5,23.6,0,none,0,29.8,40.7,4,1
16,1,Lorelei,Ice,67,67.1,4,0.0,50.47,100.0,0,none,1,15.2,48.4,8,1
16,2,Bruno,Fighting,67,67.1,4,12.03,67.95,84.8,0,none,0,23.4,48.6,9,1
16,3,Agatha,Ghost,67,67.1,4,31.45,41.14,61.4,0,none,0,0.0,0.0,0,0
16,4,Lance,Dragon,67,67.1,4,31.45,41.14,61.4,0,none,0,0.0,0.0,0,0
17,1,Lorelei,Ice,43,47.7,4,0.0,74.11,100.0,0,none,1,40.9,42.7,5,1
17,2,Bruno,Fighting,43,47.7,4,8.03,82.38,59.1,0,none,1,14.5,47.4,8,1
17,3,Agatha,Ghost,43,47.7,4,17.66,88.0,44.6,0,none,1,46.4,38.2,9,1
17,4,Lance,Dragon,43,47.7,4,25.58,100.0,0.0,0,none,1,21.8,32.3,4,1
18,1,Lorelei,Ice,44,51.4,5,0.0,66.97,100.0,0,none,1,25.8,37.2,7,1
18,2,Bruno,Fighting,44,51.4,5,10.45,82.42,74.2,0,none,1,21.4,61.2,8,1
18,3,Agatha,Ghost,44,51.4,5,20.58,95.79,52.8,0,none,1,30.7,36.7,7,1
18,4,Lance,Dragon,44,51.4,5,27.38,100.0,22.1,0,none,0,19.3,29.4,7,1
19,1,Lorelei,Ice,41,36.3,1,0.0,61.91,100.0,0,none,1,27.2,32.3,4,1
19,2,Bruno,Fighting,41,36.3,1,13.69,80.25,72.8,0,none,0,16.7,27.6,8,1
19,3,Agatha,Ghost,41,36.3,1,32.14,52.7,56.1,0,none,0,0.0,0.0,0,0
19,4,Lance,Dragon,41,36.3,1,32.14,52.7,56.1,0,none,0,0.0,0.0,0,0
20,1,Lorelei,Ice,65,50.6,6,0.0,80.25,100.0,0,none,1,27.1,36.4,5,1
20,2,Bruno,Fighting,65,50.6,6,7.22,93.1,72.9,0,none,1,18.5,55.1,9,1
20,3,Agatha,Ghost,65,50.6,6,17.45,100.0,54.4,0,none,1,36.3,34.5,7,1
20,4,Lance,Dragon,65,50.6,6,25.7,100.0,58.1,1,revive,1,38.8,34.5,7,1
21,1,Lorelei,Ice,66,51.9,5,0.0,60.82,100.0,0,none,1,25.7,49.6,4,1
21,2,Bruno,Fighting,66,51.9,5,10.68,86.12,74.3,0,none,1,18.4,42.8,5,1
21,3,Agatha,Ghost,66,51.9,5,17.77,98.66,55.9,0,none,1,20.8,43.9,7,1
21,4,Lance,Dragon,66,51.9,5,29.8,100.0,65.1,1,potion,1,44.5,46.2,8,1
22,1,Lorelei,Ice,55,28.7,5,0.0,66.52,100.0,0,none,1,21.4,57.1,11,1
22,2,Bruno,Fighting,55,28.7,5,12.82,82.79,78.6,0,none,1,42.3,34.0,5,1
22,3,Agatha,Ghost,55,28.7,5,21.44,93.57,36.3,0,none,1,24.0,38.1,6,1
22,4,Lance,Dragon,55,28.7,5,28.18,100.0,12.3,0,none,1,33.3,52.7,10,1
23,1,Lorelei,Ice,53,71.3,1,0.0,76.67,100.0,0,none,1,11.2,30.7,6,1
23,2,Bruno,Fighting,53,71.3,1,9.68,92.67,88.8,0,none,0,35.0,38.3,6,1
23,3,Agatha,Ghost,53,71.3,1,26.77,70.33,53.8,0,none,0,0.0,0.0,0,0
23,4,Lance,Dragon,53,71.3,1,26.77,70.33,53.8,0,none,0,0.0,0.0,0,0
24,1,Lorelei,Ice,61,46.0,4,0.0,92.41,100.0,1,x_attack,1,23.7,50.2,3,1
24,2,Bruno,Fighting,61,46.0,4,6.26,100.0,76.3,0,none,1,28.5,42.5,4,1
24,3,Agatha,Ghost,61,46.0,4,12.77,100.0,47.8,0,none,1,47.6,43.2,7,1
24,4,Lance,Dragon,61,46.0,4,25.8,100.0,0.2,0,none,1,35.3,52.9,11,1
25,1,Lorelei,Ice,61,54.8,5,0.0,57.93,100.0,0,none,1,8.2,49.2,3,1
25,2,Bruno,Fighting,61,54.8,5,8.15,66.24,91.8,0,none,1,19.9,50.9,8,1
25,3,Agatha,Ghost,61,54.8,5,24.56,73.2,71.9,0,none,1,25.9,44.2,5,1
25,4,Lance,Dragon,61,54.8,5,34.09,93.03,46.0,0,none,1,27.8,62.8,9,1
26,1,Lorelei,Ice,41,57.2,5,0.0,72.01,100.0,0,none,1,34.1,54.3,7,1
26,2,Bruno,Fighting,41,57.2,5,9.27,86.93,65.9,0,none,1,27.4,31.3,5,1
26,3,Agatha,Ghost,41,57.2,5,24.14,99.42,38.5,0,none,1,41.4,36.8,5,1
26,4,Lance,Dragon,41,57.2,5,42.4,100.0,0.0,0,none,0,19.0,51.9,5,1
27,1,Lorelei,Ice,60,70.4,2,0.0,70.17,100.0,0,none,1,1.5,26.8,3,1
27,2,Bruno,Fighting,60,70.4,2,15.03,80.94,98.5,0,none,1,32.5,30.0,6,1
27,3,Agatha,Ghost,60,70.4,2,30.53,90.87,66.0,0,none,1,27.2,44.4,8,1
27,4,Lance,Dragon,60,70.4,2,46.58,100.0,38.8,0,none,1,24.0,38.6,1,1
28,1,Lorelei,Ice,45,37.1,6,0.0,49.69,100.0,0,none,1,22.0,49.8,8,1
28,2,Bruno,Fighting,45,37.1,6,9.11,58.02,78.0,0,none,1,14.6,37.8,5,1
28,3,Agatha,Ghost,45,37.1,6,20.48,77.87,63.4,0,none,1,31.0,38.8,6,1
28,4,Lance,Dragon,45,37.1,6,30.89,94.13,32.4,0,none,0,27.2,39.2,5,1
29,1,Lorelei,Ice,58,70.3,5,0.0,66.09,100.0,0,none,1,9.9,24.5,6,1
29,2,Bruno,Fighting,58,70.3,5,7.89,82.66,90.1,0,none,1,18.6,44.4,7,1
29,3,Agatha,Ghost,58,70.3,5,13.26,89.81,71.5,0,none,1,21.7,45.8,6,1
29,4,Lance,Dragon,58,70.3,5,20.44,100.0,49.8,0,none,1,60.0,25.5,5,1
30,1,Lorelei,Ice,58,64.6,3,0.0,85.75,100.0,0,none,1,18.3,54.4,10,1
30,2,Bruno,Fighting,58,64.6,3,10.51,100.0,81.7,0,none,1,0.0,49.5,7,1
30,3,Agatha,Ghost,58,64.6,3,23.54,100.0,81.7,0,none,1,26.6,23.1,3,1
30,4,Lance,Dragon,58,64.6,3,37.81,100.0,55.1,0,none,1,28.2,43.0,4,1
31,1,Lorelei,Ice,54,66.1,4,0.0,60.46,100.0,0,none,1,20.6,42.1,2,1
31,2,Bruno,Fighting,54,66.1,4,12.76,69.12,79.4,0,none,1,10.7,36.3,6,1
31,3,Agatha,Ghost,54,66.1,4,20.66,80.71,100.0,1,revive,1,20.1,45.6,4,1
31,4,Lance,Dragon,54,66.1,4,34.7,92.23,79.9,0,none,1,26.3,47.4,8,1
32,1,Lorelei,Ice,51,95.5,3,0.0,67.14,100.0,0,none,1,0.0,52.3,5,1
32,2,Bruno,Fighting,51,95.5,3,8.22,76.25,100.0,0,none,1,6.5,47.8,3,1
32,3,Agatha,Ghost,51,95.5,3,20.99,93.42,93.5,0,none,1,14.4,38.9,8,1
32,4,Lance,Dragon,51,95.5,3,30.91,100.0,79.1,0,none,1,23.8,43.4,6,1
33,1,Lorelei,Ice,64,60.8,2,0.0,75.65,100.0,0,none,1,20.3,49.5,4,1
33,2,Bruno,Fighting,64,60.8,2,6.53,86.18,79.7,0,none,1,24.6,36.1,7,1
33,3,Agatha,Ghost,64,60.8,2,10.83,100.0,55.1,0,none,1,20.6,60.4,5,1
33,4,Lance,Dragon,64,60.8,2,21.64,100.0,34.5,0,none,1,32.0,27.2,7,1
34,1,Lorelei,Ice,65,85.0,6,0.0,58.42,100.0,0,none,1,0.0,53.1,6,1
34,2,Bruno,Fighting,65,85.0,6,8.39,72.17,100.0,0,none,1,27.7,58.5,8,1
34,3,Agatha,Ghost,65,85.0,6,18.43,76.48,72.3,0,none,1,11.0,56.1,7,1
34,4,Lance,Dragon,65,85.0,6,28.65,88.75,61.3,0,none,1,39.1,64.7,5,1
35,1,Lorelei,Ice,54,69.0,6,0.0,79.4,100.0,0,none,1,33.2,45.5,4,1
35,2,Bruno,Fighting,54,69.0,6,8.87,100.0,66.8,0,none,1,27.8,31.0,6,1
35,3,Agatha,Ghost,54,69.0,6,17.11,100.0,39.0,0,none,1,12.1,57.3,9,1
35,4,Lance,Dragon,54,69.0,6,28.49,100.0,26.9,0,none,0,35.1,39.4,8,1
36,1,Lorelei,Ice,67,73.5,4,0.0,76.56,100.0,0,none,1,40.3,46.4,6,1
36,2,Bruno,Fighting,67,73.5,4,8.69,85.91,59.7,0,none,1,10.6,67.0,5,1
36,3,Agatha,Ghost,67,73.5,4,20.45,100.0,49.1,0,none,1,17.9,48.9,8,1
36,4,Lance,Dragon,67,73.5,4,27.6,100.0,71.2,1,revive,1,10.0,45.1,6,1
37,1,Lorelei,Ice,45,70.3,6,0.0,78.04,100.0,0,none,1,8.4,44.3,8,1
37,2,Bruno,Fighting,45,70.3,6,12.89,92.37,91.6,0,none,0,40.7,31.0,6,1
37,3,Agatha,Ghost,45,70.3,6,28.31,73.93,50.9,0,none,0,0.0,0.0,0,0
37,4,Lance,Dragon,45,70.3,6,28.31,73.93,50.9,0,none,0,0.0,0.0,0,0
38,1,Lorelei,Ice,55,39.7,3,0.0,80.73,100.0,0,none,1,34.1,29.1,8,1
38,2,Bruno,Fighting,55,39.7,3,7.56,94.73,65.9,0,none,1,13.5,61.6,6,1
38,3,Agatha,Ghost,55,39.7,3,15.1,100.0,52.4,0,none,1,7.3,47.5,6,1
38,4,Lance,Dragon,55,39.7,3,22.88,100.0,45.1,0,none,0,46.4,44.5,7,1
39,1,Lorelei,Ice,63,83.9,5,0.0,62.17,100.0,0,none,1,0.0,45.1,9,1
39,2,Bruno,Fighting,63,83.9,5,13.12,86.39,100.0,0,none,1,23.8,21.0,7,1
39,3,Agatha,Ghost,63,83.9,5,24.24,100.0,76.2,0,none,1,25.6,47.7,7,1
39,4,Lance,Dragon,63,83.9,5,30.71,100.0,100.0,1,full_restore,1,14.9,51.0,6,1
40,1,Lorelei,Ice,59,63.5,2,0.0,67.68,100.0,0,none,1,34.9,45.0,6,1
40,2,Bruno,Fighting,59,63.5,2,11.43,78.2,65.1,0,none,1,3.7,22.2,9,1
40,3,Agatha,Ghost,59,63.5,2,20.55,99.11,91.4,1,potion,1,22.2,58.5,8,1
40,4,Lance,Dragon,59,63.5,2,29.94,100.0,69.2,0,none,1,20.9,57.7,2,1
41,1,Lorelei,Ice,52,59.0,2,0.0,64.32,100.0,0,none,1,6.5,29.6,8,1
41,2,Bruno,Fighting,52,59.0,2,9.02,77.37,93.5,0,none,1,28.6,39.6,6,1
41,3,Agatha,Ghost,52,59.0,2,19.44,94.49,64.9,0,none,1,5.3,33.3,6,1
41,4,Lance,Dragon,52,59.0,2,32.05,100.0,59.6,0,none,1,32.8,44.1,9,1
42,1,Lorelei,Ice,58,56.9,6,0.0,65.65,100.0,0,none,1,12.6,44.2,3,1
42,2,Bruno,Fighting,58,56.9,6,10.42,77.96,87.4,0,none,1,9.8,36.7,3,1
42,3,Agatha,Ghost,58,56.9,6,19.29,88.74,77.6,0,none,1,9.5,44.2,6,1
42,4,Lance,Dragon,58,56.9,6,26.04,99.52,68.1,0,none,1,32.7,50.1,9,1
43,1,Lorelei,Ice,58,45.0,5,0.0,72.33,100.0,0,none,1,22.1,54.6,2,1
43,2,Bruno,Fighting,58,45.0,5,14.79,88.15,77.9,0,none,1,33.0,47.5,7,1
43,3,Agatha,Ghost,58,45.0,5,23.14,100.0,84.9,1,revive,1,24.7,42.6,4,1
43,4,Lance,Dragon,58,45.0,5,30.31,100.0,60.2,0,none,1,46.8,36.2,8,1
44,1,Lorelei,Ice,47,70.8,2,0.0,81.14,100.0,0,none,1,22.0,23.9,3,1
44,2,Bruno,Fighting,47,70.8,2,9.01,92.74,78.0,0,none,1,0.0,28.0,8,1
44,3,Agatha,Ghost,47,70.8,2,18.0,100.0,78.0,0,none,1,23.3,42.6,10,1
44,4,Lance,Dragon,47,70.8,2,20.84,100.0,54.7,0,none,1,21.6,20.6,7,1
45,1,Lorelei,Ice,51,64.7,4,0.0,77.94,100.0,0,none,0,24.4,55.2,10,1
45,2,Bruno,Fighting,51,64.7,4,15.14,48.39,75.6,0,none,0,0.0,0.0,0,0
45,3,Agatha,Ghost,51,64.7,4,15.14,48.39,75.6,0,none,0,0.0,0.0,0,0
45,4,Lance,Dragon,51,64.7,4,15.14,48.39,75.6,0,none,0,0.0,0.0,0,0
46,1,Lorelei,Ice,53,78.7,4,0.0,79.75,100.0,0,none,1,6.1,49.0,1,1
46,2,Bruno,Fighting,53,78.7,4,14.53,100.0,93.9,0,none,1,24.2,43.8,10,1
46,3,Agatha,Ghost,53,78.7,4,28.25,100.0,69.7,0,none,0,0.0,14.8,10,1
46,4,Lance,Dragon,53,78.7,4,39.68,82.52,69.7,0,none,0,0.0,0.0,0,0
47,1,Lorelei,Ice,47,45.2,2,0.0,69.18,100.0,0,none,1,33.6,42.0,4,1
47,2,Bruno,Fighting,47,45.2,2,3.05,89.39,66.4,0,none,0,22.7,46.1,2,1
47,3,Agatha,Ghost,47,45.2,2,21.59,70.26,43.7,0,none,0,0.0,0.0,0,0
47,4,Lance,Dragon,47,45.2,2,21.59,70.26,43.7,0,none,0,0.0,0.0,0,0
48,1,Lorelei,Ice,58,43.0,6,0.0,60.61,100.0,0,none,1,18.2,32.6,1,1
48,2,Bruno,Fighting,58,43.0,6,14.2,79.47,100.0,1,full_restore,1,18.6,53.0,3,1
48,3,Agatha,Ghost,58,43.0,6,28.18,97.23,81.4,0,none,1,32.5,35.0,9,1
48,4,Lance,Dragon,58,43.0,6,40.47,100.0,48.9,0,none,1,33.8,42.4,7,1
49,1,Lorelei,Ice,65,69.7,4,0.0,70.25,100.0,0,none,1,16.7,44.8,6,1
49,2,Bruno,Fighting,65,69.7,4,9.54,86.47,83.3,0,none,1,24.0,68.4,3,1
49,3,Agatha,Ghost,65,69.7,4,17.57,100.0,59.3,0,none,1,38.7,55.3,11,1
49,4,Lance,Dragon,65,69.7,4,28.89,100.0,20.6,0,none,1,53.7,49.0,6,1
50,1,Lorelei,Ice,57,72.2,4,0.0,74.42,100.0,0,none,1,0.0,46.5,8,1
50,2,Bruno,Fighting,57,72.2,4,4.67,86.18,100.0,0,none,1,18.4,56.6,8,1
50,3,Agatha,Ghost,57,72.2,4,12.69,100.0,81.6,0,none,1,33.7,44.2,10,1
50,4,Lance,Dragon,57,72.2,4,24.51,100.0,47.9,0,none,1,30.3,41.6,6,1
51,1,Lorelei,Ice,46,68.7,6,0.0,77.92,100.0,0,none,1,34.0,55.8,4,1
51,2,Bruno,Fighting,46,68.7,6,6.13,96.17,66.0,0,none,1,27.4,26.6,6,1
51,3,Agatha,Ghost,46,68.7,6,17.43,100.0,38.6,0,none,0,28.7,52.9,6,1
51,4,Lance,Dragon,46,68.7,6,36.9,83.16,9.9,0,none,0,0.0,0.0,0,0
52,1,Lorelei,Ice,52,58.1,5,0.0,82.09,100.0,0,none,1,25.1,49.7,3,1
52,2,Bruno,Fighting,52,58.1,5,6.63,88.92,74.9,0,none,1,23.7,34.9,4,1
52,3,Agatha,Ghost,52,58.1,5,17.09,100.0,51.2,0,none,1,19.4,46.1,5,1
52,4,Lance,Dragon,52,58.1,5,27.83,100.0,31.8,0,none,1,42.2,53.9,7,1
53,1,Lorelei,Ice,58,51.0,2,0.0,89.84,100.0,0,none,1,16.9,59.2,6,1
53,2,Bruno,Fighting,58,51.0,2,7.81,100.0,83.1,0,none,1,13.4,23.5,9,1
53,3,Agatha,Ghost,58,51.0,2,18.49,100.0,69.7,0,none,1,49.3,40.2,8,1
53,4,Lance,Dragon,58,51.0,2,31.01,100.0,20.4,0,none,0,22.7,46.1,4,1
54,1,Lorelei,Ice,56,66.2,3,0.0,59.23,100.0,0,none,1,6.6,51.6,3,1
54,2,Bruno,Fighting,56,66.2,3,13.72,64.17,93.4,0,none,1,2.0,54.0,10,1
54,3,Agatha,Ghost,56,66.2,3,25.33,71.48,91.4,0,none,1,38.4,37.7,6,1
54,4,Lance,Dragon,56,66.2,3,35.23,85.55,53.0,0,none,1,32.6,61.5,7,1
55,1,Lorelei,Ice,63,87.3,5,0.0,75.77,100.0,0,none,1,22.0,51.0,7,1
55,2,Bruno,Fighting,63,87.3,5,14.28,91.9,78.0,0,none,1,16.3,38.7,4,1
55,3,Agatha,Ghost,63,87.3,5,26.29,100.0,61.7,0,none,1,25.5,48.5,7,1
55,4,Lance,Dragon,63,87.3,5,39.44,100.0,36.2,1,x_attack,1,9.3,41.8,9,1
56,1,Lorelei,Ice,62,61.9,3,0.0,73.85,100.0,0,none,1,23.6,30.8,6,1
56,2,Bruno,Fighting,62,61.9,3,4.69,80.59,76.4,0,none,0,32.2,52.8,7,1
56,3,Agatha,Ghost,62,61.9,3,17.65,57.84,44.2,0,none,0,0.0,0.0,0,0
56,4,Lance,Dragon,62,61.9,3,17.65,57.84,44.2,0,none,0,0.0,0.0,0,0
57,1,Lorelei,Ice,43,58.0,3,0.0,72.97,100.0,0,none,1,9.0,29.7,7,1
57,2,Bruno,Fighting,43,58.0,3,11.94,83.3,91.0,0,none,1,33.1,14.0,5,1
57,3,Agatha,Ghost,43,58.0,3,21.69,99.66,57.9,0,none,1,22.2,49.7,11,1
57,4,Lance,Dragon,43,58.0,3,35.19,100.0,35.7,0,none,1,14.3,17.3,3,1
58,1,Lorelei,Ice,51,69.8,3,0.0,68.18,100.0,0,none,1,27.3,39.1,7,1
58,2,Bruno,Fighting,51,69.8,3,12.3,81.66,72.7,0,none,0,18.7,61.3,5,1
58,3,Agatha,Ghost,51,69.8,3,23.3,64.14,54.0,0,none,0,0.0,0.0,0,0
58,4,Lance,Dragon,51,69.8,3,23.3,64.14,54.0,0,none,0,0.0,0.0,0,0
59,1,Lorelei,Ice,47,57.3,5,0.0,58.51,100.0,0,none,1,13.9,52.5,13,1
59,2,Bruno,Fighting,47,57.3,5,8.48,68.4,86.1,0,none,1,23.5,39.0,9,1
59,3,Agatha,Ghost,47,57.3,5,16.08,73.3,62.6,0,none,1,36.9,24.6,10,1
59,4,Lance,Dragon,47,57.3,5,24.79,91.55,65.7,1,revive,1,49.1,48.7,4,1
60,1,Lorelei,Ice,63,73.6,4,0.0,45.91,100.0,1,full_restore,1,29.0,31.8,7,1
60,2,Bruno,Fighting,63,73.6,4,15.26,62.01,71.0,0,none,0,28.3,56.6,12,1
60,3,Agatha,Ghost,63,73.6,4,33.24,44.12,42.7,0,none,0,0.0,0.0,0,0
60,4,Lance,Dragon,63,73.6,4,33.24,44.12,42.7,0,none,0,0.0,0.0,0,0
61,1,Lorelei,Ice,68,59.9,3,0.0,71.96,100.0,0,none,1,21.7,57.5,4,1
61,2,Bruno,Fighting,68,59.9,3,5.65,85.28,78.3,0,none,1,26.3,36.6,6,1
61,3,Agatha,Ghost,68,59.9,3,15.01,100.0,52.0,0,none,0,18.3,46.8,3,1
61,4,Lance,Dragon,68,59.9,3,23.78,80.12,33.7,0,none,0,0.0,0.0,0,0
62,1,Lorelei,Ice,61,50.6,3,0.0,56.98,100.0,0,none,1,11.8,53.6,7,1
62,2,Bruno,Fighting,61,50.6,3,13.41,67.65,88.2,0,none,1,15.9,41.6,7,1
62,3,Agatha,Ghost,61,50.6,3,21.53,77.7,72.3,0,none,0,24.2,36.6,6,1
62,4,Lance,Dragon,61,50.6,3,33.16,53.85,48.1,0,none,0,0.0,0.0,0,0
63,1,Lorelei,Ice,49,67.6,5,0.0,80.56,100.0,0,none,1,24.5,41.7,6,1
63,2,Bruno,Fighting,49,67.6,5,6.35,92.98,75.5,0,none,1,29.4,63.2,6,1
63,3,Agatha,Ghost,49,67.6,5,11.82,100.0,46.1,0,none,1,10.6,38.9,9,1
63,4,Lance,Dragon,49,67.6,5,19.81,100.0,35.5,0,none,1,44.7,60.5,9,1
64,1,Lorelei,Ice,58,64.8,5,0.0,60.88,100.0,0,none,1,5.2,32.3,6,1
64,2,Bruno,Fighting,58,64.8,5,6.81,69.5,94.8,0,none,0,38.5,29.8,3,1
64,3,Agatha,Ghost,58,64.8,5,21.96,50.23,56.3,0,none,0,0.0,0.0,0,0
64,4,Lance,Dragon,58,64.8,5,21.96,50.23,56.3,0,none,0,0.0,0.0,0,0
65,1,Lorelei,Ice,51,57.9,1,0.0,69.08,100.0,0,none,1,21.5,54.0,4,1
65,2,Bruno,Fighting,51,57.9,1,12.59,80.93,78.5,0,none,1,33.4,25.1,6,1
65,3,Agatha,Ghost,51,57.9,1,20.91,90.58,75.1,1,potion,1,17.0,47.7,6,1
65,4,Lance,Dragon,51,57.9,1,31.47,100.0,58.1,0,none,1,30.0,36.8,8,1
66,1,Lorelei,Ice,54,77.4,3,0.0,76.6,100.0,0,none,1,2.1,41.1,7,1
66,2,Bruno,Fighting,54,77.4,3,9.72,93.61,97.9,0,none,1,17.9,57.4,4,1
66,3,Agatha,Ghost,54,77.4,3,22.11,100.0,80.0,0,none,1,18.9,47.0,5,1
66,4,Lance,Dragon,54,77.4,3,32.47,100.0,61.1,0,none,1,39.0,45.8,9,1
67,1,Lorelei,Ice,45,51.4,6,0.0,71.86,100.0,0,none,1,24.2,45.5,3,1
67,2,Bruno,Fighting,45,51.4,6,11.08,84.15,75.8,0,none,1,15.5,47.0,8,1
67,3,Agatha,Ghost,45,51.4,6,26.59,95.93,60.3,0,none,1,17.8,29.7,10,1
67,4,Lance,Dragon,45,51.4,6,38.76,99.4,42.5,0,none,1,25.0,39.6,6,1
68,1,Lorelei,Ice,52,60.9,3,0.0,68.77,100.0,0,none,1,27.6,44.1,6,1
68,2,Bruno,Fighting,52,60.9,3,9.29,86.81,72.4,0,none,1,15.7,33.3,9,1
68,3,Agatha,Ghost,52,60.9,3,18.17,100.0,56.7,0,none,1,20.9,22.7,5,1
68,4,Lance,Dragon,52,60.9,3,23.49,100.0,75.8,1,revive,1,19.8,59.4,6,1
69,1,Lorelei,Ice,45,68.0,4,0.0,76.11,100.0,0,none,1,9.1,38.0,4,1
69,2,Bruno,Fighting,45,68.0,4,11.83,86.46,90.9,0,none,1,11.5,27.0,7,1
69,3,Agatha,Ghost,45,68.0,4,23.71,100.0,79.4,0,none,1,39.8,42.6,7,1
69,4,Lance,Dragon,45,68.0,4,34.36,100.0,39.6,0,none,1,45.0,50.2,12,1
70,1,Lorelei,Ice,68,67.7,2,0.0,97.83,100.0,0,none,1,24.2,49.3,4,1
70,2,Bruno,Fighting,68,67.7,2,7.22,100.0,75.8,0,none,1,33.8,41.4,4,1
70,3,Agatha,Ghost,68,67.7,2,17.76,100.0,42.0,0,none,1,39.6,49.9,5,1
70,4,Lance,Dragon,68,67.7,2,21.84,100.0,2.4,0,none,1,52.5,49.8,6,1
71,1,Lorelei,Ice,56,67.2,2,0.0,82.28,100.0,0,none,1,0.0,51.9,7,1
71,2,Bruno,Fighting,56,67.2,2,14.37,90.26,100.0,0,none,1,9.2,33.4,8,1
71,3,Agatha,Ghost,56,67.2,2,24.78,98.89,90.8,0,none,1,17.7,37.2,9,1
71,4,Lance,Dragon,56,67.2,2,31.3,100.0,73.1,0,none,1,27.2,37.5,6,1
72,1,Lorelei,Ice,71,62.4,2,0.0,63.11,100.0,0,none,1,28.5,47.2,3,1
72,2,Bruno,Fighting,71,62.4,2,8.94,85.0,71.5,0,none,1,22.5,43.2,4,1
72,3,Agatha,Ghost,71,62.4,2,17.45,100.0,49.0,0,none,1,25.6,51.3,8,1
72,4,Lance,Dragon,71,62.4,2,31.12,100.0,23.4,0,none,1,26.1,53.0,6,1
73,1,Lorelei,Ice,56,48.3,1,0.0,60.37,100.0,0,none,1,11.5,46.5,11,1
73,2,Bruno,Fighting,56,48.3,1,10.21,68.27,88.5,0,none,1,1.3,45.9,6,1
73,3,Agatha,Ghost,56,48.3,1,27.0,79.11,87.2,0,none,1,16.8,28.5,9,1
73,4,Lance,Dragon,56,48.3,1,33.53,93.59,70.4,0,none,1,34.1,32.7,5,1
74,1,Lorelei,Ice,68,62.9,5,0.0,60.49,100.0,0,none,1,22.1,46.2,7,1
74,2,Bruno,Fighting,68,62.9,5,8.97,67.03,77.9,0,none,1,32.2,36.0,11,1
74,3,Agatha,Ghost,68,62.9,5,18.93,79.74,45.7,0,none,1,38.8,37.6,5,1
74,4,Lance,Dragon,68,62.9,5,26.72,97.42,6.9,0,none,0,43.5,36.8,8,1
75,1,Lorelei,Ice,48,70.4,6,0.0,71.13,100.0,0,none,1,8.3,48.7,6,1
75,2,Bruno,Fighting,48,70.4,6,12.21,92.84,91.7,0,none,1,24.0,30.2,9,1
75,3,Agatha,Ghost,48,70.4,6,20.78,100.0,67.7,0,none,1,24.4,40.6,2,1
75,4,Lance,Dragon,48,70.4,6,28.6,100.0,43.3,0,none,1,20.8,46.2,9,1
76,1,Lorelei,Ice,68,73.6,3,0.0,66.79,100.0,0,none,1,9.8,50.0,7,1
76,2,Bruno,Fighting,68,73.6,3,4.86,75.86,90.2,0,none,1,17.3,55.2,9,1
76,3,Agatha,Ghost,68,73.6,3,13.49,93.95,72.9,0,none,1,29.2,50.3,6,1
76,4,Lance,Dragon,68,73.6,3,25.09,100.0,43.7,0,none,1,52.3,44.1,5,1
77,1,Lorelei,Ice,39,72.7,6,0.0,66.31,100.0,0,none,1,21.9,31.8,8,1
77,2,Bruno,Fighting,39,72.7,6,12.38,76.17,78.1,0,none,0,5.1,45.8,2,1
77,3,Agatha,Ghost,39,72.7,6,28.82,52.54,73.0,0,none,0,0.0,0.0,0,0
77,4,Lance,Dragon,39,72.7,6,28.82,52.54,73.0,0,none,0,0.0,0.0,0,0
78,1,Lorelei,Ice,46,70.3,3,0.0,76.48,100.0,0,none,1,22.5,48.1,9,1
78,2,Bruno,Fighting,46,70.3,3,10.27,91.87,77.5,0,none,1,9.8,37.1,7,1
78,3,Agatha,Ghost,46,70.3,3,18.69,100.0,67.7,0,none,1,32.7,48.3,8,1
78,4,Lance,Dragon,46,70.3,3,31.77,100.0,35.0,0,none,1,32.6,38.7,9,1
79,1,Lorelei,Ice,45,70.0,1,0.0,72.42,100.0,0,none,1,0.0,43.5,9,1
79,2,Bruno,Fighting,45,70.0,1,7.94,82.77,100.0,0,none,1,15.6,66.3,5,1
79,3,Agatha,Ghost,45,70.0,1,18.98,94.26,84.4,0,none,1,30.3,42.7,11,1
79,4,Lance,Dragon,45,70.0,1,23.61,100.0,54.1,0,none,1,20.1,58.9,7,1
80,1,Lorelei,Ice,68,45.9,6,0.0,67.7,100.0,0,none,1,16.6,27.6,7,1
80,2,Bruno,Fighting,68,45.9,6,6.15,80.19,83.4,0,none,1,3.2,50.8,4,1
80,3,Agatha,Ghost,68,45.9,6,23.16,95.37,80.2,0,none,1,23.1,46.0,5,1
80,4,Lance,Dragon,68,45.9,6,28.86,100.0,57.1,0,none,1,24.8,47.4,7,1
81,1,Lorelei,Ice,57,69.1,6,0.0,50.35,100.0,0,none,1,20.2,50.6,8,1
81,2,Bruno,Fighting,57,69.1,6,14.26,57.12,79.8,0,none,1,42.5,35.2,2,1
81,3,Agatha,Ghost,57,69.1,6,31.58,70.78,37.3,0,none,1,31.4,53.6,13,1
81,4,Lance,Dragon,57,69.1,6,36.54,89.09,5.9,0,none,1,25.6,42.4,11,1
82,1,Lorelei,Ice,48,66.3,1,0.0,51.65,100.0,0,none,1,17.2,31.7,8,1
82,2,Bruno,Fighting,48,66.3,1,12.4,60.69,82.8,0,none,1,18.5,32.9,2,1
82,3,Agatha,Ghost,48,66.3,1,22.49,75.56,64.3,0,none,1,28.2,55.7,6,1
82,4,Lance,Dragon,48,66.3,1,38.39,89.52,36.1,0,none,0,35.4,41.5,8,1
83,1,Lorelei,Ice,44,41.7,3,0.0,76.11,100.0,0,none,1,31.5,34.7,5,1
83,2,Bruno,Fighting,44,41.7,3,11.26,92.35,68.5,0,none,1,16.4,32.2,10,1
83,3,Agatha,Ghost,44,41.7,3,26.11,100.0,52.1,0,none,1,19.2,46.3,7,1
83,4,Lance,Dragon,44,41.7,3,37.49,100.0,32.9,0,none,0,31.3,38.3,13,1
84,1,Lorelei,Ice,57,71.1,2,0.0,63.78,100.0,1,potion,1,19.5,34.1,6,1
84,2,Bruno,Fighting,57,71.1,2,7.48,77.4,80.5,0,none,1,29.8,61.8,1,1
84,3,Agatha,Ghost,57,71.1,2,19.91,89.73,50.7,0,none,1,18.2,45.7,6,1
84,4,Lance,Dragon,57,71.1,2,30.26,100.0,32.5,0,none,1,32.9,50.7,4,1
85,1,Lorelei,Ice,53,44.1,3,0.0,52.96,100.0,0,none,1,23.4,33.2,6,1
85,2,Bruno,Fighting,53,44.1,3,4.8,68.16,76.6,1,x_attack,1,18.6,66.6,4,1
85,3,Agatha,Ghost,53,44.1,3,18.84,76.64,58.0,0,none,1,36.8,48.6,5,1
85,4,Lance,Dragon,53,44.1,3,25.36,87.03,21.2,1,x_attack,1,35.1,63.7,6,1
86,1,Lorelei,Ice,50,77.4,1,0.0,60.7,100.0,0,none,1,0.0,45.7,7,1
86,2,Bruno,Fighting,50,77.4,1,11.98,79.33,100.0,0,none,1,18.8,44.5,5,1
86,3,Agatha,Ghost,50,77.4,1,20.16,98.43,81.2,0,none,1,34.6,35.8,7,1
86,4,Lance,Dragon,50,77.4,1,32.35,100.0,46.6,1,x_attack,1,38.5,43.6,7,1
87,1,Lorelei,Ice,42,46.8,2,0.0,86.22,100.0,0,none,1,19.5,24.1,6,1
87,2,Bruno,Fighting,42,46.8,2,9.68,100.0,80.5,0,none,1,16.9,18.5,7,1
87,3,Agatha,Ghost,42,46.8,2,16.36,100.0,63.6,0,none,1,26.4,44.0,5,1
87,4,Lance,Dragon,42,46.8,2,18.7,100.0,37.2,0,none,1,29.5,36.6,7,1
88,1,Lorelei,Ice,61,63.1,6,0.0,82.1,100.0,0,none,1,6.4,28.6,5,1
88,2,Bruno,Fighting,61,63.1,6,8.93,93.53,93.6,0,none,1,18.6,61.9,3,1
88,3,Agatha,Ghost,61,63.1,6,16.96,100.0,75.0,0,none,1,33.6,41.7,6,1
88,4,Lance,Dragon,61,63.1,6,24.59,100.0,41.4,0,none,1,26.2,44.3,3,1
89,1,Lorelei,Ice,72,73.5,6,0.0,63.62,100.0,0,none,1,3.6,64.7,4,1
89,2,Bruno,Fighting,72,73.5,6,8.84,86.27,96.4,0,none,1,13.7,34.4,4,1
89,3,Agatha,Ghost,72,73.5,6,12.37,99.95,82.7,0,none,1,45.5,56.5,8,1
89,4,Lance,Dragon,72,73.5,6,19.49,100.0,37.2,0,none,1,31.7,47.5,5,1
90,1,Lorelei,Ice,42,84.8,4,0.0,41.99,100.0,0,none,0,16.3,29.0,6,1
90,2,Bruno,Fighting,42,84.8,4,22.27,20.79,83.7,0,none,0,0.0,0.0,0,0
90,3,Agatha,Ghost,42,84.8,4,22.27,20.79,83.7,0,none,0,0.0,0.0,0,0
90,4,Lance,Dragon,42,84.8,4,22.27,20.79,83.7,0,none,0,0.0,0.0,0,0
91,1,Lorelei,Ice,53,53.6,4,0.0,66.41,100.0,0,none,1,11.8,53.4,3,1
91,2,Bruno,Fighting,53,53.6,4,8.57,83.77,88.2,0,none,1,26.0,33.6,4,1
91,3,Agatha,Ghost,53,53.6,4,17.81,98.79,62.2,0,none,1,4.4,42.4,10,1
91,4,Lance,Dragon,53,53.6,4,28.73,100.0,57.8,0,none,1,42.1,48.1,5,1
92,1,Lorelei,Ice,54,82.8,4,0.0,75.75,100.0,0,none,1,4.6,32.5,6,1
92,2,Bruno,Fighting,54,82.8,4,15.19,94.25,95.4,0,none,1,6.4,47.5,4,1
92,3,Agatha,Ghost,54,82.8,4,29.83,100.0,89.0,0,none,1,26.7,32.4,15,1
92,4,Lance,Dragon,54,82.8,4,38.63,100.0,62.3,0,none,1,16.4,41.5,2,1
93,1,Lorelei,Ice,67,57.9,6,0.0,80.02,100.0,0,none,1,34.5,53.4,4,1
93,2,Bruno,Fighting,67,57.9,6,10.13,83.51,65.5,0,none,1,10.6,39.9,5,1
93,3,Agatha,Ghost,67,57.9,6,16.09,95.53,54.9,0,none,1,12.3,63.5,10,1
93,4,Lance,Dragon,67,57.9,6,29.73,100.0,82.6,1,revive,1,23.7,55.9,4,1
94,1,Lorelei,Ice,49,60.9,1,0.0,62.21,100.0,0,none,1,28.9,50.1,7,1
94,2,Bruno,Fighting,49,60.9,1,11.65,86.28,71.1,0,none,0,14.3,45.6,5,1
94,3,Agatha,Ghost,49,60.9,1,23.49,65.33,56.8,0,none,0,0.0,0.0,0,0
94,4,Lance,Dragon,49,60.9,1,23.49,65.33,56.8,0,none,0,0.0,0.0,0,0
95,1,Lorelei,Ice,46,41.9,4,0.0,57.81,100.0,0,none,1,20.4,37.4,3,1
95,2,Bruno,Fighting,46,41.9,4,8.11,70.94,79.6,0,none,1,20.8,25.6,10,1
95,3,Agatha,Ghost,46,41.9,4,13.38,95.44,58.8,0,none,1,24.0,13.9,8,1
95,4,Lance,Dragon,46,41.9,4,19.53,100.0,34.8,0,none,1,26.3,21.5,3,1
96,1,Lorelei,Ice,63,53.6,3,0.0,73.75,100.0,0,none,1,19.2,25.7,4,1
96,2,Bruno,Fighting,63,53.6,3,9.94,87.26,80.8,0,none,1,31.9,53.7,11,1
96,3,Agatha,Ghost,63,53.6,3,19.19,99.13,48.9,0,none,1,23.2,38.9,7,1
96,4,Lance,Dragon,63,53.6,3,27.38,100.0,25.7,0,none,1,39.8,42.2,9,1
97,1,Lorelei,Ice,66,48.3,6,0.0,76.44,100.0,0,none,1,29.0,45.7,10,1
97,2,Bruno,Fighting,66,48.3,6,2.25,89.44,71.0,0,none,1,26.3,53.9,8,1
97,3,Agatha,Ghost,66,48.3,6,8.41,100.0,44.7,0,none,1,26.6,33.7,1,1
97,4,Lance,Dragon,66,48.3,6,19.41,100.0,78.1,1,full_restore,1,29.3,57.7,6,1
98,1,Lorelei,Ice,65,60.5,2,0.0,57.61,100.0,0,none,1,9.5,45.1,16,1
98,2,Bruno,Fighting,65,60.5,2,11.77,73.57,90.5,0,none,1,24.5,39.9,4,1
98,3,Agatha,Ghost,65,60.5,2,20.43,88.82,66.0,0,none,0,20.5,36.0,11,1
98,4,Lance,Dragon,65,60.5,2,38.58,58.43,45.5,0,none,0,0.0,0.0,0,0
99,1,Lorelei,Ice,35,51.0,5,0.0,73.09,100.0,0,none,1,31.4,12.1,7,1
99,2,Bruno,Fighting,35,51.0,5,7.91,77.57,68.6,0,none,1,33.1,35.0,9,1
99,3,Agatha,Ghost,35,51.0,5,20.44,88.06,35.5,0,none,1,24.2,32.9,7,1
99,4,Lance,Dragon,35,51.0,5,27.14,93.36,11.3,0,none,1,33.2,30.2,7,1
100,1,Lorelei,Ice,45,57.1,6,0.0,70.16,100.0,0,none,1,7.0,41.2,4,1
100,2,Bruno,Fighting,45,57.1,6,10.82,83.82,93.0,0,none,1,13.0,40.1,5,1
100,3,Agatha,Ghost,45,57.1,6,20.07,100.0,80.0,0,none,1,28.1,43.7,7,1
100,4,Lance,Dragon,45,57.1,6,29.81,100.0,51.9,0,none,1,30.2,45.3,7,1
101,1,Lorelei,Ice,51,52.2,2,0.0,65.71,100.0,0,none,1,20.2,40.4,7,1
101,2,Bruno,Fighting,51,52.2,2,4.26,81.65,79.8,0,none,1,31.9,32.3,5,1
101,3,Agatha,Ghost,51,52.2,2,15.89,94.08,47.9,0,none,1,17.2,34.9,5,1
101,4,Lance,Dragon,51,52.2,2,24.05,100.0,70.7,1,revive,1,50.4,44.9,7,1
102,1,Lorelei,Ice,51,38.0,4,0.0,74.44,100.0,0,none,1,14.2,29.6,3,1
102,2,Bruno,Fighting,51,38.0,4,5.79,89.96,85.8,0,none,1,16.1,30.0,4,1
102,3,Agatha,Ghost,51,38.0,4,13.46,100.0,69.7,0,none,1,15.5,42.9,5,1
102,4,Lance,Dragon,51,38.0,4,25.71,100.0,54.2,0,none,1,42.3,41.9,8,1
103,1,Lorelei,Ice,53,62.0,6,0.0,69.84,100.0,0,none,1,9.5,41.4,5,1
103,2,Bruno,Fighting,53,62.0,6,8.71,78.04,90.5,0,none,1,34.2,54.8,7,1
103,3,Agatha,Ghost,53,62.0,6,19.67,88.54,56.3,0,none,1,22.6,45.1,6,1
103,4,Lance,Dragon,53,62.0,6,31.54,97.17,73.7,1,revive,1,26.7,37.2,4,1
104,1,Lorelei,Ice,53,43.3,3,0.0,50.42,100.0,0,none,1,24.9,33.9,6,1
104,2,Bruno,Fighting,53,43.3,3,11.52,52.99,75.1,0,none,1,23.4,54.4,8,1
104,3,Agatha,Ghost,53,43.3,3,21.4,73.32,51.7,0,none,0,29.6,48.9,9,1
104,4,Lance,Dragon,53,43.3,3,33.83,57.67,22.1,0,none,0,0.0,0.0,0,0
105,1,Lorelei,Ice,53,54.7,5,0.0,62.24,100.0,0,none,1,29.4,31.5,6,1
105,2,Bruno,Fighting,53,54.7,5,13.35,82.41,70.6,0,none,1,38.0,31.9,4,1
105,3,Agatha,Ghost,53,54.7,5,28.58,96.12,32.6,0,none,0,28.2,62.4,4,1
105,4,Lance,Dragon,53,54.7,5,38.08,69.72,4.4,0,none,0,0.0,0.0,0,0
106,1,Lorelei,Ice,55,68.4,2,0.0,69.54,100.0,0,none,1,32.3,48.5,7,1
106,2,Bruno,Fighting,55,68.4,2,13.0,75.91,67.7,0,none,1,22.6,42.5,3,1
106,3,Agatha,Ghost,55,68.4,2,25.22,97.35,45.1,0,none,1,13.7,53.3,9,1
106,4,Lance,Dragon,55,68.4,2,27.81,100.0,31.4,0,none,1,38.7,60.5,8,1
107,1,Lorelei,Ice,53,57.4,4,0.0,70.46,100.0,0,none,1,19.9,51.1,4,1
107,2,Bruno,Fighting,53,57.4,4,10.38,89.14,80.1,0,none,1,19.0,45.6,9,1
107,3,Agatha,Ghost,53,57.4,4,23.92,100.0,61.1,0,none,1,36.7,38.7,4,1
107,4,Lance,Dragon,53,57.4,4,31.16,100.0,24.4,0,none,0,16.6,40.1,1,1
108,1,Lorelei,Ice,65,47.4,2,0.0,63.98,100.0,0,none,1,27.6,58.0,5,1
108,2,Bruno,Fighting,65,47.4,2,12.83,78.51,72.4,0,none,1,2.2,41.7,10,1
108,3,Agatha,Ghost,65,47.4,2,29.92,99.02,70.2,0,none,1,30.9,51.4,4,1
108,4,Lance,Dragon,65,47.4,2,41.94,100.0,39.3,0,none,0,36.8,63.3,9,1
109,1,Lorelei,Ice,63,77.6,6,0.0,68.78,100.0,0,none,1,13.7,33.9,9,1
109,2,Bruno,Fighting,63,77.6,6,11.31,89.86,86.3,0,none,1,18.6,37.0,4,1
109,3,Agatha,Ghost,63,77.6,6,25.32,99.58,67.7,0,none,1,16.4,48.3,4,1
109,4,Lance,Dragon,63,77.6,6,37.09,100.0,51.3,0,none,1,22.3,41.3,5,1
110,1,Lorelei,Ice,51,63.8,2,0.0,57.44,100.0,0,none,1,16.9,45.5,11,1
110,2,Bruno,Fighting,51,63.8,2,15.2,68.71,83.1,0,none,0,17.6,34.4,6,1
110,3,Agatha,Ghost,51,63.8,2,31.1,38.92,65.5,0,none,0,0.0,0.0,0,0
110,4,Lance,Dragon,51,63.8,2,31.1,38.92,65.5,0,none,0,0.0,0.0,0,0
111,1,Lorelei,Ice,52,44.8,4,0.0,75.37,100.0,0,none,1,20.4,58.8,8,1
111,2,Bruno,Fighting,52,44.8,4,16.87,87.64,79.6,0,none,1,26.4,41.8,6,1
111,3,Agatha,Ghost,52,44.8,4,30.01,100.0,53.2,0,none,0,22.8,37.0,8,1
111,4,Lance,Dragon,52,44.8,4,44.69,76.8,30.4,0,none,0,0.0,0.0,0,0
112,1,Lorelei,Ice,61,86.8,4,0.0,47.91,100.0,0,none,1,25.0,51.4,5,1
112,2,Bruno,Fighting,61,86.8,4,7.21,67.29,75.0,0,none,1,0.7,39.8,6,1
112,3,Agatha,Ghost,61,86.8,4,18.27,84.08,74.3,0,none,1,1.2,49.0,8,1
112,4,Lance,Dragon,61,86.8,4,25.74,98.68,73.1,0,none,1,33.7,43.5,11,1
113,1,Lorelei,Ice,60,69.7,4,0.0,83.48,100.0,0,none,1,15.8,45.7,7,1
113,2,Bruno,Fighting,60,69.7,4,8.07,100.0,84.2,0,none,1,22.5,23.9,2,1
113,3,Agatha,Ghost,60,69.7,4,17.34,100.0,61.7,0,none,1,19.3,43.9,9,1
113,4,Lance,Dragon,60,69.7,4,25.33,100.0,42.4,0,none,1,23.3,53.2,12,1
114,1,Lorelei,Ice,60,45.9,2,0.0,61.3,100.0,0,none,1,10.5,33.3,8,1
114,2,Bruno,Fighting,60,45.9,2,9.85,85.46,89.5,0,none,1,22.5,27.2,9,1
114,3,Agatha,Ghost,60,45.9,2,21.54,98.46,67.0,0,none,1,36.3,51.4,9,1
114,4,Lance,Dragon,60,45.9,2,34.51,100.0,30.7,0,none,0,26.9,35.3,4,1
115,1,Lorelei,Ice,63,38.2,2,0.0,69.83,100.0,0,none,1,17.8,49.7,2,1
115,2,Bruno,Fighting,63,38.2,2,6.42,83.84,82.2,0,none,1,2.4,23.6,9,1
115,3,Agatha,Ghost,63,38.2,2,9.9,100.0,79.8,0,none,1,34.3,41.3,6,1
115,4,Lance,Dragon,63,38.2,2,21.42,100.0,45.5,0,none,1,37.7,51.6,7,1
116,1,Lorelei,Ice,57,37.9,2,0.0,73.27,100.0,0,none,1,7.3,42.8,8,1
116,2,Bruno,Fighting,57,37.9,2,12.87,80.68,92.7,0,none,1,17.8,34.5,8,1
116,3,Agatha,Ghost,57,37.9,2,22.89,90.78,74.9,0,none,1,28.5,45.0,4,1
116,4,Lance,Dragon,57,37.9,2,28.02,100.0,46.4,0,none,0,26.3,44.5,4,1
117,1,Lorelei,Ice,50,51.0,5,0.0,55.23,100.0,0,none,1,14.9,27.6,6,1
117,2,Bruno,Fighting,50,51.0,5,9.92,66.71,85.1,0,none,1,27.0,36.9,2,1
117,3,Agatha,Ghost,50,51.0,5,21.0,81.08,100.0,1,full_restore,1,29.4,30.5,5,1
117,4,Lance,Dragon,50,51.0,5,28.51,91.99,70.6,0,none,1,42.5,44.9,13,1
118,1,Lorelei,Ice,53,66.6,3,0.0,74.23,100.0,0,none,1,16.5,31.0,9,1
118,2,Bruno,Fighting,53,66.6,3,11.34,82.23,83.5,0,none,1,45.0,42.9,5,1
118,3,Agatha,Ghost,53,66.6,3,17.73,100.0,38.5,0,none,1,19.5,59.1,9,1
118,4,Lance,Dragon,53,66.6,3,29.68,100.0,19.0,0,none,1,19.0,27.0,6,1
119,1,Lorelei,Ice,66,59.0,6,0.0,77.35,100.0,0,none,1,17.3,34.4,2,1
119,2,Bruno,Fighting,66,59.0,6,10.58,95.97,82.7,0,none,1,21.8,26.1,7,1
119,3,Agatha,Ghost,66,59.0,6,21.15,100.0,100.0,1,full_restore,1,14.1,36.8,7,1
119,4,Lance,Dragon,66,59.0,6,32.38,100.0,85.9,0,none,1,45.3,54.6,6,1
120,1,Lorelei,Ice,68,60.6,2,0.0,74.33,100.0,0,none,1,8.4,47.5,6,1
120,2,Bruno,Fighting,68,60.6,2,5.47,83.12,91.6,0,none,1,25.9,50.5,11,1
120,3,Agatha,Ghost,68,60.6,2,11.26,100.0,65.7,0,none,1,26.8,44.8,1,1
120,4,Lance,Dragon,68,60.6,2,20.59,100.0,38.9,0,none,1,35.4,43.6,13,1
121,1,Lorelei,Ice,49,63.6,2,0.0,43.51,100.0,0,none,0,11.4,47.5,5,1
121,2,Bruno,Fighting,49,63.6,2,15.85,29.75,88.6,0,none,0,0.0,0.0,0,0
121,3,Agatha,Ghost,49,63.6,2,15.85,29.75,88.6,0,none,0,0.0,0.0,0,0
121,4,Lance,Dragon,49,63.6,2,15.85,29.75,88.6,0,none,0,0.0,0.0,0,0
122,1,Lorelei,Ice,58,59.8,6,0.0,61.16,100.0,1,potion,1,26.3,43.3,4,1
122,2,Bruno,Fighting,58,59.8,6,3.58,82.5,73.7,0,none,1,21.6,68.5,5,1
122,3,Agatha,Ghost,58,59.8,6,11.51,100.0,52.1,1,x_attack,1,36.7,43.1,6,1
122,4,Lance,Dragon,58,59.8,6,23.81,100.0,15.4,1,x_attack,1,25.3,55.0,12,1
123,1,Lorelei,Ice,61,59.2,6,0.0,71.63,100.0,0,none,1,11.7,54.1,13,1
123,2,Bruno,Fighting,61,59.2,6,8.99,84.34,88.3,0,none,1,25.1,42.4,5,1
123,3,Agatha,Ghost,61,59.2,6,20.79,95.25,63.2,0,none,1,4.2,41.6,4,1
123,4,Lance,Dragon,61,59.2,6,30.9,100.0,59.0,0,none,1,28.0,54.2,8,1
124,1,Lorelei,Ice,65,73.6,5,0.0,87.83,100.0,0,none,1,33.9,38.2,4,1
124,2,Bruno,Fighting,65,73.6,5,16.09,97.84,66.1,0,none,1,31.3,44.0,7,1
124,3,Agatha,Ghost,65,73.6,5,24.33,100.0,34.8,0,none,1,27.6,57.5,11,1
124,4,Lance,Dragon,65,73.6,5,32.62,100.0,7.2,0,none,1,28.1,51.8,5,1
125,1,Lorelei,Ice,52,62.8,1,0.0,74.39,100.0,0,none,1,17.0,41.1,4,1
125,2,Bruno,Fighting,52,62.8,1,14.45,90.42,83.0,0,none,1,16.3,48.8,6,1
125,3,Agatha,Ghost,52,62.8,1,24.04,100.0,66.7,0,none,1,34.4,47.4,9,1
125,4,Lance,Dragon,52,62.8,1,33.42,100.0,32.3,1,x_attack,0,32.8,32.7,6,1
126,1,Lorelei,Ice,61,45.8,3,0.0,80.87,100.0,0,none,1,8.4,46.6,4,1
126,2,Bruno,Fighting,61,45.8,3,10.51,94.63,91.6,0,none,1,11.7,30.7,9,1
126,3,Agatha,Ghost,61,45.8,3,18.86,100.0,79.9,0,none,1,20.4,42.7,7,1
126,4,Lance,Dragon,61,45.8,3,30.62,100.0,59.5,0,none,0,40.0,47.3,7,1
127,1,Lorelei,Ice,49,33.2,2,0.0,77.72,100.0,0,none,1,26.6,41.5,10,1
127,2,Bruno,Fighting,49,33.2,2,11.9,86.05,73.4,0,none,1,9.8,40.0,4,1
127,3,Agatha,Ghost,49,33.2,2,22.99,100.0,100.0,1,full_restore,0,36.6,32.7,9,1
127,4,Lance,Dragon,49,33.2,2,35.05,82.39,63.4,0,none,0,0.0,0.0,0,0
128,1,Lorelei,Ice,54,63.0,5,0.0,60.82,100.0,0,none,1,4.7,45.7,12,1
128,2,Bruno,Fighting,54,63.0,5,14.64,74.01,95.3,0,none,1,29.7,32.1,7,1
128,3,Agatha,Ghost,54,63.0,5,24.49,97.28,65.6,0,none,1,29.0,52.4,6,1
128,4,Lance,Dragon,54,63.0,5,32.31,100.0,36.6,0,none,1,29.0,29.6,8,1
129,1,Lorelei,Ice,58,60.2,1,0.0,58.9,100.0,0,none,1,8.4,24.7,15,1
129,2,Bruno,Fighting,58,60.2,1,10.06,76.66,91.6,0,none,1,39.7,45.9,8,1
129,3,Agatha,Ghost,58,60.2,1,19.5,95.03,51.9,0,none,1,23.8,53.0,10,1
129,4,Lance,Dragon,58,60.2,1,28.07,100.0,28.1,0,none,0,29.6,48.0,7,1
130,1,Lorelei,Ice,43,49.8,3,0.0,71.33,100.0,0,none,1,13.3,37.4,7,1
130,2,Bruno,Fighting,43,49.8,3,7.99,90.93,86.7,0,none,1,15.4,45.6,6,1
130,3,Agatha,Ghost,43,49.8,3,16.48,100.0,71.3,0,none,1,41.5,51.1,4,1
130,4,Lance,Dragon,43,49.8,3,31.97,100.0,29.8,0,none,1,48.6,36.9,8,1
131,1,Lorelei,Ice,50,73.8,2,0.0,81.32,100.0,0,none,1,4.0,37.0,5,1
131,2,Bruno,Fighting,50,73.8,2,4.44,100.0,96.0,0,none,1,16.2,52.8,9,1
131,3,Agatha,Ghost,50,73.8,2,9.52,100.0,79.8,0,none,1,12.7,46.0,5,1
131,4,Lance,Dragon,50,73.8,2,19.42,100.0,67.1,0,none,0,43.0,39.2,7,1
132,1,Lorelei,Ice,56,69.8,6,0.0,73.41,100.0,0,none,1,34.5,43.0,2,1
132,2,Bruno,Fighting,56,69.8,6,8.48,93.32,65.5,0,none,1,11.8,24.6,7,1
132,3,Agatha,Ghost,56,69.8,6,19.63,100.0,53.7,0,none,1,25.1,43.4,9,1
132,4,Lance,Dragon,56,69.8,6,28.4,100.0,28.6,0,none,1,32.0,33.1,7,1
133,1,Lorelei,Ice,60,54.4,4,0.0,70.39,100.0,0,none,1,6.8,44.5,2,1
133,2,Bruno,Fighting,60,54.4,4,13.28,86.82,93.2,0,none,1,14.8,36.4,7,1
133,3,Agatha,Ghost,60,54.4,4,25.47,100.0,78.4,0,none,1,22.6,43.2,5,1
133,4,Lance,Dragon,60,54.4,4,38.38,100.0,55.8,0,none,1,36.5,37.7,7,1
134,1,Lorelei,Ice,55,64.5,4,0.0,75.92,100.0,0,none,1,27.6,56.9,15,1
134,2,Bruno,Fighting,55,64.5,4,6.49,91.29,72.4,0,none,1,24.5,40.8,4,1
134,3,Agatha,Ghost,55,64.5,4,18.42,100.0,47.9,0,none,1,18.2,53.9,7,1
134,4,Lance,Dragon,55,64.5,4,25.7,100.0,29.7,0,none,1,19.5,37.6,9,1
135,1,Lorelei,Ice,56,38.7,4,0.0,85.29,100.0,0,none,1,16.2,42.8,6,1
135,2,Bruno,Fighting,56,38.7,4,2.45,100.0,83.8,0,none,1,24.7,36.3,5,1
135,3,Agatha,Ghost,56,38.7,4,14.65,100.0,59.1,0,none,0,36.8,45.3,11,1
135,4,Lance,Dragon,56,38.7,4,29.18,79.03,22.3,0,none,0,0.0,0.0,0,0
136,1,Lorelei,Ice,63,76.8,4,0.0,66.14,100.0,0,none,1,20.6,41.9,8,1
136,2,Bruno,Fighting,63,76.8,4,4.35,77.95,79.4,0,none,1,24.2,43.5,5,1
136,3,Agatha,Ghost,63,76.8,4,11.54,91.43,55.2,0,none,1,30.4,51.6,7,1
136,4,Lance,Dragon,63,76.8,4,23.31,99.69,64.8,1,revive,1,42.4,45.7,9,1
137,1,Lorelei,Ice,61,47.5,3,0.0,51.62,100.0,0,none,1,16.6,54.6,7,1
137,2,Bruno,Fighting,61,47.5,3,9.54,68.71,83.4,0,none,1,15.7,36.0,8,1
137,3,Agatha,Ghost,61,47.5,3,23.49,85.68,67.7,0,none,0,21.9,34.8,8,1
137,4,Lance,Dragon,61,47.5,3,37.62,73.25,45.8,0,none,0,0.0,0.0,0,0
138,1,Lorelei,Ice,53,54.3,6,0.0,77.28,100.0,0,none,1,11.7,36.7,5,1
138,2,Bruno,Fighting,53,54.3,6,9.71,92.21,88.3,0,none,1,12.9,40.7,6,1
138,3,Agatha,Ghost,53,54.3,6,19.31,100.0,75.4,0,none,1,12.7,34.5,6,1
138,4,Lance,Dragon,53,54.3,6,28.23,100.0,62.7,0,none,1,27.7,37.2,10,1
139,1,Lorelei,Ice,50,49.4,6,0.0,81.22,100.0,0,none,1,10.7,29.3,4,1
139,2,Bruno,Fighting,50,49.4,6,15.52,90.95,89.3,0,none,1,24.4,44.7,5,1
139,3,Agatha,Ghost,50,49.4,6,19.05,100.0,64.9,0,none,1,20.7,34.0,10,1
139,4,Lance,Dragon,50,49.4,6,29.88,100.0,44.2,0,none,0,49.5,50.8,10,1
140,1,Lorelei,Ice,51,66.9,6,0.0,51.61,100.0,0,none,1,11.8,51.5,3,1
140,2,Bruno,Fighting,51,66.9,6,10.18,71.52,88.2,0,none,1,24.6,52.3,5,1
140,3,Agatha,Ghost,51,66.9,6,17.76,94.67,63.6,0,none,1,31.7,57.7,10,1
140,4,Lance,Dragon,51,66.9,6,29.91,100.0,31.9,0,none,1,29.7,44.0,7,1
141,1,Lorelei,Ice,44,81.3,4,0.0,69.77,100.0,0,none,1,12.7,44.1,8,1
141,2,Bruno,Fighting,44,81.3,4,6.74,74.53,87.3,0,none,1,5.5,38.7,7,1
141,3,Agatha,Ghost,44,81.3,4,21.42,90.32,81.8,0,none,0,35.4,55.3,5,1
141,4,Lance,Dragon,44,81.3,4,34.7,72.06,46.4,0,none,0,0.0,0.0,0,0
142,1,Lorelei,Ice,48,72.6,3,0.0,66.88,100.0,0,none,1,22.0,38.8,4,1
142,2,Bruno,Fighting,48,72.6,3,15.02,80.18,78.0,0,none,1,18.7,44.7,4,1
142,3,Agatha,Ghost,48,72.6,3,27.6,94.33,59.3,0,none,1,18.8,24.8,5,1
142,4,Lance,Dragon,48,72.6,3,38.93,100.0,70.5,1,potion,1,33.1,44.0,2,1
143,1,Lorelei,Ice,56,67.9,1,0.0,81.45,100.0,0,none,1,2.1,31.8,12,1
143,2,Bruno,Fighting,56,67.9,1,10.02,93.72,97.9,0,none,1,8.5,26.8,5,1
143,3,Agatha,Ghost,56,67.9,1,23.69,100.0,89.4,0,none,1,38.1,51.3,3,1
143,4,Lance,Dragon,56,67.9,1,27.41,100.0,51.3,0,none,0,16.8,47.5,9,1
144,1,Lorelei,Ice,54,52.9,1,0.0,78.98,100.0,0,none,1,22.8,44.1,5,1
144,2,Bruno,Fighting,54,52.9,1,8.8,98.47,77.2,0,none,1,21.0,38.0,5,1
144,3,Agatha,Ghost,54,52.9,1,13.45,100.0,56.2,0,none,1,41.8,29.9,8,1
144,4,Lance,Dragon,54,52.9,1,25.81,100.0,14.4,0,none,1,37.8,29.6,8,1
145,1,Lorelei,Ice,63,54.1,6,0.0,50.58,100.0,0,none,1,28.2,26.7,5,1
145,2,Bruno,Fighting,63,54.1,6,8.6,51.99,71.8,0,none,1,34.5,32.3,7,1
145,3,Agatha,Ghost,63,54.1,6,17.6,65.52,37.3,0,none,1,22.8,41.3,8,1
145,4,Lance,Dragon,63,54.1,6,25.35,77.0,74.5,1,full_restore,1,40.7,50.7,5,1
146,1,Lorelei,Ice,52,62.5,1,0.0,80.57,100.0,0,none,1,19.4,30.9,9,1
146,2,Bruno,Fighting,52,62.5,1,9.1,95.83,80.6,0,none,1,0.0,30.6,3,1
146,3,Agatha,Ghost,52,62.5,1,12.19,100.0,80.6,0,none,1,14.1,68.6,2,1
146,4,Lance,Dragon,52,62.5,1,24.06,100.0,66.5,0,none,1,16.8,31.4,6,1
147,1,Lorelei,Ice,54,64.5,3,0.0,78.01,100.0,0,none,1,0.0,58.0,6,1
147,2,Bruno,Fighting,54,64.5,3,12.74,93.52,100.0,0,none,1,19.0,39.6,3,1
147,3,Agatha,Ghost,54,64.5,3,21.78,100.0,81.0,0,none,1,30.7,46.3,9,1
147,4,Lance,Dragon,54,64.5,3,32.58,100.0,50.3,0,none,1,39.2,46.0,6,1
148,1,Lorelei,Ice,51,20.0,6,0.0,68.65,100.0,0,none,0,17.7,48.0,3,1
148,2,Bruno,Fighting,51,20.0,6,8.86,51.05,82.3,0,none,0,0.0,0.0,0,0
148,3,Agatha,Ghost,51,20.0,6,8.86,51.05,82.3,0,none,0,0.0,0.0,0,0
148,4,Lance,Dragon,51,20.0,6,8.86,51.05,82.3,0,none,0,0.0,0.0,0,0
149,1,Lorelei,Ice,73,42.7,6,0.0,77.13,100.0,0,none,1,24.4,55.2,7,1
149,2,Bruno,Fighting,73,42.7,6,13.23,82.95,75.6,0,none,1,18.5,53.0,8,1
149,3,Agatha,Ghost,73,42.7,6,22.02,94.25,57.1,0,none,1,28.5,35.1,6,1
149,4,Lance,Dragon,73,42.7,6,31.54,100.0,68.6,1,revive,1,21.8,59.2,7,1
150,1,Lorelei,Ice,55,84.3,6,0.0,81.73,100.0,0,none,1,25.8,51.0,10,1
150,2,Bruno,Fighting,55,84.3,6,11.17,98.26,74.2,0,none,0,27.6,41.9,5,1
150,3,Agatha,Ghost,55,84.3,6,28.82,74.4,46.6,0,none,0,0.0,0.0,0,0
150,4,Lance,Dragon,55,84.3,6,28.82,74.4,46.6,0,none,0,0.0,0.0,0,0
151,1,Lorelei,Ice,52,42.8,6,0.0,78.89,100.0,0,none,0,23.9,49.3,6,1
151,2,Bruno,Fighting,52,42.8,6,12.81,56.26,76.1,0,none,0,0.0,0.0,0,0
151,3,Agatha,Ghost,52,42.8,6,12.81,56.26,76.1,0,none,0,0.0,0.0,0,0
151,4,Lance,Dragon,52,42.8,6,12.81,56.26,76.1,0,none,0,0.0,0.0,0,0
152,1,Lorelei,Ice,53,54.4,1,0.0,76.45,100.0,0,none,1,15.3,28.2,6,1
152,2,Bruno,Fighting,53,54.4,1,13.55,96.71,84.7,0,none,1,25.6,46.4,5,1
152,3,Agatha,Ghost,53,54.4,1,23.04,100.0,59.1,0,none,1,18.8,51.5,5,1
152,4,Lance,Dragon,53,54.4,1,32.89,100.0,40.3,0,none,0,38.2,33.5,7,1
153,1,Lorelei,Ice,41,65.5,1,0.0,70.19,100.0,0,none,1,15.2,34.5,4,1
153,2,Bruno,Fighting,41,65.5,1,12.13,83.79,84.8,0,none,1,42.2,25.1,11,1
153,3,Agatha,Ghost,41,65.5,1,22.79,93.48,42.6,0,none,0,27.8,37.2,5,1
153,4,Lance,Dragon,41,65.5,1,42.44,64.91,14.8,0,none,0,0.0,0.0,0,0
154,1,Lorelei,Ice,45,48.6,4,0.0,84.52,100.0,0,none,1,2.3,54.1,4,1
154,2,Bruno,Fighting,45,48.6,4,14.25,100.0,97.7,0,none,1,7.2,38.7,1,1
154,3,Agatha,Ghost,45,48.6,4,26.96,100.0,100.0,1,potion,1,36.4,47.3,5,1
154,4,Lance,Dragon,45,48.6,4,40.33,100.0,63.6,0,none,1,20.3,49.8,9,1
155,1,Lorelei,Ice,57,65.7,5,0.0,64.69,100.0,0,none,1,17.8,44.1,6,1
155,2,Bruno,Fighting,57,65.7,5,10.31,77.34,82.2,0,none,1,34.5,52.2,9,1
155,3,Agatha,Ghost,57,65.7,5,19.79,94.56,47.7,0,none,1,35.4,43.3,8,1
155,4,Lance,Dragon,57,65.7,5,31.36,100.0,72.3,1,full_restore,1,29.2,60.5,7,1
156,1,Lorelei,Ice,48,76.8,2,0.0,85.07,100.0,1,full_restore,1,32.9,53.8,9,1
156,2,Bruno,Fighting,48,76.8,2,14.25,99.69,67.1,0,none,1,13.2,34.5,5,1
156,3,Agatha,Ghost,48,76.8,2,27.24,100.0,53.9,0,none,1,39.9,48.2,3,1
156,4,Lance,Dragon,48,76.8,2,37.83,100.0,74.0,1,full_restore,1,17.5,66.0,6,1
157,1,Lorelei,Ice,51,62.3,4,0.0,63.44,100.0,0,none,1,13.3,42.7,2,1
157,2,Bruno,Fighting,51,62.3,4,4.19,75.97,86.7,0,none,1,37.0,41.7,5,1
157,3,Agatha,Ghost,51,62.3,4,17.67,82.64,49.7,0,none,1,31.9,48.5,10,1
157,4,Lance,Dragon,51,62.3,4,26.65,95.32,17.8,0,none,1,17.1,45.2,9,1
158,1,Lorelei,Ice,52,46.4,4,0.0,68.25,100.0,0,none,1,21.0,45.6,6,1
158,2,Bruno,Fighting,52,46.4,4,7.94,91.39,79.0,0,none,1,18.2,30.5,6,1
158,3,Agatha,Ghost,52,46.4,4,14.01,100.0,60.8,0,none,1,16.2,12.1,6,1
158,4,Lance,Dragon,52,46.4,4,30.39,100.0,44.6,0,none,1,28.0,49.0,3,1
159,1,Lorelei,Ice,64,67.5,6,0.0,63.97,100.0,0,none,1,26.0,54.2,7,1
159,2,Bruno,Fighting,64,67.5,6,12.65,83.39,74.0,0,none,1,17.3,44.2,2,1
159,3,Agatha,Ghost,64,67.5,6,26.03,94.6,56.7,0,none,1,23.6,52.2,9,1
159,4,Lance,Dragon,64,67.5,6,36.66,100.0,33.1,0,none,1,13.4,47.3,12,1
160,1,Lorelei,Ice,54,70.5,2,0.0,72.34,100.0,0,none,1,0.8,46.9,8,1
160,2,Bruno,Fighting,54,70.5,2,7.41,89.03,99.2,0,none,1,18.2,34.8,7,1
160,3,Agatha,Ghost,54,70.5,2,17.95,100.0,81.0,0,none,1,5.3,37.3,10,1
160,4,Lance,Dragon,54,70.5,2,24.7,100.0,75.7,0,none,1,23.5,28.0,9,1
161,1,Lorelei,Ice,50,66.5,2,0.0,89.94,100.0,0,none,1,27.8,42.9,11,1
161,2,Bruno,Fighting,50,66.5,2,9.91,97.77,72.2,0,none,1,17.4,19.2,5,1
161,3,Agatha,Ghost,50,66.5,2,18.34,100.0,54.8,0,none,0,40.5,51.9,7,1
161,4,Lance,Dragon,50,66.5,2,35.01,88.15,14.3,0,none,0,0.0,0.0,0,0
162,1,Lorelei,Ice,47,51.0,5,0.0,88.44,100.0,0,none,1,24.9,34.5,8,1
162,2,Bruno,Fighting,47,51.0,5,10.14,100.0,75.1,0,none,1,31.2,33.8,3,1
162,3,Agatha,Ghost,47,51.0,5,22.58,100.0,43.9,0,none,1,27.0,28.4,5,1
162,4,Lance,Dragon,47,51.0,5,33.77,100.0,16.9,0,none,0,25.7,42.7,4,1
163,1,Lorelei,Ice,48,45.1,2,0.0,67.69,100.0,0,none,1,2.5,27.1,10,1
163,2,Bruno,Fighting,48,45.1,2,12.57,88.04,97.5,0,none,1,4.9,42.7,5,1
163,3,Agatha,Ghost,48,45.1,2,21.15,95.32,92.6,0,none,1,38.2,34.9,5,1
163,4,Lance,Dragon,48,45.1,2,26.36,100.0,54.4,0,none,1,41.9,59.0,5,1
164,1,Lorelei,Ice,65,55.2,1,0.0,78.7,100.0,0,none,1,25.3,61.9,4,1
164,2,Bruno,Fighting,65,55.2,1,10.46,94.18,74.7,0,none,1,24.4,44.0,3,1
164,3,Agatha,Ghost,65,55.2,1,20.93,100.0,50.3,0,none,1,29.2,33.0,6,1
164,4,Lance,Dragon,65,55.2,1,30.47,100.0,21.1,0,none,1,24.5,48.9,15,1
165,1,Lorelei,Ice,51,74.7,6,0.0,77.85,100.0,0,none,1,8.2,35.9,2,1
165,2,Bruno,Fighting,51,74.7,6,12.11,94.42,91.8,0,none,1,15.3,50.4,2,1
165,3,Agatha,Ghost,51,74.7,6,17.11,100.0,100.0,1,revive,1,35.7,49.6,4,1
165,4,Lance,Dragon,51,74.7,6,28.91,100.0,64.3,0,none,1,21.8,38.2,4,1
166,1,Lorelei,Ice,66,57.8,1,0.0,71.45,100.0,0,none,1,11.9,41.4,11,1
166,2,Bruno,Fighting,66,57.8,1,10.46,94.94,88.1,0,none,1,15.5,44.4,4,1
166,3,Agatha,Ghost,66,57.8,1,22.65,100.0,72.6,0,none,0,31.3,12.8,6,1
166,4,Lance,Dragon,66,57.8,1,36.95,69.95,41.3,0,none,0,0.0,0.0,0,0
167,1,Lorelei,Ice,56,55.6,3,0.0,53.53,100.0,0,none,1,10.2,35.7,1,1
167,2,Bruno,Fighting,56,55.6,3,9.69,73.55,89.8,0,none,1,19.3,60.7,8,1
167,3,Agatha,Ghost,56,55.6,3,20.98,79.12,70.5,0,none,1,30.2,46.8,9,1
167,4,Lance,Dragon,56,55.6,3,30.09,90.91,40.3,0,none,0,36.9,53.6,9,1
168,1,Lorelei,Ice,52,77.9,4,0.0,62.11,100.0,0,none,1,19.2,57.5,8,1
168,2,Bruno,Fighting,52,77.9,4,11.53,72.06,80.8,0,none,1,23.3,49.8,9,1
168,3,Agatha,Ghost,52,77.9,4,16.44,85.06,57.5,0,none,1,26.5,75.7,11,1
168,4,Lance,Dragon,52,77.9,4,26.5,100.0,31.0,0,none,1,21.3,39.2,7,1
169,1,Lorelei,Ice,66,53.0,4,0.0,45.28,100.0,0,none,1,10.6,43.8,6,1
169,2,Bruno,Fighting,66,53.0,4,13.22,64.26,89.4,0,none,1,31.2,34.4,7,1
169,3,Agatha,Ghost,66,53.0,4,18.9,75.67,58.2,0,none,1,13.5,42.1,5,1
169,4,Lance,Dragon,66,53.0,4,25.09,84.75,44.7,0,none,1,51.1,44.4,3,1
170,1,Lorelei,Ice,42,66.6,3,0.0,66.83,100.0,0,none,1,0.0,36.8,4,1
170,2,Bruno,Fighting,42,66.6,3,8.64,83.51,100.0,0,none,1,13.8,45.3,11,1
170,3,Agatha,Ghost,42,66.6,3,14.64,99.8,86.2,0,none,1,28.6,51.6,2,1
170,4,Lance,Dragon,42,66.6,3,19.28,100.0,57.6,0,none,0,23.7,30.1,8,1
171,1,Lorelei,Ice,51,61.1,5,0.0,99.19,100.0,0,none,0,30.5,30.8,5,1
171,2,Bruno,Fighting,51,61.1,5,12.86,72.05,69.5,0,none,0,0.0,0.0,0,0
171,3,Agatha,Ghost,51,61.1,5,12.86,72.05,69.5,0,none,0,0.0,0.0,0,0
171,4,Lance,Dragon,51,61.1,5,12.86,72.05,69.5,0,none,0,0.0,0.0,0,0
172,1,Lorelei,Ice,69,64.3,6,0.0,65.97,100.0,0,none,1,35.9,52.9,4,1
172,2,Bruno,Fighting,69,64.3,6,7.29,82.51,64.1,0,none,1,17.9,33.4,5,1
172,3,Agatha,Ghost,69,64.3,6,11.89,96.31,46.2,1,x_attack,1,22.2,29.6,5,1
172,4,Lance,Dragon,69,64.3,6,25.06,100.0,24.0,0,none,1,44.4,27.0,6,1
173,1,Lorelei,Ice,53,90.6,6,0.0,73.86,100.0,0,none,1,20.3,55.4,4,1
173,2,Bruno,Fighting,53,90.6,6,8.33,95.38,79.7,0,none,1,26.6,59.6,8,1
173,3,Agatha,Ghost,53,90.6,6,12.74,100.0,53.1,0,none,1,9.0,32.0,12,1
173,4,Lance,Dragon,53,90.6,6,26.87,100.0,44.1,0,none,0,22.0,45.3,5,1
174,1,Lorelei,Ice,47,97.7,5,0.0,52.89,100.0,0,none,1,23.7,43.8,5,1
174,2,Bruno,Fighting,47,97.7,5,13.15,63.55,76.3,0,none,1,13.3,37.4,6,1
174,3,Agatha,Ghost,47,97.7,5,22.03,80.65,100.0,1,full_restore,1,16.9,41.7,13,1
174,4,Lance,Dragon,47,97.7,5,28.36,96.51,83.1,0,none,1,21.7,52.1,7,1
175,1,Lorelei,Ice,55,39.3,5,0.0,53.34,100.0,0,none,1,28.8,58.8,6,1
175,2,Bruno,Fighting,55,39.3,5,3.53,69.22,71.2,0,none,1,27.1,44.1,6,1
175,3,Agatha,Ghost,55,39.3,5,11.34,80.17,44.1,0,none,1,21.9,56.8,5,1
175,4,Lance,Dragon,55,39.3,5,19.05,93.73,22.2,0,none,1,41.2,45.6,6,1
176,1,Lorelei,Ice,56,80.6,5,0.0,73.98,100.0,0,none,1,20.5,47.2,5,1
176,2,Bruno,Fighting,56,80.6,5,6.98,87.45,79.5,0,none,1,24.5,50.6,7,1
176,3,Agatha,Ghost,56,80.6,5,20.42,100.0,55.0,0,none,1,15.1,39.1,4,1
176,4,Lance,Dragon,56,80.6,5,28.9,100.0,39.9,0,none,1,15.8,44.5,2,1
177,1,Lorelei,Ice,45,82.6,6,0.0,88.61,100.0,0,none,1,27.0,31.1,4,1
177,2,Bruno,Fighting,45,82.6,6,6.03,100.0,73.0,0,none,1,25.9,49.6,5,1
177,3,Agatha,Ghost,45,82.6,6,17.89,100.0,47.1,0,none,1,21.1,34.4,4,1
177,4,Lance,Dragon,45,82.6,6,25.7,100.0,26.0,0,none,1,15.9,29.7,9,1
178,1,Lorelei,Ice,49,42.6,6,0.0,70.44,100.0,0,none,0,2.4,60.9,8,1
178,2,Bruno,Fighting,49,42.6,6,15.41,53.34,97.6,0,none,0,0.0,0.0,0,0
178,3,Agatha,Ghost,49,42.6,6,15.41,53.34,97.6,0,none,0,0.0,0.0,0,0
178,4,Lance,Dragon,49,42.6,6,15.41,53.34,97.6,0,none,0,0.0,0.0,0,0
179,1,Lorelei,Ice,47,34.6,1,0.0,76.27,100.0,0,none,1,26.4,40.9,4,1
179,2,Bruno,Fighting,47,34.6,1,5.41,95.5,73.6,0,none,1,20.5,42.1,5,1
179,3,Agatha,Ghost,47,34.6,1,16.98,100.0,53.1,0,none,0,19.8,25.3,11,1
179,4,Lance,Dragon,47,34.6,1,31.53,76.04,33.3,0,none,0,0.0,0.0,0,0
180,1,Lorelei,Ice,57,57.0,4,0.0,76.92,100.0,0,none,1,17.7,44.2,6,1
180,2,Bruno,Fighting,57,57.0,4,10.97,97.74,82.3,0,none,1,31.7,56.3,5,1
180,3,Agatha,Ghost,57,57.0,4,17.47,100.0,50.6,0,none,1,12.2,60.5,11,1
180,4,Lance,Dragon,57,57.0,4,33.59,100.0,38.4,0,none,1,37.5,41.3,9,1
181,1,Lorelei,Ice,54,57.0,1,0.0,67.45,100.0,0,none,1,13.2,34.3,8,1
181,2,Bruno,Fighting,54,57.0,1,8.69,82.81,86.8,0,none,1,20.7,31.1,7,1
181,3,Agatha,Ghost,54,57.0,1,24.0,94.65,100.0,1,revive,1,10.2,39.2,5,1
181,4,Lance,Dragon,54,57.0,1,35.05,100.0,89.8,0,none,1,19.0,27.0,4,1
182,1,Lorelei,Ice,67,41.6,5,0.0,75.46,100.0,0,none,1,21.1,27.1,7,1
182,2,Bruno,Fighting,67,41.6,5,6.73,90.46,78.9,0,none,1,18.3,57.4,11,1
182,3,Agatha,Ghost,67,41.6,5,17.09,100.0,60.6,0,none,0,14.2,50.7,5,1
182,4,Lance,Dragon,67,41.6,5,29.17,79.9,46.4,0,none,0,0.0,0.0,0,0
183,1,Lorelei,Ice,57,79.5,3,0.0,72.4,100.0,0,none,1,18.7,21.1,9,1
183,2,Bruno,Fighting,57,79.5,3,10.94,91.32,81.3,0,none,1,8.6,41.0,4,1
183,3,Agatha,Ghost,57,79.5,3,19.53,100.0,72.7,0,none,1,17.9,47.8,5,1
183,4,Lance,Dragon,57,79.5,3,26.71,100.0,54.8,0,none,1,27.1,23.3,12,1
184,1,Lorelei,Ice,39,71.4,2,0.0,64.91,100.0,0,none,1,12.7,51.1,4,1
184,2,Bruno,Fighting,39,71.4,2,14.65,83.23,87.3,0,none,1,19.4,39.6,4,1
184,3,Agatha,Ghost,39,71.4,2,23.19,97.75,100.0,1,full_restore,1,24.0,36.5,10,1
184,4,Lance,Dragon,39,71.4,2,30.55,100.0,76.0,0,none,1,35.8,46.1,7,1
185,1,Lorelei,Ice,54,81.2,6,0.0,90.86,100.0,0,none,1,26.1,44.6,8,1
185,2,Bruno,Fighting,54,81.2,6,8.26,100.0,73.9,0,none,1,14.9,43.6,10,1
185,3,Agatha,Ghost,54,81.2,6,11.48,100.0,59.0,0,none,1,30.1,38.7,9,1
185,4,Lance,Dragon,54,81.2,6,19.79,100.0,28.9,0,none,1,38.2,41.1,11,1
186,1,Lorelei,Ice,59,54.5,2,0.0,59.54,100.0,0,none,1,22.9,51.3,6,1
186,2,Bruno,Fighting,59,54.5,2,12.37,71.31,77.1,0,none,0,15.3,51.4,5,1
186,3,Agatha,Ghost,59,54.5,2,26.84,57.39,61.8,0,none,0,0.0,0.0,0,0
186,4,Lance,Dragon,59,54.5,2,26.84,57.39,61.8,0,none,0,0.0,0.0,0,0
187,1,Lorelei,Ice,68,66.2,4,0.0,96.09,100.0,0,none,1,24.5,50.4,9,1
187,2,Bruno,Fighting,68,66.2,4,12.53,100.0,75.5,0,none,0,28.7,38.0,2,1
187,3,Agatha,Ghost,68,66.2,4,31.16,76.24,46.8,0,none,0,0.0,0.0,0,0
187,4,Lance,Dragon,68,66.2,4,31.16,76.24,46.8,0,none,0,0.0,0.0,0,0
188,1,Lorelei,Ice,65,87.6,2,0.0,86.06,100.0,0,none,1,26.0,37.5,4,1
188,2,Bruno,Fighting,65,87.6,2,9.39,100.0,74.0,0,none,1,11.5,31.2,11,1
188,3,Agatha,Ghost,65,87.6,2,15.31,100.0,62.5,0,none,1,26.0,54.6,9,1
188,4,Lance,Dragon,65,87.6,2,28.25,100.0,36.5,0,none,1,44.0,40.4,3,1
189,1,Lorelei,Ice,60,51.5,6,0.0,51.36,100.0,0,none,1,26.2,32.8,6,1
189,2,Bruno,Fighting,60,51.5,6,14.39,73.39,73.8,0,none,1,30.7,26.6,5,1
189,3,Agatha,Ghost,60,51.5,6,25.17,88.6,43.1,0,none,1,11.1,38.2,5,1
189,4,Lance,Dragon,60,51.5,6,38.13,100.0,32.0,0,none,0,30.8,34.7,8,1
190,1,Lorelei,Ice,62,44.5,2,0.0,67.94,100.0,0,none,0,26.5,47.4,7,1
190,2,Bruno,Fighting,62,44.5,2,16.16,43.17,73.5,0,none,0,0.0,0.0,0,0
190,3,Agatha,Ghost,62,44.5,2,16.16,43.17,73.5,0,none,0,0.0,0.0,0,0
190,4,Lance,Dragon,62,44.5,2,16.16,43.17,73.5,0,none,0,0.0,0.0,0,0
191,1,Lorelei,Ice,64,56.6,2,0.0,65.27,100.0,0,none,1,19.8,48.0,4,1
191,2,Bruno,Fighting,64,56.6,2,13.74,80.12,80.2,0,none,1,24.7,32.3,4,1
191,3,Agatha,Ghost,64,56.6,2,27.82,91.12,55.5,0,none,0,26.6,40.1,8,1
191,4,Lance,Dragon,64,56.6,2,45.09,67.79,28.9,0,none,0,0.0,0.0,0,0
192,1,Lorelei,Ice,53,46.6,5,0.0,70.46,100.0,0,none,1,25.8,38.6,7,1
192,2,Bruno,Fighting,53,46.6,5,9.9,86.08,74.2,0,none,1,26.4,43.5,8,1
192,3,Agatha,Ghost,53,46.6,5,21.86,100.0,47.8,0,none,1,36.3,26.4,7,1
192,4,Lance,Dragon,53,46.6,5,35.23,100.0,11.5,0,none,1,46.7,37.1,9,1
193,1,Lorelei,Ice,60,21.6,5,0.0,78.21,100.0,0,none,1,24.8,41.0,10,1
193,2,Bruno,Fighting,60,21.6,5,10.38,98.8,75.2,0,none,1,24.0,32.5,8,1
193,3,Agatha,Ghost,60,21.6,5,20.57,100.0,51.2,0,none,1,29.9,55.6,7,1
193,4,Lance,Dragon,60,21.6,5,28.39,100.0,21.3,0,none,0,41.8,42.6,7,1
194,1,Lorelei,Ice,62,52.6,1,0.0,74.53,100.0,0,none,1,20.3,44.6,6,1
194,2,Bruno,Fighting,62,52.6,1,8.77,87.42,79.7,0,none,1,45.4,52.3,10,1
194,3,Agatha,Ghost,62,52.6,1,20.0,100.0,74.3,1,revive,1,21.8,57.0,7,1
194,4,Lance,Dragon,62,52.6,1,24.11,100.0,52.5,0,none,0,34.3,27.7,3,1
195,1,Lorelei,Ice,63,45.9,3,0.0,73.84,100.0,0,none,1,24.1,36.1,7,1
195,2,Bruno,Fighting,63,45.9,3,8.4,90.93,75.9,0,none,1,27.5,44.4,4,1
195,3,Agatha,Ghost,63,45.9,3,14.19,100.0,48.4,0,none,1,27.2,38.2,6,1
195,4,Lance,Dragon,63,45.9,3,27.67,100.0,21.2,0,none,1,52.2,59.7,5,1
196,1,Lorelei,Ice,69,64.4,5,0.0,64.8,100.0,0,none,1,2.4,43.3,4,1
196,2,Bruno,Fighting,69,64.4,5,17.05,79.93,97.6,0,none,1,24.9,34.0,4,1
196,3,Agatha,Ghost,69,64.4,5,27.48,90.53,72.7,0,none,1,39.7,50.4,8,1
196,4,Lance,Dragon,69,64.4,5,38.85,100.0,63.0,1,potion,1,27.0,53.6,6,1
197,1,Lorelei,Ice,64,48.6,4,0.0,58.64,100.0,0,none,1,26.7,36.3,10,1
197,2,Bruno,Fighting,64,48.6,4,9.01,71.24,73.3,0,none,1,37.2,44.5,4,1
197,3,Agatha,Ghost,64,48.6,4,19.16,87.61,36.1,0,none,1,35.6,53.9,6,1
197,4,Lance,Dragon,64,48.6,4,33.0,100.0,0.5,0,none,1,44.3,41.5,6,1
198,1,Lorelei,Ice,48,86.0,2,0.0,70.28,100.0,0,none,1,15.7,29.3,8,1
198,2,Bruno,Fighting,48,86.0,2,9.06,79.02,84.3,0,none,0,16.2,49.1,9,1
198,3,Agatha,Ghost,48,86.0,2,24.78,52.21,68.1,0,none,0,0.0,0.0,0,0
198,4,Lance,Dragon,48,86.0,2,24.78,52.21,68.1,0,none,0,0.0,0.0,0,0
199,1,Lorelei,Ice,49,64.8,5,0.0,79.77,100.0,0,none,1,10.6,49.7,5,1
199,2,Bruno,Fighting,49,64.8,5,13.44,91.67,89.4,0,none,1,19.6,49.7,7,1
199,3,Agatha,Ghost,49,64.8,5,21.85,100.0,69.8,1,x_attack,1,4.4,62.6,5,1
199,4,Lance,Dragon,49,64.8,5,35.35,100.0,65.4,0,none,1,26.9,48.0,7,1
200,1,Lorelei,Ice,54,61.9,4,0.0,50.95,100.0,0,none,1,23.6,36.4,5,1
200,2,Bruno,Fighting,54,61.9,4,7.95,67.92,76.4,0,none,1,32.9,46.1,3,1
200,3,Agatha,Ghost,54,61.9,4,21.54,79.68,43.5,0,none,1,36.0,46.0,6,1
200,4,Lance,Dragon,54,61.9,4,29.02,93.61,67.5,1,full_restore,1,44.2,30.2,6,1
201,1,Lorelei,Ice,55,69.2,5,0.0,69.98,100.0,0,none,1,41.0,52.6,14,1
201,2,Bruno,Fighting,55,69.2,5,14.43,76.24,59.0,0,none,1,1.3,35.5,6,1
201,3,Agatha,Ghost,55,69.2,5,20.16,87.69,57.7,0,none,1,19.5,67.4,8,1
201,4,Lance,Dragon,55,69.2,5,31.35,98.87,38.2,0,none,1,22.8,48.8,6,1
202,1,Lorelei,Ice,47,69.0,4,0.0,59.28,100.0,0,none,1,22.7,44.0,9,1
202,2,Bruno,Fighting,47,69.0,4,10.35,71.78,77.3,0,none,1,18.0,40.3,11,1
202,3,Agatha,Ghost,47,69.0,4,21.63,86.09,59.3,0,none,0,16.7,36.9,7,1
202,4,Lance,Dragon,47,69.0,4,37.09,66.59,42.6,0,none,0,0.0,0.0,0,0
203,1,Lorelei,Ice,56,77.5,3,0.0,84.36,100.0,0,none,1,5.3,57.3,11,1
203,2,Bruno,Fighting,56,77.5,3,13.8,99.08,94.7,0,none,1,15.5,41.7,8,1
203,3,Agatha,Ghost,56,77.5,3,23.28,100.0,79.2,0,none,1,37.1,19.7,6,1
203,4,Lance,Dragon,56,77.5,3,35.53,100.0,42.1,0,none,0,15.6,52.7,8,1
204,1,Lorelei,Ice,53,53.1,6,0.0,71.98,100.0,0,none,1,30.5,35.0,6,1
204,2,Bruno,Fighting,53,53.1,6,8.98,82.77,69.5,0,none,1,25.8,50.0,6,1
204,3,Agatha,Ghost,53,53.1,6,16.08,100.0,43.7,0,none,0,46.1,44.4,5,1
204,4,Lance,Dragon,53,53.1,6,26.34,84.59,0.0,0,none,0,0.0,0.0,0,0
205,1,Lorelei,Ice,57,89.6,4,0.0,62.85,100.0,0,none,1,31.6,50.4,10,1
205,2,Bruno,Fighting,57,89.6,4,3.4,82.15,68.4,0,none,1,13.0,52.5,8,1
205,3,Agatha,Ghost,57,89.6,4,17.73,94.28,55.4,0,none,1,14.6,50.3,6,1
205,4,Lance,Dragon,57,89.6,4,26.14,100.0,40.8,0,none,1,50.4,42.7,12,1
206,1,Lorelei,Ice,48,58.1,4,0.0,72.88,100.0,0,none,1,19.6,36.8,5,1
206,2,Bruno,Fighting,48,58.1,4,14.21,79.42,80.4,0,none,1,19.0,56.7,6,1
206,3,Agatha,Ghost,48,58.1,4,21.18,89.55,61.4,0,none,1,30.6,50.7,4,1
206,4,Lance,Dragon,48,58.1,4,29.64,100.0,30.8,0,none,0,29.3,30.7,8,1
207,1,Lorelei,Ice,45,42.9,5,0.0,78.43,100.0,0,none,1,14.2,48.1,3,1
207,2,Bruno,Fighting,45,42.9,5,8.7,99.29,85.8,0,none,1,12.6,52.6,4,1
207,3,Agatha,Ghost,45,42.9,5,24.71,100.0,73.2,0,none,1,56.4,50.4,10,1
207,4,Lance,Dragon,45,42.9,5,32.38,100.0,16.8,0,none,1,29.7,39.8,9,1
208,1,Lorelei,Ice,48,74.5,2,0.0,77.67,100.0,0,none,1,20.9,45.7,5,1
208,2,Bruno,Fighting,48,74.5,2,10.74,100.0,79.1,0,none,1,23.8,34.4,9,1
208,3,Agatha,Ghost,48,74.5,2,15.57,100.0,55.3,0,none,1,25.7,36.8,9,1
208,4,Lance,Dragon,48,74.5,2,24.78,100.0,29.6,0,none,1,33.7,52.9,4,1
209,1,Lorelei,Ice,63,59.6,3,0.0,61.39,100.0,0,none,1,17.2,33.6,5,1
209,2,Bruno,Fighting,63,59.6,3,13.62,76.92,82.8,0,none,1,27.7,63.2,5,1
209,3,Agatha,Ghost,63,59.6,3,25.66,95.63,55.1,0,none,1,18.7,34.6,10,1
209,4,Lance,Dragon,63,59.6,3,30.94,100.0,76.4,1,revive,1,34.9,40.3,8,1
210,1,Lorelei,Ice,46,59.0,6,0.0,60.62,100.0,0,none,1,14.1,50.0,6,1
210,2,Bruno,Fighting,46,59.0,6,8.71,77.92,85.9,0,none,1,23.2,55.7,11,1
210,3,Agatha,Ghost,46,59.0,6,23.75,92.29,62.7,0,none,0,24.6,31.9,2,1
210,4,Lance,Dragon,46,59.0,6,40.97,71.44,38.1,0,none,0,0.0,0.0,0,0
211,1,Lorelei,Ice,69,43.5,1,0.0,66.57,100.0,0,none,0,27.7,53.4,5,1
211,2,Bruno,Fighting,69,43.5,1,14.73,45.54,72.3,0,none,0,0.0,0.0,0,0
211,3,Agatha,Ghost,69,43.5,1,14.73,45.54,72.3,0,none,0,0.0,0.0,0,0
211,4,Lance,Dragon,69,43.5,1,14.73,45.54,72.3,0,none,0,0.0,0.0,0,0
212,1,Lorelei,Ice,35,66.8,1,0.0,75.68,100.0,0,none,0,27.0,44.6,8,1
212,2,Bruno,Fighting,35,66.8,1,14.61,49.26,73.0,0,none,0,0.0,0.0,0,0
212,3,Agatha,Ghost,35,66.8,1,14.61,49.26,73.0,0,none,0,0.0,0.0,0,0
212,4,Lance,Dragon,35,66.8,1,14.61,49.26,73.0,0,none,0,0.0,0.0,0,0
213,1,Lorelei,Ice,61,70.1,3,0.0,60.95,100.0,0,none,1,37.5,53.1,7,1
213,2,Bruno,Fighting,61,70.1,3,11.26,72.07,62.5,0,none,1,32.5,44.1,8,1
213,3,Agatha,Ghost,61,70.1,3,21.44,97.34,30.0,0,none,1,24.7,51.1,10,1
213,4,Lance,Dragon,61,70.1,3,29.61,100.0,5.3,0,none,1,23.1,43.1,6,1
214,1,Lorelei,Ice,60,48.9,5,0.0,70.42,100.0,0,none,1,20.1,47.3,12,1
214,2,Bruno,Fighting,60,48.9,5,7.37,85.12,79.9,0,none,1,14.3,33.5,6,1
214,3,Agatha,Ghost,60,48.9,5,20.99,97.2,65.6,0,none,1,23.5,31.0,7,1
214,4,Lance,Dragon,60,48.9,5,23.75,100.0,42.1,0,none,1,50.5,42.5,6,1
215,1,Lorelei,Ice,53,69.4,4,0.0,64.78,100.0,0,none,1,27.4,34.0,5,1
215,2,Bruno,Fighting,53,69.4,4,6.6,79.21,72.6,0,none,1,2.4,34.3,4,1
215,3,Agatha,Ghost,53,69.4,4,17.06,100.0,70.2,0,none,1,21.6,41.4,7,1
215,4,Lance,Dragon,53,69.4,4,24.5,100.0,48.6,0,none,1,37.3,38.0,7,1
216,1,Lorelei,Ice,68,70.8,4,0.0,72.25,100.0,0,none,1,20.0,43.0,7,1
216,2,Bruno,Fighting,68,70.8,4,4.69,88.59,80.0,0,none,1,21.9,43.1,7,1
216,3,Agatha,Ghost,68,70.8,4,13.94,93.9,58.1,0,none,1,23.1,46.0,6,1
216,4,Lance,Dragon,68,70.8,4,22.04,100.0,35.0,0,none,1,39.0,22.2,8,1
217,1,Lorelei,Ice,58,43.2,4,0.0,83.53,100.0,0,none,1,20.9,41.4,7,1
217,2,Bruno,Fighting,58,43.2,4,12.07,97.68,79.1,0,none,1,35.8,51.3,5,1
217,3,Agatha,Ghost,58,43.2,4,26.09,100.0,43.3,0,none,1,48.9,47.4,5,1
217,4,Lance,Dragon,58,43.2,4,41.82,100.0,0.0,0,none,1,41.9,40.6,6,1
218,1,Lorelei,Ice,54,53.7,6,0.0,73.11,100.0,0,none,1,20.8,38.6,7,1
218,2,Bruno,Fighting,54,53.7,6,10.49,88.67,79.2,0,none,1,11.0,52.1,8,1
218,3,Agatha,Ghost,54,53.7,6,24.26,100.0,68.2,0,none,1,23.0,40.2,6,1
218,4,Lance,Dragon,54,53.7,6,34.67,100.0,75.2,1,potion,0,47.9,41.0,5,1
219,1,Lorelei,Ice,42,59.9,2,0.0,74.4,100.0,0,none,1,19.7,45.2,8,1
219,2,Bruno,Fighting,42,59.9,2,9.73,91.34,80.3,0,none,1,10.0,37.6,6,1
219,3,Agatha,Ghost,42,59.9,2,22.67,100.0,70.3,0,none,1,24.3,30.8,8,1
219,4,Lance,Dragon,42,59.9,2,32.89,100.0,46.0,0,none,1,25.4,51.0,3,1
220,1,Lorelei,Ice,54,55.5,5,0.0,87.55,100.0,0,none,1,28.7,32.2,9,1
220,2,Bruno,Fighting,54,55.5,5,5.2,100.0,71.3,0,none,1,23.1,50.9,6,1
220,3,Agatha,Ghost,54,55.5,5,11.41,100.0,48.2,0,none,1,21.2,48.7,9,1
220,4,Lance,Dragon,54,55.5,5,17.31,100.0,27.0,0,none,1,34.4,31.3,5,1
221,1,Lorelei,Ice,49,73.7,2,0.0,49.54,100.0,0,none,1,16.0,32.8,9,1
221,2,Bruno,Fighting,49,73.7,2,10.87,74.01,84.0,1,x_attack,1,31.3,55.9,3,1
221,3,Agatha,Ghost,49,73.7,2,21.2,94.88,52.7,0,none,1,21.0,39.8,7,1
221,4,Lance,Dragon,49,73.7,2,30.77,100.0,31.7,0,none,1,39.2,43.9,7,1
222,1,Lorelei,Ice,49,57.0,3,0.0,72.09,100.0,0,none,1,13.0,39.9,6,1
222,2,Bruno,Fighting,49,57.0,3,11.3,84.89,87.0,0,none,1,34.1,26.7,1,1
222,3,Agatha,Ghost,49,57.0,3,22.35,97.33,52.9,0,none,1,13.7,41.4,4,1
222,4,Lance,Dragon,49,57.0,3,30.43,100.0,39.2,1,x_attack,1,25.9,37.0,7,1
223,1,Lorelei,Ice,56,81.7,5,0.0,69.91,100.0,0,none,1,30.4,56.8,3,1
223,2,Bruno,Fighting,56,81.7,5,15.28,89.75,69.6,0,none,1,14.2,51.9,6,1
223,3,Agatha,Ghost,56,81.7,5,26.59,100.0,55.4,0,none,1,29.1,20.3,5,1
223,4,Lance,Dragon,56,81.7,5,41.64,100.0,86.3,1,full_restore,1,23.0,58.9,6,1
224,1,Lorelei,Ice,63,51.1,1,0.0,58.69,100.0,0,none,1,34.6,44.5,4,1
224,2,Bruno,Fighting,63,51.1,1,11.94,79.21,65.4,0,none,0,27.6,35.1,5,1
224,3,Agatha,Ghost,63,51.1,1,32.04,62.54,37.8,0,none,0,0.0,0.0,0,0
224,4,Lance,Dragon,63,51.1,1,32.04,62.54,37.8,0,none,0,0.0,0.0,0,0
225,1,Lorelei,Ice,53,61.5,2,0.0,72.48,100.0,0,none,1,17.1,34.6,4,1
225,2,Bruno,Fighting,53,61.5,2,7.89,90.84,82.9,0,none,1,22.4,55.9,5,1
225,3,Agatha,Ghost,53,61.5,2,15.59,100.0,60.5,0,none,1,28.2,38.7,6,1
225,4,Lance,Dragon,53,61.5,2,24.24,100.0,32.3,0,none,0,19.4,34.2,5,1
226,1,Lorelei,Ice,55,49.0,3,0.0,57.47,100.0,0,none,1,20.6,48.0,9,1
226,2,Bruno,Fighting,55,49.0,3,14.03,67.91,79.4,0,none,1,20.2,31.4,7,1
226,3,Agatha,Ghost,55,49.0,3,26.99,79.38,59.2,0,none,0,25.2,41.3,11,1
226,4,Lance,Dragon,55,49.0,3,45.08,54.87,34.0,0,none,0,0.0,0.0,0,0
227,1,Lorelei,Ice,51,50.8,4,0.0,65.84,100.0,0,none,1,29.1,44.7,5,1
227,2,Bruno,Fighting,51,50.8,4,10.19,80.54,70.9,0,none,1,24.9,37.6,6,1
227,3,Agatha,Ghost,51,50.8,4,19.69,100.0,46.0,0,none,1,16.2,26.8,4,1
227,4,Lance,Dragon,51,50.8,4,25.39,100.0,29.8,0,none,1,49.2,37.4,12,1
228,1,Lorelei,Ice,46,61.1,5,0.0,69.58,100.0,0,none,1,21.0,30.8,8,1
228,2,Bruno,Fighting,46,61.1,5,3.34,69.06,79.0,0,none,1,34.1,39.6,7,1
228,3,Agatha,Ghost,46,61.1,5,15.48,78.01,44.9,0,none,1,32.4,41.7,7,1
228,4,Lance,Dragon,46,61.1,5,29.32,94.8,12.5,0,none,1,13.4,48.5,6,1
229,1,Lorelei,Ice,52,51.0,6,0.0,71.95,100.0,0,none,1,19.7,48.2,2,1
229,2,Bruno,Fighting,52,51.0,6,10.76,86.24,80.3,0,none,1,0.4,33.4,6,1
229,3,Agatha,Ghost,52,51.0,6,21.7,100.0,79.9,0,none,1,35.4,51.8,9,1
229,4,Lance,Dragon,52,51.0,6,24.56,100.0,100.0,1,full_restore,0,23.7,25.4,6,1
230,1,Lorelei,Ice,56,72.6,5,0.0,69.54,100.0,0,none,1,10.3,40.7,4,1
230,2,Bruno,Fighting,56,72.6,5,12.54,83.83,89.7,0,none,1,29.9,39.8,7,1
230,3,Agatha,Ghost,56,72.6,5,25.95,99.27,59.8,0,none,1,20.5,36.9,5,1
230,4,Lance,Dragon,56,72.6,5,39.24,100.0,39.3,0,none,1,47.1,49.9,7,1
231,1,Lorelei,Ice,45,66.5,2,0.0,56.15,100.0,0,none,1,15.9,56.8,7,1
231,2,Bruno,Fighting,45,66.5,2,9.6,70.91,84.1,0,none,1,18.0,34.7,5,1
231,3,Agatha,Ghost,45,66.5,2,21.69,88.1,66.1,0,none,1,12.6,55.5,6,1
231,4,Lance,Dragon,45,66.5,2,31.57,96.7,53.5,0,none,1,43.7,50.7,10,1
232,1,Lorelei,Ice,48,50.5,3,0.0,80.47,100.0,0,none,1,24.1,32.9,7,1
232,2,Bruno,Fighting,48,50.5,3,12.73,100.0,75.9,0,none,1,28.2,44.8,10,1
232,3,Agatha,Ghost,48,50.5,3,21.7,100.0,47.7,0,none,0,9.0,46.3,3,1
232,4,Lance,Dragon,48,50.5,3,36.9,81.96,38.7,0,none,0,0.0,0.0,0,0
233,1,Lorelei,Ice,67,53.7,4,0.0,64.76,100.0,0,none,1,18.7,44.2,9,1
233,2,Bruno,Fighting,67,53.7,4,10.04,75.74,81.3,0,none,1,13.9,57.0,8,1
233,3,Agatha,Ghost,67,53.7,4,18.6,86.67,67.4,0,none,1,26.0,45.0,5,1
233,4,Lance,Dragon,67,53.7,4,24.83,100.0,41.4,0,none,0,28.7,40.4,6,1
234,1,Lorelei,Ice,63,58.6,5,0.0,75.64,100.0,0,none,1,21.3,40.7,7,1
234,2,Bruno,Fighting,63,58.6,5,13.48,98.33,78.7,0,none,1,17.2,46.1,4,1
234,3,Agatha,Ghost,63,58.6,5,20.88,100.0,61.5,0,none,1,29.8,38.4,5,1
234,4,Lance,Dragon,63,58.6,5,23.77,100.0,31.7,0,none,1,29.3,29.7,12,1
235,1,Lorelei,Ice,56,65.8,3,0.0,73.06,100.0,0,none,1,6.8,56.9,4,1
235,2,Bruno,Fighting,56,65.8,3,9.94,85.98,93.2,0,none,1,19.3,33.5,2,1
235,3,Agatha,Ghost,56,65.8,3,25.19,93.04,73.9,0,none,1,32.3,47.4,5,1
235,4,Lance,Dragon,56,65.8,3,29.8,100.0,41.6,0,none,1,31.1,30.0,8,1
236,1,Lorelei,Ice,55,61.2,2,0.0,77.1,100.0,0,none,0,25.7,29.4,9,1
236,2,Bruno,Fighting,55,61.2,2,16.91,64.77,74.3,0,none,0,0.0,0.0,0,0
236,3,Agatha,Ghost,55,61.2,2,16.91,64.77,74.3,0,none,0,0.0,0.0,0,0
236,4,Lance,Dragon,55,61.2,2,16.91,64.77,74.3,0,none,0,0.0,0.0,0,0
237,1,Lorelei,Ice,53,25.8,3,0.0,62.02,100.0,0,none,1,30.5,25.2,3,1
237,2,Bruno,Fighting,53,25.8,3,7.78,79.2,69.5,0,none,1,21.5,37.6,3,1
237,3,Agatha,Ghost,53,25.8,3,20.15,93.25,48.0,0,none,1,39.5,35.6,8,1
237,4,Lance,Dragon,53,25.8,3,33.87,100.0,8.5,0,none,0,30.9,45.7,4,1
238,1,Lorelei,Ice,73,46.4,3,0.0,67.09,100.0,0,none,1,4.3,42.8,3,1
238,2,Bruno,Fighting,73,46.4,3,6.16,80.73,95.7,0,none,1,31.9,35.0,3,1
238,3,Agatha,Ghost,73,46.4,3,17.23,96.73,63.8,0,none,1,28.9,33.8,3,1
238,4,Lance,Dragon,73,46.4,3,32.84,100.0,34.9,0,none,0,15.7,45.4,9,1
239,1,Lorelei,Ice,52,49.2,6,0.0,82.81,100.0,0,none,1,38.6,59.8,7,1
239,2,Bruno,Fighting,52,49.2,6,14.69,100.0,61.4,0,none,1,23.1,39.4,6,1
239,3,Agatha,Ghost,52,49.2,6,27.68,100.0,38.3,0,none,1,49.5,48.9,5,1
239,4,Lance,Dragon,52,49.2,6,34.52,100.0,0.0,0,none,0,27.5,32.3,11,1
240,1,Lorelei,Ice,57,76.2,3,0.0,67.19,100.0,0,none,1,19.3,53.5,7,1
240,2,Bruno,Fighting,57,76.2,3,11.94,79.09,80.7,0,none,1,28.1,44.5,4,1
240,3,Agatha,Ghost,57,76.2,3,24.24,94.5,52.6,0,none,1,15.6,57.9,8,1
240,4,Lance,Dragon,57,76.2,3,35.25,100.0,37.0,0,none,1,36.6,51.9,11,1
241,1,Lorelei,Ice,72,62.3,1,0.0,67.09,100.0,0,none,1,11.8,33.5,7,1
241,2,Bruno,Fighting,72,62.3,1,10.83,78.03,88.2,0,none,1,23.5,51.7,9,1
241,3,Agatha,Ghost,72,62.3,1,20.08,97.47,64.7,0,none,1,31.5,49.8,8,1
241,4,Lance,Dragon,72,62.3,1,24.23,100.0,33.2,0,none,1,36.6,56.3,10,1
242,1,Lorelei,Ice,50,55.4,6,0.0,59.68,100.0,0,none,1,9.6,23.1,4,1
242,2,Bruno,Fighting,50,55.4,6,9.99,67.91,90.4,0,none,1,9.6,35.4,5,1
242,3,Agatha,Ghost,50,55.4,6,24.19,81.71,80.8,0,none,1,33.3,34.1,9,1
242,4,Lance,Dragon,50,55.4,6,36.12,100.0,47.5,0,none,1,31.9,50.4,8,1
243,1,Lorelei,Ice,35,56.1,6,0.0,74.64,100.0,0,none,1,17.9,43.3,11,1
243,2,Bruno,Fighting,35,56.1,6,9.31,92.9,100.0,1,potion,1,15.8,33.6,8,1
243,3,Agatha,Ghost,35,56.1,6,16.07,100.0,84.2,0,none,1,10.6,43.1,3,1
243,4,Lance,Dragon,35,56.1,6,29.43,100.0,73.6,0,none,1,52.5,26.7,9,1
244,1,Lorelei,Ice,52,63.5,2,0.0,75.44,100.0,0,none,1,12.9,42.0,5,1
244,2,Bruno,Fighting,52,63.5,2,17.4,87.13,87.1,0,none,1,17.7,59.2,10,1
244,3,Agatha,Ghost,52,63.5,2,28.6,100.0,69.4,0,none,1,16.2,56.2,10,1
244,4,Lance,Dragon,52,63.5,2,41.2,100.0,53.2,0,none,1,49.2,37.8,3,1
245,1,Lorelei,Ice,44,34.2,1,0.0,64.47,100.0,0,none,1,20.8,35.3,8,1
245,2,Bruno,Fighting,44,34.2,1,7.6,78.84,79.2,0,none,1,29.9,37.3,4,1
245,3,Agatha,Ghost,44,34.2,1,19.04,97.63,49.3,0,none,1,25.2,43.0,5,1
245,4,Lance,Dragon,44,34.2,1,22.46,100.0,24.1,0,none,0,30.4,33.6,6,1
246,1,Lorelei,Ice,51,39.0,1,0.0,57.0,100.0,0,none,1,0.0,60.5,12,1
246,2,Bruno,Fighting,51,39.0,1,7.89,72.22,100.0,0,none,0,26.6,41.9,3,1
246,3,Agatha,Ghost,51,39.0,1,17.02,58.92,73.4,0,none,0,0.0,0.0,0,0
246,4,Lance,Dragon,51,39.0,1,17.02,58.92,73.4,0,none,0,0.0,0.0,0,0
247,1,Lorelei,Ice,47,50.3,5,0.0,69.41,100.0,0,none,1,34.2,34.1,7,1
247,2,Bruno,Fighting,47,50.3,5,13.45,82.74,65.8,0,none,1,11.1,47.6,6,1
247,3,Agatha,Ghost,47,50.3,5,21.08,98.99,54.7,0,none,1,32.2,31.1,3,1
247,4,Lance,Dragon,47,50.3,5,32.35,100.0,22.5,0,none,0,28.3,30.2,8,1
248,1,Lorelei,Ice,58,55.3,2,0.0,51.75,100.0,0,none,1,34.0,41.5,1,1
248,2,Bruno,Fighting,58,55.3,2,15.26,61.84,66.0,0,none,1,30.7,46.2,8,1
248,3,Agatha,Ghost,58,55.3,2,24.12,75.17,35.3,0,none,1,16.9,47.6,6,1
248,4,Lance,Dragon,58,55.3,2,28.83,88.94,18.4,0,none,1,36.6,26.9,5,1
249,1,Lorelei,Ice,45,75.0,4,0.0,92.15,100.0,0,none,1,17.6,45.5,4,1
249,2,Bruno,Fighting,45,75.0,4,7.32,100.0,82.4,0,none,1,23.9,50.5,5,1
249,3,Agatha,Ghost,45,75.0,4,14.26,100.0,58.5,0,none,1,19.4,43.7,6,1
249,4,Lance,Dragon,45,75.0,4,22.02,100.0,69.1,1,potion,1,22.1,34.1,10,1
250,1,Lorelei,Ice,63,52.4,2,0.0,82.49,100.0,0,none,1,21.5,41.8,9,1
250,2,Bruno,Fighting,63,52.4,2,8.8,93.33,78.5,0,none,1,39.9,40.2,8,1
250,3,Agatha,Ghost,63,52.4,2,22.46,100.0,38.6,0,none,1,17.8,46.5,1,1
250,4,Lance,Dragon,63,52.4,2,30.11,100.0,20.8,0,none,1,35.4,43.0,5,1
251,1,Lorelei,Ice,47,67.2,2,0.0,73.99,100.0,0,none,1,20.4,37.3,7,1
251,2,Bruno,Fighting,47,67.2,2,9.98,90.91,79.6,0,none,1,20.3,40.3,5,1
251,3,Agatha,Ghost,47,67.2,2,17.88,100.0,59.3,0,none,1,19.2,46.8,6,1
251,4,Lance,Dragon,47,67.2,2,31.56,100.0,40.1,0,none,1,25.9,42.8,8,1
252,1,Lorelei,Ice,52,77.9,1,0.0,89.14,100.0,0,none,1,11.7,46.1,5,1
252,2,Bruno,Fighting,52,77.9,1,12.26,100.0,88.3,0,none,1,24.5,55.7,7,1
252,3,Agatha,Ghost,52,77.9,1,24.91,100.0,63.8,0,none,1,9.3,51.4,5,1
252,4,Lance,Dragon,52,77.9,1,38.19,100.0,54.5,1,x_attack,0,12.2,48.1,5,1
253,1,Lorelei,Ice,48,87.5,5,0.0,74.23,100.0,0,none,1,25.9,44.5,5,1
253,2,Bruno,Fighting,48,87.5,5,6.16,87.65,74.1,0,none,1,26.3,44.4,2,1
253,3,Agatha,Ghost,48,87.5,5,13.56,100.0,47.8,0,none,1,18.8,44.9,8,1
253,4,Lance,Dragon,48,87.5,5,22.21,100.0,29.0,0,none,1,41.4,75.5,7,1
254,1,Lorelei,Ice,71,42.0,6,0.0,63.36,100.0,0,none,1,30.3,43.6,5,1
254,2,Bruno,Fighting,71,42.0,6,7.52,90.61,69.7,0,none,1,23.2,51.9,7,1
254,3,Agatha,Ghost,71,42.0,6,15.25,100.0,46.5,0,none,1,20.2,48.7,7,1
254,4,Lance,Dragon,71,42.0,6,28.05,100.0,26.3,0,none,0,53.3,42.2,6,1
255,1,Lorelei,Ice,51,64.8,2,0.0,51.82,100.0,0,none,1,14.5,37.2,5,1
255,2,Bruno,Fighting,51,64.8,2,9.04,66.44,85.5,0,none,1,36.8,32.1,5,1
255,3,Agatha,Ghost,51,64.8,2,19.73,80.73,88.7,1,revive,1,31.6,38.2,6,1
255,4,Lance,Dragon,51,64.8,2,28.04,89.82,97.1,1,revive,0,35.1,49.3,9,1
256,1,Lorelei,Ice,48,59.5,3,0.0,68.7,100.0,0,none,1,16.3,52.7,7,1
256,2,Bruno,Fighting,48,59.5,3,14.1,84.77,83.7,0,none,1,36.2,39.9,9,1
256,3,Agatha,Ghost,48,59.5,3,26.44,98.74,47.5,0,none,1,22.0,56.8,3,1
256,4,Lance,Dragon,48,59.5,3,33.19,100.0,25.5,0,none,1,25.2,48.5,8,1
257,1,Lorelei,Ice,54,40.1,5,0.0,62.69,100.0,0,none,1,21.6,43.6,4,1
257,2,Bruno,Fighting,54,40.1,5,6.54,76.2,78.4,0,none,1,29.0,15.3,4,1
257,3,Agatha,Ghost,54,40.1,5,12.73,95.68,49.4,0,none,1,32.6,26.7,7,1
257,4,Lance,Dragon,54,40.1,5,25.15,100.0,16.8,0,none,1,23.9,31.0,8,1
258,1,Lorelei,Ice,62,66.9,3,0.0,84.1,100.0,0,none,1,27.4,42.6,6,1
258,2,Bruno,Fighting,62,66.9,3,8.37,94.73,72.6,0,none,1,26.1,50.5,5,1
258,3,Agatha,Ghost,62,66.9,3,21.96,100.0,46.5,0,none,1,8.2,47.1,4,1
258,4,Lance,Dragon,62,66.9,3,30.28,100.0,68.3,1,potion,1,17.1,49.4,9,1
259,1,Lorelei,Ice,61,46.7,2,0.0,84.43,100.0,0,none,1,21.4,45.7,4,1
259,2,Bruno,Fighting,61,46.7,2,11.55,100.0,78.6,0,none,1,25.5,32.7,5,1
259,3,Agatha,Ghost,61,46.7,2,17.68,100.0,53.1,0,none,1,25.7,52.5,6,1
259,4,Lance,Dragon,61,46.7,2,30.09,100.0,27.4,0,none,0,46.1,45.6,3,1
260,1,Lorelei,Ice,67,57.4,3,0.0,65.42,100.0,0,none,1,15.3,55.1,2,1
260,2,Bruno,Fighting,67,57.4,3,9.4,80.94,84.7,0,none,1,19.8,33.2,7,1
260,3,Agatha,Ghost,67,57.4,3,15.13,92.87,64.9,0,none,1,19.2,28.5,4,1
260,4,Lance,Dragon,67,57.4,3,20.83,100.0,45.7,0,none,1,24.1,43.8,9,1
261,1,Lorelei,Ice,37,35.4,6,0.0,65.97,100.0,0,none,1,17.7,43.3,5,1
261,2,Bruno,Fighting,37,35.4,6,10.61,77.37,82.3,0,none,1,48.5,38.8,8,1
261,3,Agatha,Ghost,37,35.4,6,23.32,89.77,73.8,1,revive,0,21.5,45.5,9,1
261,4,Lance,Dragon,37,35.4,6,32.72,61.82,52.3,0,none,0,0.0,0.0,0,0
262,1,Lorelei,Ice,45,48.1,6,0.0,58.6,100.0,0,none,1,30.1,33.7,7,1
262,2,Bruno,Fighting,45,48.1,6,7.22,70.76,69.9,0,none,0,28.3,50.0,3,1
262,3,Agatha,Ghost,45,48.1,6,16.62,53.98,41.6,0,none,0,0.0,0.0,0,0
262,4,Lance,Dragon,45,48.1,6,16.62,53.98,41.6,0,none,0,0.0,0.0,0,0
263,1,Lorelei,Ice,51,69.4,3,0.0,64.33,100.0,0,none,1,9.0,39.6,7,1
263,2,Bruno,Fighting,51,69.4,3,3.49,74.62,91.0,0,none,1,16.0,45.4,4,1
263,3,Agatha,Ghost,51,69.4,3,10.0,86.74,75.0,0,none,1,19.1,35.2,2,1
263,4,Lance,Dragon,51,69.4,3,19.79,100.0,55.9,0,none,1,29.0,40.7,10,1
264,1,Lorelei,Ice,55,72.6,4,0.0,57.35,100.0,0,none,1,10.6,45.8,9,1
264,2,Bruno,Fighting,55,72.6,4,14.61,78.91,89.4,0,none,1,29.1,55.5,4,1
264,3,Agatha,Ghost,55,72.6,4,24.81,93.46,60.3,0,none,0,18.4,42.3,8,1
264,4,Lance,Dragon,55,72.6,4,36.31,70.46,41.9,0,none,0,0.0,0.0,0,0
265,1,Lorelei,Ice,58,59.9,3,0.0,75.32,100.0,0,none,1,23.5,68.5,8,1
265,2,Bruno,Fighting,58,59.9,3,5.98,79.66,76.5,0,none,0,11.4,45.5,5,1
265,3,Agatha,Ghost,58,59.9,3,28.25,63.55,65.1,0,none,0,0.0,0.0,0,0
265,4,Lance,Dragon,58,59.9,3,28.25,63.55,65.1,0,none,0,0.0,0.0,0,0
266,1,Lorelei,Ice,48,67.8,2,0.0,69.11,100.0,0,none,1,5.8,46.1,2,1
266,2,Bruno,Fighting,48,67.8,2,8.03,89.92,94.2,0,none,1,35.1,44.4,6,1
266,3,Agatha,Ghost,48,67.8,2,12.74,100.0,59.1,0,none,1,31.6,49.6,7,1
266,4,Lance,Dragon,48,67.8,2,21.2,100.0,27.5,0,none,1,30.6,30.9,9,1
267,1,Lorelei,Ice,47,50.3,6,0.0,79.22,100.0,0,none,1,27.4,9.9,9,1
267,2,Bruno,Fighting,47,50.3,6,13.29,91.24,72.6,0,none,1,15.1,47.2,4,1
267,3,Agatha,Ghost,47,50.3,6,21.23,100.0,97.5,1,revive,1,20.0,38.5,4,1
267,4,Lance,Dragon,47,50.3,6,33.16,100.0,77.5,0,none,1,35.4,43.4,11,1
268,1,Lorelei,Ice,55,77.5,3,0.0,74.46,100.0,1,full_restore,1,0.5,43.7,4,1
268,2,Bruno,Fighting,55,77.5,3,15.06,86.35,99.5,0,none,1,11.7,51.9,9,1
268,3,Agatha,Ghost,55,77.5,3,25.63,100.0,87.8,0,none,1,19.8,37.0,8,1
268,4,Lance,Dragon,55,77.5,3,34.22,100.0,68.0,0,none,1,36.4,59.4,6,1
269,1,Lorelei,Ice,72,64.3,4,0.0,63.84,100.0,0,none,1,14.0,43.8,5,1
269,2,Bruno,Fighting,72,64.3,4,9.25,78.65,86.0,0,none,1,34.4,44.9,9,1
269,3,Agatha,Ghost,72,64.3,4,18.85,91.5,51.6,0,none,1,35.6,54.3,4,1
269,4,Lance,Dragon,72,64.3,4,33.57,100.0,16.0,0,none,1,32.9,46.8,10,1
270,1,Lorelei,Ice,55,46.4,2,0.0,77.28,100.0,0,none,1,21.4,30.4,6,1
270,2,Bruno,Fighting,55,46.4,2,10.01,92.01,78.6,0,none,1,22.6,36.3,7,1
270,3,Agatha,Ghost,55,46.4,2,22.83,100.0,56.0,0,none,1,24.0,36.3,3,1
270,4,Lance,Dragon,55,46.4,2,33.86,100.0,32.0,0,none,0,22.7,42.1,8,1
271,1,Lorelei,Ice,64,54.8,3,0.0,65.61,100.0,0,none,1,15.3,50.5,4,1
271,2,Bruno,Fighting,64,54.8,3,15.43,88.26,84.7,0,none,1,24.0,44.7,9,1
271,3,Agatha,Ghost,64,54.8,3,33.8,100.0,60.7,0,none,1,27.6,36.1,5,1
271,4,Lance,Dragon,64,54.8,3,46.43,100.0,33.1,0,none,1,14.8,55.5,8,1
272,1,Lorelei,Ice,46,74.3,4,0.0,67.28,100.0,0,none,1,23.4,32.2,12,1
272,2,Bruno,Fighting,46,74.3,4,13.64,92.88,76.6,0,none,1,6.1,27.1,8,1
272,3,Agatha,Ghost,46,74.3,4,24.97,100.0,70.5,0,none,1,19.3,39.6,12,1
272,4,Lance,Dragon,46,74.3,4,36.02,100.0,51.2,0,none,1,42.9,37.8,11,1
273,1,Lorelei,Ice,46,44.9,5,0.0,70.68,100.0,0,none,1,26.2,37.5,10,1
273,2,Bruno,Fighting,46,44.9,5,11.11,87.16,73.8,0,none,1,20.5,39.2,5,1
273,3,Agatha,Ghost,46,44.9,5,25.09,98.25,53.3,0,none,0,53.4,32.8,5,1
273,4,Lance,Dragon,46,44.9,5,38.53,77.96,0.0,0,none,0,0.0,0.0,0,0
274,1,Lorelei,Ice,63,72.2,3,0.0,77.71,100.0,0,none,1,34.8,55.0,10,1
274,2,Bruno,Fighting,63,72.2,3,4.02,100.0,65.2,0,none,1,27.3,55.6,3,1
274,3,Agatha,Ghost,63,72.2,3,9.92,100.0,37.9,0,none,1,20.5,50.3,3,1
274,4,Lance,Dragon,63,72.2,3,22.59,100.0,17.4,0,none,1,31.3,37.2,6,1
275,1,Lorelei,Ice,42,44.9,5,0.0,61.03,100.0,0,none,1,13.1,38.2,5,1
275,2,Bruno,Fighting,42,44.9,5,8.47,71.2,86.9,0,none,1,11.5,26.5,6,1
275,3,Agatha,Ghost,42,44.9,5,17.12,89.43,75.4,0,none,1,27.3,53.6,13,1
275,4,Lance,Dragon,42,44.9,5,23.09,100.0,88.1,1,revive,1,22.5,39.5,7,1
276,1,Lorelei,Ice,58,32.9,6,0.0,68.3,100.0,0,none,1,24.1,32.3,6,1
276,2,Bruno,Fighting,58,32.9,6,2.35,81.62,75.9,0,none,1,28.0,58.0,8,1
276,3,Agatha,Ghost,58,32.9,6,12.73,95.1,47.9,0,none,1,32.2,29.7,9,1
276,4,Lance,Dragon,58,32.9,6,22.45,94.96,15.7,0,none,1,36.8,44.4,9,1
277,1,Lorelei,Ice,52,44.3,3,0.0,69.42,100.0,0,none,1,29.7,23.1,6,1
277,2,Bruno,Fighting,52,44.3,3,7.28,83.62,70.3,0,none,1,7.7,53.6,9,1
277,3,Agatha,Ghost,52,44.3,3,15.37,96.9,62.6,0,none,1,21.2,30.0,6,1
277,4,Lance,Dragon,52,44.3,3,24.8,100.0,41.4,0,none,1,37.9,51.9,7,1
278,1,Lorelei,Ice,55,48.5,3,0.0,62.8,100.0,0,none,1,14.7,40.8,4,1
278,2,Bruno,Fighting,55,48.5,3,11.89,80.29,85.3,0,none,1,31.8,47.0,4,1
278,3,Agatha,Ghost,55,48.5,3,19.56,96.62,53.5,1,x_attack,1,19.8,61.9,6,1
278,4,Lance,Dragon,55,48.5,3,38.48,100.0,33.7,0,none,1,31.4,48.2,11,1
279,1,Lorelei,Ice,57,43.6,1,0.0,69.87,100.0,0,none,1,11.1,45.7,6,1
279,2,Bruno,Fighting,57,43.6,1,8.94,93.79,88.9,0,none,1,21.8,45.0,6,1
279,3,Agatha,Ghost,57,43.6,1,24.48,100.0,67.1,0,none,1,29.7,48.2,8,1
279,4,Lance,Dragon,57,43.6,1,31.49,100.0,37.4,0,none,1,39.4,52.8,7,1
280,1,Lorelei,Ice,68,90.1,4,0.0,80.4,100.0,0,none,1,20.8,35.1,4,1
280,2,Bruno,Fighting,68,90.1,4,9.6,100.0,100.0,1,revive,1,8.3,28.1,8,1
280,3,Agatha,Ghost,68,90.1,4,21.02,100.0,91.7,0,none,1,14.3,47.1,4,1
280,4,Lance,Dragon,68,90.1,4,24.93,100.0,77.4,0,none,1,17.8,55.2,5,1
281,1,Lorelei,Ice,57,37.3,4,0.0,44.37,100.0,0,none,0,14.6,25.1,3,1
281,2,Bruno,Fighting,57,37.3,4,15.04,28.88,85.4,0,none,0,0.0,0.0,0,0
281,3,Agatha,Ghost,57,37.3,4,15.04,28.88,85.4,0,none,0,0.0,0.0,0,0
281,4,Lance,Dragon,57,37.3,4,15.04,28.88,85.4,0,none,0,0.0,0.0,0,0
282,1,Lorelei,Ice,56,45.7,3,0.0,57.56,100.0,0,none,1,37.0,47.1,1,1
282,2,Bruno,Fighting,56,45.7,3,13.39,70.33,63.0,0,none,1,28.1,62.0,8,1
282,3,Agatha,Ghost,56,45.7,3,21.22,82.43,34.9,0,none,1,31.8,52.1,7,1
282,4,Lance,Dragon,56,45.7,3,30.49,100.0,3.1,0,none,1,32.4,66.6,9,1
283,1,Lorelei,Ice,62,69.6,2,0.0,73.42,100.0,0,none,1,27.5,52.8,2,1
283,2,Bruno,Fighting,62,69.6,2,12.16,90.15,72.5,0,none,0,35.9,48.3,7,1
283,3,Agatha,Ghost,62,69.6,2,25.18,66.21,36.6,0,none,0,0.0,0.0,0,0
283,4,Lance,Dragon,62,69.6,2,25.18,66.21,36.6,0,none,0,0.0,0.0,0,0
284,1,Lorelei,Ice,52,72.4,5,0.0,86.01,100.0,0,none,1,25.1,62.3,5,1
284,2,Bruno,Fighting,52,72.4,5,7.96,98.53,74.9,0,none,1,12.7,53.5,5,1
284,3,Agatha,Ghost,52,72.4,5,19.43,100.0,62.2,0,none,1,17.2,41.2,6,1
284,4,Lance,Dragon,52,72.4,5,32.87,100.0,45.0,0,none,1,27.5,51.0,11,1
285,1,Lorelei,Ice,56,87.6,2,0.0,80.01,100.0,0,none,1,31.5,55.0,5,1
285,2,Bruno,Fighting,56,87.6,2,10.42,94.42,68.5,0,none,1,30.0,57.6,5,1
285,3,Agatha,Ghost,56,87.6,2,26.46,100.0,38.5,0,none,1,30.7,53.9,8,1
285,4,Lance,Dragon,56,87.6,2,33.63,100.0,37.8,1,potion,1,31.8,63.6,8,1
286,1,Lorelei,Ice,60,60.1,4,0.0,85.89,100.0,0,none,1,0.0,47.6,4,1
286,2,Bruno,Fighting,60,60.1,4,7.87,100.0,100.0,0,none,1,16.9,31.6,7,1
286,3,Agatha,Ghost,60,60.1,4,21.8,100.0,83.1,0,none,1,26.7,44.7,7,1
286,4,Lance,Dragon,60,60.1,4,30.22,100.0,56.4,0,none,1,17.0,43.7,6,1
287,1,Lorelei,Ice,54,51.6,4,0.0,79.2,100.0,0,none,1,9.9,47.8,7,1
287,2,Bruno,Fighting,54,51.6,4,9.44,97.33,90.1,0,none,1,25.3,43.8,4,1
287,3,Agatha,Ghost,54,51.6,4,16.0,100.0,64.8,0,none,1,40.4,36.8,4,1
287,4,Lance,Dragon,54,51.6,4,26.21,100.0,24.4,0,none,1,25.0,39.3,11,1
288,1,Lorelei,Ice,60,79.1,5,0.0,57.59,100.0,0,none,1,23.0,44.0,7,1
288,2,Bruno,Fighting,60,79.1,5,8.99,61.82,77.0,0,none,1,20.6,66.0,4,1
288,3,Agatha,Ghost,60,79.1,5,19.44,70.53,56.4,0,none,1,38.2,52.8,5,1
288,4,Lance,Dragon,60,79.1,5,35.01,84.83,18.2,1,x_attack,1,23.9,74.2,3,1
289,1,Lorelei,Ice,46,76.8,5,0.0,65.15,100.0,0,none,1,15.9,30.7,5,1
289,2,Bruno,Fighting,46,76.8,5,15.18,75.44,84.1,0,none,0,0.0,52.8,7,1
289,3,Agatha,Ghost,46,76.8,5,28.44,64.87,84.1,0,none,0,0.0,0.0,0,0
289,4,Lance,Dragon,46,76.8,5,28.44,64.87,84.1,0,none,0,0.0,0.0,0,0
290,1,Lorelei,Ice,57,42.4,5,0.0,83.65,100.0,0,none,1,14.7,59.0,11,1
290,2,Bruno,Fighting,57,42.4,5,13.62,100.0,85.3,0,none,1,26.3,38.8,4,1
290,3,Agatha,Ghost,57,42.4,5,22.32,100.0,59.0,0,none,1,39.6,44.7,8,1
290,4,Lance,Dragon,57,42.4,5,29.98,100.0,19.4,0,none,0,17.3,42.0,7,1
291,1,Lorelei,Ice,43,52.0,2,0.0,77.43,100.0,0,none,0,5.5,46.4,7,1
291,2,Bruno,Fighting,43,52.0,2,12.8,54.87,94.5,0,none,0,0.0,0.0,0,0
291,3,Agatha,Ghost,43,52.0,2,12.8,54.87,94.5,0,none,0,0.0,0.0,0,0
291,4,Lance,Dragon,43,52.0,2,12.8,54.87,94.5,0,none,0,0.0,0.0,0,0
292,1,Lorelei,Ice,60,69.6,3,0.0,69.65,100.0,0,none,1,11.8,42.4,3,1
292,2,Bruno,Fighting,60,69.6,3,5.7,77.87,88.2,0,none,1,9.0,25.9,6,1
292,3,Agatha,Ghost,60,69.6,3,13.86,92.97,79.2,0,none,1,20.8,46.6,11,1
292,4,Lance,Dragon,60,69.6,3,25.74,100.0,58.4,0,none,1,31.6,57.3,6,1
293,1,Lorelei,Ice,47,69.6,3,0.0,69.46,100.0,0,none,1,14.2,38.9,5,1
293,2,Bruno,Fighting,47,69.6,3,5.79,92.99,85.8,0,none,1,28.9,60.9,1,1
293,3,Agatha,Ghost,47,69.6,3,14.33,100.0,56.9,0,none,1,11.0,53.1,3,1
293,4,Lance,Dragon,47,69.6,3,20.93,100.0,45.9,0,none,1,25.1,49.2,7,1
294,1,Lorelei,Ice,58,70.7,6,0.0,67.19,100.0,0,none,1,45.7,48.8,3,1
294,2,Bruno,Fighting,58,70.7,6,10.39,81.61,54.3,0,none,1,13.6,38.9,2,1
294,3,Agatha,Ghost,58,70.7,6,23.55,94.8,40.7,0,none,1,13.0,39.1,7,1
294,4,Lance,Dragon,58,70.7,6,36.77,100.0,27.7,0,none,1,32.4,71.5,4,1
295,1,Lorelei,Ice,43,62.3,3,0.0,50.92,100.0,0,none,1,11.1,35.7,5,1
295,2,Bruno,Fighting,43,62.3,3,7.5,66.45,88.9,0,none,1,28.3,50.1,7,1
295,3,Agatha,Ghost,43,62.3,3,19.39,77.83,60.6,0,none,1,25.3,32.7,9,1
295,4,Lance,Dragon,43,62.3,3,33.12,96.31,35.3,0,none,0,26.8,31.1,9,1
296,1,Lorelei,Ice,59,76.2,5,0.0,51.44,100.0,0,none,1,1.9,61.9,8,1
296,2,Bruno,Fighting,59,76.2,5,5.84,73.95,98.1,0,none,1,29.7,42.7,7,1
296,3,Agatha,Ghost,59,76.2,5,16.31,86.43,68.4,0,none,1,23.5,57.8,3,1
296,4,Lance,Dragon,59,76.2,5,22.66,100.0,44.9,0,none,1,42.0,45.4,3,1
297,1,Lorelei,Ice,57,85.7,4,0.0,60.49,100.0,0,none,1,0.0,40.0,7,1
297,2,Bruno,Fighting,57,85.7,4,9.51,77.31,100.0,0,none,1,5.1,50.1,7,1
297,3,Agatha,Ghost,57,85.7,4,17.29,98.68,94.9,0,none,1,45.3,40.8,4,1
297,4,Lance,Dragon,57,85.7,4,26.63,100.0,49.6,0,none,1,20.6,48.4,7,1
298,1,Lorelei,Ice,43,61.7,3,0.0,76.05,100.0,0,none,1,14.5,34.6,4,1
298,2,Bruno,Fighting,43,61.7,3,7.16,80.92,85.5,0,none,1,4.2,47.5,4,1
298,3,Agatha,Ghost,43,61.7,3,24.33,96.9,81.3,1,x_attack,1,21.7,49.1,9,1
298,4,Lance,Dragon,43,61.7,3,32.31,100.0,59.6,0,none,1,25.4,27.7,8,1
299,1,Lorelei,Ice,61,40.2,5,0.0,50.07,100.0,0,none,1,31.7,27.7,7,1
299,2,Bruno,Fighting,61,40.2,5,3.47,73.18,68.3,0,none,1,32.7,55.5,6,1
299,3,Agatha,Ghost,61,40.2,5,17.91,85.89,35.6,1,x_attack,1,26.8,31.0,7,1
299,4,Lance,Dragon,61,40.2,5,28.81,100.0,8.8,0,none,1,34.2,35.9,9,1
300,1,Lorelei,Ice,47,75.0,4,0.0,48.76,100.0,0,none,1,29.7,39.7,6,1
300,2,Bruno,Fighting,47,75.0,4,10.57,61.21,70.3,0,none,1,20.7,44.2,5,1
300,3,Agatha,Ghost,47,75.0,4,21.36,77.87,100.0,1,full_restore,1,31.8,51.7,11,1
300,4,Lance,Dragon,47,75.0,4,33.96,85.34,68.2,0,none,1,41.0,62.3,7,1
301,1,Lorelei,Ice,70,16.6,1,0.0,66.09,100.0,0,none,1,24.9,41.2,8,1
301,2,Bruno,Fighting,70,16.6,1,7.88,82.57,75.1,0,none,1,26.0,22.7,8,1
301,3,Agatha,Ghost,70,16.6,1,18.16,100.0,49.1,0,none,0,27.8,54.4,14,1
301,4,Lance,Dragon,70,16.6,1,32.52,78.32,21.3,0,none,0,0.0,0.0,0,0
302,1,Lorelei,Ice,57,61.0,6,0.0,70.33,100.0,0,none,1,33.0,41.7,6,1
302,2,Bruno,Fighting,57,61.0,6,7.62,88.26,67.0,0,none,1,20.9,45.4,3,1
302,3,Agatha,Ghost,57,61.0,6,17.94,100.0,46.1,0,none,1,29.7,47.3,7,1
302,4,Lance,Dragon,57,61.0,6,32.64,100.0,16.4,0,none,1,34.2,49.4,3,1
303,1,Lorelei,Ice,59,68.8,6,0.0,82.59,100.0,0,none,1,36.6,55.5,5,1
303,2,Bruno,Fighting,59,68.8,6,10.91,94.88,63.4,0,none,1,29.7,42.2,3,1
303,3,Agatha,Ghost,59,68.8,6,18.92,100.0,33.7,0,none,1,9.5,45.1,9,1
303,4,Lance,Dragon,59,68.8,6,30.63,100.0,54.2,1,potion,0,42.1,44.5,6,1
304,1,Lorelei,Ice,45,73.3,5,0.0,61.72,100.0,0,none,1,15.6,49.2,7,1
304,2,Bruno,Fighting,45,73.3,5,4.49,80.36,84.4,0,none,1,6.9,32.2,10,1
304,3,Agatha,Ghost,45,73.3,5,12.54,96.23,77.5,0,none,1,38.4,37.9,6,1
304,4,Lance,Dragon,45,73.3,5,18.22,100.0,39.1,0,none,1,28.6,42.7,5,1
305,1,Lorelei,Ice,61,69.8,3,0.0,71.56,100.0,0,none,1,27.0,41.9,11,1
305,2,Bruno,Fighting,61,69.8,3,7.46,85.16,73.0,0,none,1,32.9,43.9,5,1
305,3,Agatha,Ghost,61,69.8,3,16.85,100.0,40.1,0,none,1,7.2,57.0,6,1
305,4,Lance,Dragon,61,69.8,3,30.31,100.0,92.9,1,full_restore,1,40.9,37.6,13,1
306,1,Lorelei,Ice,55,67.4,5,0.0,75.83,100.0,0,none,1,12.2,47.0,4,1
306,2,Bruno,Fighting,55,67.4,5,6.55,92.0,87.8,0,none,1,33.9,34.3,6,1
306,3,Agatha,Ghost,55,67.4,5,18.88,100.0,53.9,0,none,1,0.0,43.5,7,1
306,4,Lance,Dragon,55,67.4,5,31.18,100.0,53.9,0,none,1,25.4,31.0,8,1
307,1,Lorelei,Ice,47,65.4,2,0.0,51.04,100.0,0,none,1,31.4,34.8,7,1
307,2,Bruno,Fighting,47,65.4,2,15.2,60.65,68.6,0,none,0,22.6,41.5,2,1
307,3,Agatha,Ghost,47,65.4,2,30.87,42.27,46.0,0,none,0,0.0,0.0,0,0
307,4,Lance,Dragon,47,65.4,2,30.87,42.27,46.0,0,none,0,0.0,0.0,0,0
308,1,Lorelei,Ice,44,58.8,1,0.0,81.29,100.0,0,none,1,4.5,45.6,9,1
308,2,Bruno,Fighting,44,58.8,1,14.93,91.38,95.5,0,none,1,16.0,53.8,4,1
308,3,Agatha,Ghost,44,58.8,1,20.93,100.0,79.5,0,none,1,45.2,40.2,8,1
308,4,Lance,Dragon,44,58.8,1,23.39,100.0,34.3,0,none,1,37.6,40.7,5,1
309,1,Lorelei,Ice,50,76.1,4,0.0,66.13,100.0,0,none,1,1.8,48.9,12,1
309,2,Bruno,Fighting,50,76.1,4,4.93,77.57,98.2,0,none,1,22.5,40.7,5,1
309,3,Agatha,Ghost,50,76.1,4,10.98,98.15,75.7,0,none,0,11.9,34.5,5,1
309,4,Lance,Dragon,50,76.1,4,26.64,83.92,63.8,0,none,0,0.0,0.0,0,0
310,1,Lorelei,Ice,48,68.7,3,0.0,55.01,100.0,0,none,1,27.1,35.6,10,1
310,2,Bruno,Fighting,48,68.7,3,10.67,65.97,100.0,1,full_restore,1,17.7,38.2,5,1
310,3,Agatha,Ghost,48,68.7,3,20.42,76.35,82.3,0,none,1,36.0,42.8,6,1
310,4,Lance,Dragon,48,68.7,3,32.77,88.48,46.3,0,none,1,34.9,50.2,5,1
311,1,Lorelei,Ice,62,46.2,6,0.0,81.21,100.0,0,none,1,20.2,40.0,2,1
311,2,Bruno,Fighting,62,46.2,6,10.58,100.0,79.8,0,none,1,32.9,40.1,10,1
311,3,Agatha,Ghost,62,46.2,6,23.23,100.0,46.9,0,none,1,20.4,49.0,5,1
311,4,Lance,Dragon,62,46.2,6,28.76,100.0,26.5,0,none,1,42.4,32.8,9,1
312,1,Lorelei,Ice,51,45.8,3,0.0,79.66,100.0,0,none,1,25.8,43.6,7,1
312,2,Bruno,Fighting,51,45.8,3,9.1,87.82,74.2,0,none,0,41.2,29.8,3,1
312,3,Agatha,Ghost,51,45.8,3,18.33,74.73,33.0,0,none,0,0.0,0.0,0,0
312,4,Lance,Dragon,51,45.8,3,18.33,74.73,33.0,0,none,0,0.0,0.0,0,0
313,1,Lorelei,Ice,56,77.8,5,0.0,76.96,100.0,0,none,1,32.4,47.2,1,1
313,2,Bruno,Fighting,56,77.8,5,8.64,96.16,67.6,0,none,1,24.0,49.0,8,1
313,3,Agatha,Ghost,56,77.8,5,21.5,100.0,43.6,0,none,1,11.0,47.8,2,1
313,4,Lance,Dragon,56,77.8,5,31.11,100.0,92.6,1,full_restore,1,39.5,53.4,2,1
314,1,Lorelei,Ice,58,65.5,6,0.0,82.36,100.0,0,none,1,17.5,28.2,4,1
314,2,Bruno,Fighting,58,65.5,6,8.74,100.0,82.5,0,none,1,16.6,39.8,9,1
314,3,Agatha,Ghost,58,65.5,6,13.9,100.0,65.9,0,none,1,30.5,64.5,6,1
314,4,Lance,Dragon,58,65.5,6,27.25,100.0,35.4,0,none,1,38.8,58.1,4,1
315,1,Lorelei,Ice,49,79.5,5,0.0,55.42,100.0,0,none,1,17.3,48.6,4,1
315,2,Bruno,Fighting,49,79.5,5,13.52,73.95,82.7,0,none,1,11.1,51.7,9,1
315,3,Agatha,Ghost,49,79.5,5,19.25,84.3,71.6,0,none,1,25.3,39.2,5,1
315,4,Lance,Dragon,49,79.5,5,31.84,96.51,46.3,0,none,1,33.2,57.3,13,1
316,1,Lorelei,Ice,48,95.0,6,0.0,74.21,100.0,0,none,1,12.4,41.4,5,1
316,2,Bruno,Fighting,48,95.0,6,11.83,89.9,87.6,0,none,1,13.9,48.6,10,1
316,3,Agatha,Ghost,48,95.0,6,23.81,100.0,73.7,0,none,1,23.8,48.0,6,1
316,4,Lance,Dragon,48,95.0,6,34.48,100.0,49.9,0,none,1,15.3,46.5,4,1
317,1,Lorelei,Ice,53,63.4,5,0.0,75.19,100.0,0,none,1,30.8,39.9,5,1
317,2,Bruno,Fighting,53,63.4,5,11.17,95.68,69.2,0,none,1,22.5,34.3,7,1
317,3,Agatha,Ghost,53,63.4,5,19.81,100.0,46.7,0,none,1,22.0,30.8,7,1
317,4,Lance,Dragon,53,63.4,5,31.91,100.0,24.7,0,none,0,35.8,29.8,11,1
318,1,Lorelei,Ice,53,86.0,6,0.0,75.48,100.0,0,none,1,12.0,47.4,2,1
318,2,Bruno,Fighting,53,86.0,6,10.62,93.98,88.0,0,none,1,8.4,24.1,4,1
318,3,Agatha,Ghost,53,86.0,6,19.54,100.0,79.6,0,none,1,39.8,51.1,6,1
318,4,Lance,Dragon,53,86.0,6,28.03,100.0,39.8,0,none,1,11.9,45.0,6,1
319,1,Lorelei,Ice,62,48.0,6,0.0,63.73,100.0,0,none,1,17.6,39.0,8,1
319,2,Bruno,Fighting,62,48.0,6,6.13,82.02,82.4,0,none,1,34.3,48.3,4,1
319,3,Agatha,Ghost,62,48.0,6,17.46,97.53,48.1,0,none,1,21.3,39.2,8,1
319,4,Lance,Dragon,62,48.0,6,28.07,100.0,26.8,0,none,1,35.8,26.4,7,1
320,1,Lorelei,Ice,48,60.7,5,0.0,71.24,100.0,0,none,1,25.7,46.2,10,1
320,2,Bruno,Fighting,48,60.7,5,13.21,77.95,74.3,0,none,1,17.5,42.2,5,1
320,3,Agatha,Ghost,48,60.7,5,29.68,93.09,56.8,0,none,1,29.5,33.8,4,1
320,4,Lance,Dragon,48,60.7,5,40.49,100.0,27.3,0,none,1,45.8,50.1,5,1
321,1,Lorelei,Ice,69,72.7,2,0.0,70.49,100.0,0,none,1,18.6,17.3,7,1
321,2,Bruno,Fighting,69,72.7,2,12.13,90.02,81.4,0,none,1,21.8,68.5,3,1
321,3,Agatha,Ghost,69,72.7,2,19.24,98.92,59.6,0,none,1,23.5,52.9,7,1
321,4,Lance,Dragon,69,72.7,2,26.92,100.0,36.1,0,none,1,37.3,55.3,6,1
322,1,Lorelei,Ice,52,56.9,5,0.0,90.5,100.0,0,none,1,17.6,30.8,9,1
322,2,Bruno,Fighting,52,56.9,5,5.66,100.0,82.4,0,none,1,22.3,50.3,12,1
322,3,Agatha,Ghost,52,56.9,5,14.91,100.0,60.1,0,none,1,14.6,29.1,8,1
322,4,Lance,Dragon,52,56.9,5,23.39,100.0,45.5,0,none,1,24.5,60.9,5,1
323,1,Lorelei,Ice,70,79.5,3,0.0,69.43,100.0,0,none,1,24.0,47.6,11,1
323,2,Bruno,Fighting,70,79.5,3,12.09,77.95,76.0,0,none,1,23.3,58.3,9,1
323,3,Agatha,Ghost,70,79.5,3,18.75,97.01,82.7,1,potion,1,30.9,52.4,4,1
323,4,Lance,Dragon,70,79.5,3,29.19,100.0,51.8,0,none,1,22.9,45.0,12,1
324,1,Lorelei,Ice,53,56.8,3,0.0,69.77,100.0,0,none,1,33.3,43.0,7,1
324,2,Bruno,Fighting,53,56.8,3,8.06,85.4,66.7,0,none,1,30.9,31.3,6,1
324,3,Agatha,Ghost,53,56.8,3,21.19,100.0,75.8,1,revive,1,18.6,41.3,10,1
324,4,Lance,Dragon,53,56.8,3,31.14,100.0,57.2,0,none,1,42.9,33.6,7,1
325,1,Lorelei,Ice,44,50.7,1,0.0,69.14,100.0,0,none,1,23.2,41.8,7,1
325,2,Bruno,Fighting,44,50.7,1,6.94,87.6,76.8,0,none,1,28.1,27.5,6,1
325,3,Agatha,Ghost,44,50.7,1,13.97,100.0,48.7,0,none,1,22.3,31.2,4,1
325,4,Lance,Dragon,44,50.7,1,18.22,100.0,26.4,0,none,0,30.2,28.7,5,1
326,1,Lorelei,Ice,48,40.1,2,0.0,72.58,100.0,0,none,1,22.8,62.1,5,1
326,2,Bruno,Fighting,48,40.1,2,14.36,96.34,77.2,0,none,1,30.5,45.8,6,1
326,3,Agatha,Ghost,48,40.1,2,27.94,100.0,46.7,0,none,0,11.5,23.4,5,1
326,4,Lance,Dragon,48,40.1,2,38.77,70.02,35.2,0,none,0,0.0,0.0,0,0
327,1,Lorelei,Ice,58,70.7,2,0.0,73.96,100.0,0,none,1,14.0,26.9,6,1
327,2,Bruno,Fighting,58,70.7,2,9.96,88.9,86.0,0,none,1,19.4,31.1,4,1
327,3,Agatha,Ghost,58,70.7,2,14.44,98.08,66.6,0,none,1,22.1,59.1,5,1
327,4,Lance,Dragon,58,70.7,2,24.77,100.0,44.5,0,none,1,14.3,40.8,9,1
328,1,Lorelei,Ice,39,57.9,2,0.0,65.96,100.0,0,none,1,39.9,37.3,9,1
328,2,Bruno,Fighting,39,57.9,2,12.6,73.86,60.1,0,none,1,9.4,38.9,4,1
328,3,Agatha,Ghost,39,57.9,2,15.74,84.93,50.7,0,none,1,40.8,43.9,5,1
328,4,Lance,Dragon,39,57.9,2,25.27,98.93,9.9,0,none,0,28.7,25.8,9,1
329,1,Lorelei,Ice,69,34.7,5,0.0,73.75,100.0,0,none,1,27.3,32.6,6,1
329,2,Bruno,Fighting,69,34.7,5,7.15,89.85,72.7,0,none,1,22.8,54.4,5,1
329,3,Agatha,Ghost,69,34.7,5,14.9,97.43,49.9,0,none,1,42.8,22.7,7,1
329,4,Lance,Dragon,69,34.7,5,21.59,100.0,7.1,0,none,0,43.4,60.5,4,1
330,1,Lorelei,Ice,57,80.6,6,0.0,62.14,100.0,0,none,1,7.5,42.6,4,1
330,2,Bruno,Fighting,57,80.6,6,9.44,82.02,92.5,0,none,1,27.2,32.9,3,1
330,3,Agatha,Ghost,57,80.6,6,14.35,97.54,65.3,0,none,1,36.2,63.4,3,1
330,4,Lance,Dragon,57,80.6,6,22.14,100.0,29.1,0,none,1,48.7,47.2,6,1
331,1,Lorelei,Ice,62,40.0,6,0.0,78.23,100.0,0,none,1,35.8,37.2,5,1
331,2,Bruno,Fighting,62,40.0,6,11.6,97.12,64.2,0,none,1,9.4,39.6,12,1
331,3,Agatha,Ghost,62,40.0,6,21.58,100.0,54.8,0,none,1,22.8,57.3,4,1
331,4,Lance,Dragon,62,40.0,6,30.32,100.0,32.0,0,none,0,34.5,40.8,9,1
332,1,Lorelei,Ice,69,55.8,1,0.0,65.09,100.0,0,none,1,14.4,35.2,10,1
332,2,Bruno,Fighting,69,55.8,1,8.56,84.44,85.6,0,none,1,14.5,51.2,5,1
332,3,Agatha,Ghost,69,55.8,1,20.26,100.0,71.1,0,none,1,28.2,48.1,3,1
332,4,Lance,Dragon,69,55.8,1,30.84,100.0,100.0,1,full_restore,1,27.1,74.6,10,1
333,1,Lorelei,Ice,57,62.4,3,0.0,61.59,100.0,1,potion,1,19.2,35.1,5,1
333,2,Bruno,Fighting,57,62.4,3,10.47,79.84,80.8,0,none,1,19.1,42.0,3,1
333,3,Agatha,Ghost,57,62.4,3,22.16,100.0,61.7,0,none,1,20.6,52.2,6,1
333,4,Lance,Dragon,57,62.4,3,31.56,100.0,41.1,0,none,1,23.7,57.1,9,1
334,1,Lorelei,Ice,64,60.8,1,0.0,73.86,100.0,0,none,1,12.9,46.1,8,1
334,2,Bruno,Fighting,64,60.8,1,15.79,83.04,87.1,0,none,1,11.8,30.6,5,1
334,3,Agatha,Ghost,64,60.8,1,29.15,89.13,75.3,0,none,1,1.5,32.3,4,1
334,4,Lance,Dragon,64,60.8,1,40.5,100.0,73.8,0,none,1,33.7,33.8,6,1
335,1,Lorelei,Ice,58,38.4,5,0.0,89.65,100.0,0,none,1,5.3,34.8,3,1
335,2,Bruno,Fighting,58,38.4,5,6.75,100.0,94.7,0,none,1,23.5,30.8,5,1
335,3,Agatha,Ghost,58,38.4,5,19.24,100.0,71.2,0,none,1,18.2,47.0,2,1
335,4,Lance,Dragon,58,38.4,5,32.77,100.0,53.0,0,none,0,25.1,28.2,4,1
336,1,Lorelei,Ice,59,50.9,2,0.0,64.16,100.0,0,none,1,25.2,43.8,12,1
336,2,Bruno,Fighting,59,50.9,2,12.08,75.24,74.8,0,none,1,34.2,49.9,9,1
336,3,Agatha,Ghost,59,50.9,2,25.24,90.06,40.6,0,none,1,29.5,50.5,12,1
336,4,Lance,Dragon,59,50.9,2,28.35,94.15,11.1,0,none,1,31.8,44.6,7,1
337,1,Lorelei,Ice,50,90.3,3,0.0,68.07,100.0,0,none,1,10.3,32.6,4,1
337,2,Bruno,Fighting,50,90.3,3,7.67,88.61,89.7,0,none,1,25.7,49.3,3,1
337,3,Agatha,Ghost,50,90.3,3,24.47,100.0,64.0,0,none,1,21.6,50.6,4,1
337,4,Lance,Dragon,50,90.3,3,38.63,100.0,42.4,0,none,1,29.1,44.0,8,1
338,1,Lorelei,Ice,55,33.6,2,0.0,68.64,100.0,0,none,1,15.0,50.1,7,1
338,2,Bruno,Fighting,55,33.6,2,11.15,86.95,85.0,0,none,1,14.8,41.7,2,1
338,3,Agatha,Ghost,55,33.6,2,19.37,100.0,70.2,0,none,1,22.5,35.7,6,1
338,4,Lance,Dragon,55,33.6,2,31.41,100.0,47.7,0,none,0,39.5,36.0,8,1
339,1,Lorelei,Ice,57,16.4,1,0.0,77.62,100.0,0,none,1,41.1,53.4,5,1
339,2,Bruno,Fighting,57,16.4,1,8.91,92.24,58.9,0,none,1,25.6,37.8,4,1
339,3,Agatha,Ghost,57,16.4,1,19.34,100.0,33.3,0,none,0,33.7,26.6,8,1
339,4,Lance,Dragon,57,16.4,1,36.11,79.42,0.0,0,none,0,0.0,0.0,0,0
340,1,Lorelei,Ice,49,73.9,5,0.0,71.33,100.0,0,none,1,6.1,40.1,5,1
340,2,Bruno,Fighting,49,73.9,5,9.19,81.26,93.9,0,none,1,18.8,53.6,3,1
340,3,Agatha,Ghost,49,73.9,5,18.05,97.73,75.1,0,none,1,19.3,61.8,7,1
340,4,Lance,Dragon,49,73.9,5,25.59,100.0,55.8,0,none,1,33.9,40.5,4,1
341,1,Lorelei,Ice,59,63.3,6,0.0,61.51,100.0,0,none,1,19.3,41.7,4,1
341,2,Bruno,Fighting,59,63.3,6,13.01,73.1,80.7,0,none,1,29.7,48.8,5,1
341,3,Agatha,Ghost,59,63.3,6,21.32,84.65,51.0,0,none,1,17.3,36.3,6,1
341,4,Lance,Dragon,59,63.3,6,24.58,97.11,33.7,0,none,0,39.3,45.0,2,1
342,1,Lorelei,Ice,55,72.0,6,0.0,73.97,100.0,0,none,1,30.0,65.7,4,1
342,2,Bruno,Fighting,55,72.0,6,11.4,91.33,70.0,0,none,1,29.8,21.4,6,1
342,3,Agatha,Ghost,55,72.0,6,19.51,100.0,40.2,0,none,1,28.5,39.6,6,1
342,4,Lance,Dragon,55,72.0,6,26.64,100.0,11.7,0,none,1,29.4,15.8,6,1
343,1,Lorelei,Ice,52,31.7,1,0.0,66.76,100.0,0,none,1,41.1,30.5,4,1
343,2,Bruno,Fighting,52,31.7,1,6.74,87.56,58.9,0,none,1,10.3,23.5,9,1
343,3,Agatha,Ghost,52,31.7,1,18.97,96.35,48.6,0,none,1,38.9,34.3,5,1
343,4,Lance,Dragon,52,31.7,1,26.48,100.0,9.7,0,none,0,34.3,41.5,6,1
344,1,Lorelei,Ice,53,63.7,3,0.0,60.11,100.0,0,none,1,21.0,31.1,4,1
344,2,Bruno,Fighting,53,63.7,3,14.87,72.72,79.0,0,none,1,17.7,34.9,5,1
344,3,Agatha,Ghost,53,63.7,3,22.3,94.3,61.3,0,none,1,25.8,49.1,13,1
344,4,Lance,Dragon,53,63.7,3,35.34,100.0,35.5,1,x_attack,1,26.7,63.0,7,1
345,1,Lorelei,Ice,54,54.8,5,0.0,64.97,100.0,0,none,1,19.0,34.6,8,1
345,2,Bruno,Fighting,54,54.8,5,9.52,75.74,81.0,0,none,1,21.2,42.8,8,1
345,3,Agatha,Ghost,54,54.8,5,16.16,93.21,59.8,0,none,0,21.7,45.6,5,1
345,4,Lance,Dragon,54,54.8,5,30.9,82.29,38.1,0,none,0,0.0,0.0,0,0
346,1,Lorelei,Ice,68,50.8,1,0.0,73.44,100.0,0,none,1,33.2,51.1,6,1
346,2,Bruno,Fighting,68,50.8,1,8.68,91.19,66.8,0,none,1,34.5,32.8,4,1
346,3,Agatha,Ghost,68,50.8,1,19.65,100.0,32.3,0,none,1,37.3,61.1,4,1
346,4,Lance,Dragon,68,50.8,1,29.81,100.0,60.0,1,full_restore,0,20.0,36.4,3,1
347,1,Lorelei,Ice,53,72.3,1,0.0,76.03,100.0,0,none,1,0.0,57.4,2,1
347,2,Bruno,Fighting,53,72.3,1,10.92,87.4,100.0,0,none,1,24.6,40.9,8,1
347,3,Agatha,Ghost,53,72.3,1,26.27,100.0,75.4,0,none,1,17.9,39.2,4,1
347,4,Lance,Dragon,53,72.3,1,33.37,100.0,57.5,0,none,1,38.7,38.2,6,1
348,1,Lorelei,Ice,57,41.1,4,0.0,65.95,100.0,0,none,0,18.7,36.1,2,1
348,2,Bruno,Fighting,57,41.1,4,14.16,38.08,81.3,0,none,0,0.0,0.0,0,0
348,3,Agatha,Ghost,57,41.1,4,14.16,38.08,81.3,0,none,0,0.0,0.0,0,0
348,4,Lance,Dragon,57,41.1,4,14.16,38.08,81.3,0,none,0,0.0,0.0,0,0
349,1,Lorelei,Ice,54,76.8,2,0.0,80.77,100.0,0,none,1,21.6,30.9,3,1
349,2,Bruno,Fighting,54,76.8,2,10.58,100.0,78.4,0,none,1,41.3,35.9,3,1
349,3,Agatha,Ghost,54,76.8,2,17.55,100.0,37.1,0,none,0,19.1,49.6,5,1
349,4,Lance,Dragon,54,76.8,2,30.82,81.14,18.0,0,none,0,0.0,0.0,0,0
350,1,Lorelei,Ice,64,31.8,6,0.0,70.21,100.0,0,none,1,21.0,58.5,3,1
350,2,Bruno,Fighting,64,31.8,6,14.99,83.75,79.0,0,none,1,38.4,57.6,7,1
350,3,Agatha,Ghost,64,31.8,6,23.73,100.0,70.6,1,potion,1,33.4,56.2,6,1
350,4,Lance,Dragon,64,31.8,6,33.03,100.0,37.2,0,none,1,38.0,28.5,10,1
351,1,Lorelei,Ice,45,61.1,4,0.0,79.33,100.0,0,none,1,21.2,57.3,5,1
351,2,Bruno,Fighting,45,61.1,4,6.6,94.75,78.8,0,none,1,7.1,40.7,10,1
351,3,Agatha,Ghost,45,61.1,4,15.68,100.0,71.7,0,none,0,21.1,49.6,5,1
351,4,Lance,Dragon,45,61.1,4,30.29,76.23,50.6,0,none,0,0.0,0.0,0,0
352,1,Lorelei,Ice,42,30.6,1,0.0,80.15,100.0,0,none,1,25.2,45.8,6,1
352,2,Bruno,Fighting,42,30.6,1,2.97,100.0,74.8,0,none,1,21.5,22.4,5,1
352,3,Agatha,Ghost,42,30.6,1,14.02,100.0,53.3,0,none,0,29.1,20.0,5,1
352,4,Lance,Dragon,42,30.6,1,28.62,82.04,24.2,0,none,0,0.0,0.0,0,0
353,1,Lorelei,Ice,57,51.6,1,0.0,64.88,100.0,0,none,1,25.2,38.7,7,1
353,2,Bruno,Fighting,57,51.6,1,12.64,80.75,74.8,0,none,1,27.3,50.4,6,1
353,3,Agatha,Ghost,57,51.6,1,20.25,95.5,47.5,0,none,1,31.4,47.9,1,1
353,4,Lance,Dragon,57,51.6,1,32.17,100.0,16.1,0,none,1,15.1,41.2,8,1
354,1,Lorelei,Ice,56,25.5,1,0.0,75.19,100.0,0,none,1,37.7,41.4,5,1
354,2,Bruno,Fighting,56,25.5,1,11.83,90.67,62.3,0,none,1,29.9,42.0,7,1
354,3,Agatha,Ghost,56,25.5,1,15.18,97.8,32.4,0,none,1,25.0,28.2,6,1
354,4,Lance,Dragon,56,25.5,1,24.7,100.0,7.4,0,none,0,45.9,21.9,4,1
355,1,Lorelei,Ice,42,62.5,6,0.0,65.95,100.0,0,none,1,23.8,34.7,11,1
355,2,Bruno,Fighting,42,62.5,6,8.91,85.36,76.2,0,none,1,12.3,52.0,7,1
355,3,Agatha,Ghost,42,62.5,6,16.65,92.44,63.9,0,none,1,26.0,25.0,8,1
355,4,Lance,Dragon,42,62.5,6,23.55,100.0,37.9,0,none,1,51.4,51.7,11,1
356,1,Lorelei,Ice,37,53.3,5,0.0,64.1,100.0,0,none,0,30.5,38.8,7,1
356,2,Bruno,Fighting,37,53.3,5,11.88,44.26,69.5,0,none,0,0.0,0.0,0,0
356,3,Agatha,Ghost,37,53.3,5,11.88,44.26,69.5,0,none,0,0.0,0.0,0,0
356,4,Lance,Dragon,37,53.3,5,11.88,44.26,69.5,0,none,0,0.0,0.0,0,0
357,1,Lorelei,Ice,52,38.8,4,0.0,48.7,100.0,0,none,1,39.8,30.1,3,1
357,2,Bruno,Fighting,52,38.8,4,7.25,56.62,60.2,0,none,1,14.5,42.2,8,1
357,3,Agatha,Ghost,52,38.8,4,16.99,70.21,100.0,1,full_restore,1,28.3,52.8,4,1
357,4,Lance,Dragon,52,38.8,4,24.72,93.05,71.7,0,none,0,33.9,56.3,5,1
358,1,Lorelei,Ice,72,46.5,2,0.0,89.15,100.0,0,none,0,18.1,44.7,6,1
358,2,Bruno,Fighting,72,46.5,2,20.41,75.52,81.9,0,none,0,0.0,0.0,0,0
358,3,Agatha,Ghost,72,46.5,2,20.41,75.52,81.9,0,none,0,0.0,0.0,0,0
358,4,Lance,Dragon,72,46.5,2,20.41,75.52,81.9,0,none,0,0.0,0.0,0,0
359,1,Lorelei,Ice,67,37.8,3,0.0,71.65,100.0,0,none,1,20.3,31.3,8,1
359,2,Bruno,Fighting,67,37.8,3,9.23,82.55,79.7,0,none,1,18.6,52.7,5,1
359,3,Agatha,Ghost,67,37.8,3,14.72,87.56,61.1,0,none,1,23.8,51.9,4,1
359,4,Lance,Dragon,67,37.8,3,26.53,100.0,37.3,0,none,0,26.3,48.7,6,1
360,1,Lorelei,Ice,62,68.8,3,0.0,76.67,100.0,0,none,1,15.9,27.7,2,1
360,2,Bruno,Fighting,62,68.8,3,5.38,86.98,84.1,0,none,1,1.3,40.0,5,1
360,3,Agatha,Ghost,62,68.8,3,16.79,100.0,82.8,0,none,1,30.6,40.1,4,1
360,4,Lance,Dragon,62,68.8,3,24.19,98.95,52.2,0,none,0,0.0,42.8,6,1
361,1,Lorelei,Ice,47,59.3,5,0.0,78.98,100.0,0,none,1,14.6,27.5,6,1
361,2,Bruno,Fighting,47,59.3,5,9.46,87.81,85.4,0,none,1,17.3,32.4,3,1
361,3,Agatha,Ghost,47,59.3,5,18.34,95.27,68.1,0,none,1,17.7,42.4,7,1
361,4,Lance,Dragon,47,59.3,5,27.51,100.0,50.4,0,none,1,27.7,46.2,2,1
362,1,Lorelei,Ice,66,43.5,4,0.0,86.2,100.0,0,none,1,26.9,36.9,5,1
362,2,Bruno,Fighting,66,43.5,4,11.25,100.0,73.1,0,none,1,22.7,33.1,6,1
362,3,Agatha,Ghost,66,43.5,4,21.74,100.0,50.4,0,none,1,8.1,70.8,5,1
362,4,Lance,Dragon,66,43.5,4,28.29,100.0,42.3,0,none,1,47.5,48.2,6,1
363,1,Lorelei,Ice,55,76.2,3,0.0,65.21,100.0,0,none,1,17.2,27.9,5,1
363,2,Bruno,Fighting,55,76.2,3,9.57,81.1,82.8,0,none,1,20.1,42.8,4,1
363,3,Agatha,Ghost,55,76.2,3,17.42,99.61,62.7,0,none,1,16.4,37.7,6,1
363,4,Lance,Dragon,55,76.2,3,27.32,100.0,46.3,0,none,0,21.7,52.8,7,1
364,1,Lorelei,Ice,48,29.1,4,0.0,71.03,100.0,0,none,1,18.2,33.0,7,1
364,2,Bruno,Fighting,48,29.1,4,6.94,83.72,81.8,0,none,1,30.6,26.5,9,1
364,3,Agatha,Ghost,48,29.1,4,20.26,97.26,51.2,0,none,1,29.9,41.9,9,1
364,4,Lance,Dragon,48,29.1,4,30.64,100.0,21.3,0,none,1,16.0,36.1,8,1
365,1,Lorelei,Ice,52,54.4,6,0.0,85.26,100.0,0,none,1,41.7,50.7,4,1
365,2,Bruno,Fighting,52,54.4,6,6.95,97.86,58.3,1,x_attack,1,38.6,67.3,5,1
365,3,Agatha,Ghost,52,54.4,6,14.42,100.0,19.7,0,none,1,2.9,31.6,7,1
365,4,Lance,Dragon,52,54.4,6,24.8,100.0,56.8,1,revive,1,26.2,41.4,4,1
366,1,Lorelei,Ice,48,66.0,1,0.0,68.77,100.0,0,none,1,24.9,35.3,4,1
366,2,Bruno,Fighting,48,66.0,1,9.49,79.9,75.1,0,none,1,24.8,75.0,9,1
366,3,Agatha,Ghost,48,66.0,1,21.38,98.84,50.3,0,none,1,38.1,27.7,9,1
366,4,Lance,Dragon,48,66.0,1,32.34,100.0,12.2,0,none,1,23.6,40.0,4,1
367,1,Lorelei,Ice,45,40.2,5,0.0,67.73,100.0,0,none,1,11.3,35.3,1,1
367,2,Bruno,Fighting,45,40.2,5,10.72,90.88,88.7,0,none,1,10.1,35.1,7,1
367,3,Agatha,Ghost,45,40.2,5,22.91,100.0,78.6,0,none,1,13.8,26.5,8,1
367,4,Lance,Dragon,45,40.2,5,31.84,100.0,64.8,0,none,1,20.8,36.9,9,1
368,1,Lorelei,Ice,61,70.3,2,0.0,68.81,100.0,0,none,1,20.6,31.4,5,1
368,2,Bruno,Fighting,61,70.3,2,14.96,84.47,79.4,0,none,1,11.8,57.0,5,1
368,3,Agatha,Ghost,61,70.3,2,24.08,97.17,67.6,0,none,1,10.4,40.7,3,1
368,4,Lance,Dragon,61,70.3,2,30.48,100.0,57.2,0,none,1,23.8,43.3,6,1
369,1,Lorelei,Ice,43,46.4,5,0.0,95.32,100.0,0,none,1,21.7,34.6,7,1
369,2,Bruno,Fighting,43,46.4,5,9.63,100.0,78.3,0,none,1,41.9,31.8,2,1
369,3,Agatha,Ghost,43,46.4,5,15.9,100.0,36.4,0,none,1,22.4,46.6,7,1
369,4,Lance,Dragon,43,46.4,5,19.3,100.0,14.0,0,none,1,36.2,28.7,7,1
370,1,Lorelei,Ice,52,73.0,3,0.0,50.99,100.0,0,none,1,35.2,56.8,7,1
370,2,Bruno,Fighting,52,73.0,3,7.83,72.75,94.8,1,potion,1,35.2,37.8,7,1
370,3,Agatha,Ghost,52,73.0,3,17.47,88.38,59.6,0,none,0,29.1,42.6,4,1
370,4,Lance,Dragon,52,73.0,3,29.74,78.07,30.5,0,none,0,0.0,0.0,0,0
371,1,Lorelei,Ice,68,72.9,6,0.0,69.02,100.0,0,none,1,7.8,60.3,4,1
371,2,Bruno,Fighting,68,72.9,6,15.06,82.89,92.2,0,none,1,30.1,32.4,7,1
371,3,Agatha,Ghost,68,72.9,6,26.86,100.0,62.1,0,none,1,45.4,61.8,3,1
371,4,Lance,Dragon,68,72.9,6,38.17,100.0,16.7,0,none,1,21.1,72.1,4,1
372,1,Lorelei,Ice,46,70.8,3,0.0,60.19,100.0,0,none,1,5.3,33.5,5,1
372,2,Bruno,Fighting,46,70.8,3,9.63,74.58,94.7,0,none,1,27.6,28.0,4,1
372,3,Agatha,Ghost,46,70.8,3,21.06,91.82,67.1,0,none,1,47.1,27.9,2,1
372,4,Lance,Dragon,46,70.8,3,30.98,100.0,20.0,0,none,0,35.8,39.7,3,1
373,1,Lorelei,Ice,53,66.2,6,0.0,60.14,100.0,0,none,0,18.6,38.9,4,1
373,2,Bruno,Fighting,53,66.2,6,13.39,33.94,81.4,0,none,0,0.0,0.0,0,0
373,3,Agatha,Ghost,53,66.2,6,13.39,33.94,81.4,0,none,0,0.0,0.0,0,0
373,4,Lance,Dragon,53,66.2,6,13.39,33.94,81.4,0,none,0,0.0,0.0,0,0
374,1,Lorelei,Ice,44,48.5,3,0.0,68.55,100.0,0,none,1,19.0,52.0,6,1
374,2,Bruno,Fighting,44,48.5,3,3.0,75.68,81.0,0,none,1,30.6,45.1,5,1
374,3,Agatha,Ghost,44,48.5,3,13.44,91.07,100.0,1,full_restore,1,21.0,40.1,7,1
374,4,Lance,Dragon,44,48.5,3,22.54,100.0,79.0,0,none,0,35.2,35.0,7,1
375,1,Lorelei,Ice,51,68.3,6,0.0,81.8,100.0,0,none,1,27.5,44.0,6,1
375,2,Bruno,Fighting,51,68.3,6,6.11,100.0,72.5,0,none,1,20.0,52.2,4,1
375,3,Agatha,Ghost,51,68.3,6,18.84,100.0,52.5,0,none,1,10.7,50.7,9,1
375,4,Lance,Dragon,51,68.3,6,31.42,100.0,41.8,0,none,1,27.3,44.3,4,1
376,1,Lorelei,Ice,45,76.1,6,0.0,67.08,100.0,0,none,1,30.4,44.7,6,1
376,2,Bruno,Fighting,45,76.1,6,10.91,80.0,69.6,0,none,1,31.5,49.9,8,1
376,3,Agatha,Ghost,45,76.1,6,16.45,89.38,38.1,0,none,1,13.4,49.8,10,1
376,4,Lance,Dragon,45,76.1,6,22.64,100.0,24.7,0,none,1,31.0,51.5,11,1
377,1,Lorelei,Ice,50,86.1,6,0.0,68.15,100.0,0,none,1,12.9,64.5,6,1
377,2,Bruno,Fighting,50,86.1,6,7.74,98.46,100.0,1,revive,1,10.7,49.0,6,1
377,3,Agatha,Ghost,50,86.1,6,17.18,100.0,89.3,0,none,1,21.0,33.8,8,1
377,4,Lance,Dragon,50,86.1,6,31.6,100.0,68.3,0,none,1,16.8,32.5,5,1
378,1,Lorelei,Ice,49,33.0,5,0.0,85.39,100.0,0,none,1,33.5,41.2,5,1
378,2,Bruno,Fighting,49,33.0,5,12.52,94.92,66.5,0,none,1,47.2,38.8,5,1
378,3,Agatha,Ghost,49,33.0,5,18.64,100.0,79.3,1,full_restore,1,24.4,30.9,16,1
378,4,Lance,Dragon,49,33.0,5,30.8,100.0,54.9,0,none,1,46.6,33.8,6,1
379,1,Lorelei,Ice,59,60.4,4,0.0,76.27,100.0,0,none,1,14.6,36.1,4,1
379,2,Bruno,Fighting,59,60.4,4,10.09,94.87,85.4,0,none,1,10.3,41.4,5,1
379,3,Agatha,Ghost,59,60.4,4,23.17,100.0,75.1,0,none,1,17.9,39.1,5,1
379,4,Lance,Dragon,59,60.4,4,32.04,100.0,57.2,0,none,1,23.1,46.8,5,1
380,1,Lorelei,Ice,57,57.3,4,0.0,83.98,100.0,0,none,1,17.5,36.5,4,1
380,2,Bruno,Fighting,57,57.3,4,12.53,100.0,82.5,0,none,1,25.3,39.1,6,1
380,3,Agatha,Ghost,57,57.3,4,20.96,100.0,57.2,0,none,0,22.6,43.2,10,1
380,4,Lance,Dragon,57,57.3,4,35.82,86.17,34.6,0,none,0,0.0,0.0,0,0
381,1,Lorelei,Ice,50,57.4,6,0.0,66.42,100.0,0,none,1,21.8,39.8,6,1
381,2,Bruno,Fighting,50,57.4,6,16.52,79.31,78.2,0,none,1,14.2,36.6,4,1
381,3,Agatha,Ghost,50,57.4,6,25.29,94.01,64.0,0,none,1,6.1,52.0,6,1
381,4,Lance,Dragon,50,57.4,6,40.14,100.0,57.9,0,none,0,35.3,47.3,6,1
382,1,Lorelei,Ice,51,59.8,2,0.0,84.26,100.0,0,none,1,12.8,49.7,2,1
382,2,Bruno,Fighting,51,59.8,2,13.39,99.59,87.2,0,none,1,5.0,46.5,4,1
382,3,Agatha,Ghost,51,59.8,2,23.52,100.0,82.2,0,none,1,34.4,31.8,4,1
382,4,Lance,Dragon,51,59.8,2,29.1,100.0,47.8,0,none,1,24.7,43.8,8,1
383,1,Lorelei,Ice,47,81.2,5,0.0,73.94,100.0,0,none,1,7.7,30.0,3,1
383,2,Bruno,Fighting,47,81.2,5,6.74,92.16,92.3,0,none,1,38.5,41.3,12,1
383,3,Agatha,Ghost,47,81.2,5,16.19,100.0,53.8,0,none,1,35.0,39.2,6,1
383,4,Lance,Dragon,47,81.2,5,25.38,100.0,18.8,0,none,1,42.9,48.1,4,1
384,1,Lorelei,Ice,59,61.4,4,0.0,90.63,100.0,0,none,1,1.7,52.4,8,1
384,2,Bruno,Fighting,59,61.4,4,19.36,100.0,98.3,0,none,1,17.8,41.6,8,1
384,3,Agatha,Ghost,59,61.4,4,34.18,100.0,80.5,0,none,1,24.3,64.4,10,1
384,4,Lance,Dragon,59,61.4,4,37.65,100.0,56.2,0,none,1,47.2,37.0,3,1
385,1,Lorelei,Ice,56,60.1,4,0.0,65.4,100.0,0,none,1,21.0,39.7,1,1
385,2,Bruno,Fighting,56,60.1,4,13.5,82.84,79.0,0,none,1,27.7,59.3,10,1
385,3,Agatha,Ghost,56,60.1,4,19.37,100.0,51.3,0,none,1,43.1,64.5,11,1
385,4,Lance,Dragon,56,60.1,4,29.03,100.0,48.2,1,revive,0,48.1,57.7,4,1
386,1,Lorelei,Ice,52,54.4,3,0.0,64.43,100.0,0,none,1,29.3,49.8,4,1
386,2,Bruno,Fighting,52,54.4,3,12.05,70.47,70.7,0,none,0,22.1,29.0,2,1
386,3,Agatha,Ghost,52,54.4,3,29.08,52.32,48.6,0,none,0,0.0,0.0,0,0
386,4,Lance,Dragon,52,54.4,3,29.08,52.32,48.6,0,none,0,0.0,0.0,0,0
387,1,Lorelei,Ice,49,68.6,4,0.0,86.55,100.0,0,none,1,22.4,56.0,4,1
387,2,Bruno,Fighting,49,68.6,4,14.17,100.0,77.6,0,none,1,10.4,31.3,3,1
387,3,Agatha,Ghost,49,68.6,4,18.08,100.0,67.2,0,none,1,40.8,49.6,4,1
387,4,Lance,Dragon,49,68.6,4,33.0,100.0,26.4,0,none,1,37.8,35.5,12,1
388,1,Lorelei,Ice,56,45.5,2,0.0,62.32,100.0,0,none,1,15.9,21.5,11,1
388,2,Bruno,Fighting,56,45.5,2,6.76,85.97,84.1,0,none,1,28.6,46.8,9,1
388,3,Agatha,Ghost,56,45.5,2,18.61,98.84,55.5,0,none,0,44.1,49.6,6,1
388,4,Lance,Dragon,56,45.5,2,30.6,83.06,11.4,0,none,0,0.0,0.0,0,0
389,1,Lorelei,Ice,53,52.4,4,0.0,61.19,100.0,0,none,0,6.5,53.1,6,1
389,2,Bruno,Fighting,53,52.4,4,13.49,42.36,93.5,0,none,0,0.0,0.0,0,0
389,3,Agatha,Ghost,53,52.4,4,13.49,42.36,93.5,0,none,0,0.0,0.0,0,0
389,4,Lance,Dragon,53,52.4,4,13.49,42.36,93.5,0,none,0,0.0,0.0,0,0
390,1,Lorelei,Ice,54,50.6,4,0.0,54.73,100.0,0,none,1,12.1,34.1,2,1
390,2,Bruno,Fighting,54,50.6,4,9.09,69.39,87.9,0,none,0,20.6,42.5,7,1
390,3,Agatha,Ghost,54,50.6,4,29.4,47.98,67.3,0,none,0,0.0,0.0,0,0
390,4,Lance,Dragon,54,50.6,4,29.4,47.98,67.3,0,none,0,0.0,0.0,0,0
391,1,Lorelei,Ice,53,35.8,2,0.0,80.66,100.0,0,none,0,8.9,10.6,4,1
391,2,Bruno,Fighting,53,35.8,2,12.98,56.51,91.1,0,none,0,0.0,0.0,0,0
391,3,Agatha,Ghost,53,35.8,2,12.98,56.51,91.1,0,none,0,0.0,0.0,0,0
391,4,Lance,Dragon,53,35.8,2,12.98,56.51,91.1,0,none,0,0.0,0.0,0,0
392,1,Lorelei,Ice,52,69.6,3,0.0,65.49,100.0,0,none,1,15.0,50.8,5,1
392,2,Bruno,Fighting,52,69.6,3,13.5,85.58,85.0,0,none,1,7.5,38.9,9,1
392,3,Agatha,Ghost,52,69.6,3,22.22,98.78,77.5,0,none,1,31.1,33.2,6,1
392,4,Lance,Dragon,52,69.6,3,32.83,100.0,46.4,0,none,1,40.1,42.9,8,1
393,1,Lorelei,Ice,63,81.2,2,0.0,86.66,100.0,1,x_attack,1,26.6,38.9,7,1
393,2,Bruno,Fighting,63,81.2,2,10.42,100.0,73.4,1,x_attack,1,32.7,58.2,7,1
393,3,Agatha,Ghost,63,81.2,2,14.02,100.0,40.7,0,none,1,42.4,43.9,6,1
393,4,Lance,Dragon,63,81.2,2,21.35,100.0,0.0,0,none,1,45.7,59.0,9,1
394,1,Lorelei,Ice,56,55.6,1,0.0,71.68,100.0,0,none,1,20.8,43.6,2,1
394,2,Bruno,Fighting,56,55.6,1,7.09,90.13,79.2,0,none,1,33.4,46.8,3,1
394,3,Agatha,Ghost,56,55.6,1,12.99,100.0,45.8,0,none,1,19.4,46.4,7,1
394,4,Lance,Dragon,56,55.6,1,26.77,100.0,26.4,0,none,0,11.3,25.9,12,1
395,1,Lorelei,Ice,44,46.7,5,0.0,67.4,100.0,0,none,0,22.4,38.3,8,1
395,2,Bruno,Fighting,44,46.7,5,14.58,40.08,77.6,0,none,0,0.0,0.0,0,0
395,3,Agatha,Ghost,44,46.7,5,14.58,40.08,77.6,0,none,0,0.0,0.0,0,0
395,4,Lance,Dragon,44,46.7,5,14.58,40.08,77.6,0,none,0,0.0,0.0,0,0
396,1,Lorelei,Ice,36,67.4,3,0.0,92.72,100.0,0,none,1,16.2,42.7,5,1
396,2,Bruno,Fighting,36,67.4,3,6.16,100.0,83.8,0,none,1,17.3,41.3,7,1
396,3,Agatha,Ghost,36,67.4,3,16.52,100.0,66.5,0,none,1,25.3,43.4,5,1
396,4,Lance,Dragon,36,67.4,3,25.02,100.0,41.2,0,none,1,22.9,42.1,5,1
397,1,Lorelei,Ice,63,81.8,6,0.0,78.35,100.0,0,none,1,11.2,43.7,6,1
397,2,Bruno,Fighting,63,81.8,6,10.85,84.5,88.8,0,none,1,23.9,51.5,11,1
397,3,Agatha,Ghost,63,81.8,6,21.55,100.0,64.9,0,none,1,30.1,60.3,7,1
397,4,Lance,Dragon,63,81.8,6,35.21,100.0,34.8,0,none,1,6.8,31.1,7,1
398,1,Lorelei,Ice,51,76.7,4,0.0,57.73,100.0,0,none,1,28.9,31.9,5,1
398,2,Bruno,Fighting,51,76.7,4,11.59,72.0,71.1,0,none,1,17.0,49.4,11,1
398,3,Agatha,Ghost,51,76.7,4,20.84,82.2,54.1,0,none,1,6.6,47.5,5,1
398,4,Lance,Dragon,51,76.7,4,33.45,92.61,47.5,0,none,1,40.1,42.4,9,1
399,1,Lorelei,Ice,56,43.9,6,0.0,67.82,100.0,0,none,1,26.7,32.0,7,1
399,2,Bruno,Fighting,56,43.9,6,12.71,77.67,73.3,0,none,1,33.2,40.6,7,1
399,3,Agatha,Ghost,56,43.9,6,24.5,84.29,40.1,0,none,1,8.6,62.6,3,1
399,4,Lance,Dragon,56,43.9,6,34.99,90.76,31.5,0,none,1,38.2,42.5,8,1
400,1,Lorelei,Ice,53,52.9,1,0.0,97.85,100.0,0,none,1,32.2,49.0,10,1
400,2,Bruno,Fighting,53,52.9,1,9.2,100.0,67.8,0,none,1,12.6,23.5,3,1
400,3,Agatha,Ghost,53,52.9,1,18.18,100.0,55.2,0,none,1,26.8,43.6,10,1
400,4,Lance,Dragon,53,52.9,1,25.82,100.0,28.4,0,none,1,11.8,35.9,4,1
401,1,Lorelei,Ice,48,51.0,5,0.0,75.77,100.0,0,none,1,30.2,28.4,5,1
401,2,Bruno,Fighting,48,51.0,5,11.52,96.11,69.8,0,none,1,24.1,49.5,12,1
401,3,Agatha,Ghost,48,51.0,5,18.74,100.0,45.7,0,none,1,15.7,59.0,6,1
401,4,Lance,Dragon,48,51.0,5,22.29,100.0,30.0,0,none,0,14.1,37.6,4,1
402,1,Lorelei,Ice,66,81.5,2,0.0,76.6,100.0,0,none,1,14.7,70.8,9,1
402,2,Bruno,Fighting,66,81.5,2,11.91,96.73,85.3,0,none,1,13.0,48.5,7,1
402,3,Agatha,Ghost,66,81.5,2,16.99,100.0,72.3,0,none,1,31.4,58.0,7,1
402,4,Lance,Dragon,66,81.5,2,27.71,100.0,80.9,1,revive,1,8.8,42.9,6,1
403,1,Lorelei,Ice,51,40.6,5,0.0,56.16,100.0,0,none,1,29.3,48.7,6,1
403,2,Bruno,Fighting,51,40.6,5,10.49,73.71,70.7,0,none,1,15.4,50.1,2,1
403,3,Agatha,Ghost,51,40.6,5,21.64,87.23,55.3,0,none,1,39.9,38.0,8,1
403,4,Lance,Dragon,51,40.6,5,32.8,96.52,15.4,0,none,1,37.1,29.4,3,1
404,1,Lorelei,Ice,46,83.9,5,0.0,89.26,100.0,0,none,1,10.8,34.4,4,1
404,2,Bruno,Fighting,46,83.9,5,7.62,100.0,89.2,0,none,1,14.5,60.7,9,1
404,3,Agatha,Ghost,46,83.9,5,25.19,100.0,74.7,0,none,1,33.2,45.7,4,1
404,4,Lance,Dragon,46,83.9,5,38.39,100.0,41.5,0,none,1,31.7,45.5,7,1
405,1,Lorelei,Ice,55,49.1,5,0.0,79.18,100.0,0,none,1,25.0,27.3,8,1
405,2,Bruno,Fighting,55,49.1,5,8.34,91.2,75.0,0,none,1,30.7,36.5,7,1
405,3,Agatha,Ghost,55,49.1,5,19.83,100.0,44.3,0,none,0,16.3,39.2,4,1
405,4,Lance,Dragon,55,49.1,5,35.94,91.7,28.0,0,none,0,0.0,0.0,0,0
406,1,Lorelei,Ice,59,77.6,3,0.0,70.31,100.0,0,none,1,27.6,59.9,5,1
406,2,Bruno,Fighting,59,77.6,3,10.63,100.0,100.0,1,revive,0,18.9,37.1,6,1
406,3,Agatha,Ghost,59,77.6,3,23.9,79.74,81.1,0,none,0,0.0,0.0,0,0
406,4,Lance,Dragon,59,77.6,3,23.9,79.74,81.1,0,none,0,0.0,0.0,0,0
407,1,Lorelei,Ice,36,56.8,4,0.0,48.02,100.0,0,none,1,8.5,33.6,3,1
407,2,Bruno,Fighting,36,56.8,4,10.41,60.97,91.5,0,none,1,8.7,36.2,5,1
407,3,Agatha,Ghost,36,56.8,4,16.7,76.18,82.8,0,none,1,31.1,32.3,7,1
407,4,Lance,Dragon,36,56.8,4,25.78,94.11,51.7,0,none,0,27.9,37.9,5,1
408,1,Lorelei,Ice,60,68.1,2,0.0,59.62,100.0,0,none,1,9.9,48.9,5,1
408,2,Bruno,Fighting,60,68.1,2,12.01,77.79,90.1,0,none,1,23.3,47.0,4,1
408,3,Agatha,Ghost,60,68.1,2,25.7,90.28,66.8,0,none,1,19.0,57.3,7,1
408,4,Lance,Dragon,60,68.1,2,34.13,100.0,47.8,0,none,1,21.5,48.8,9,1
409,1,Lorelei,Ice,70,38.9,2,0.0,69.01,100.0,0,none,1,28.4,62.0,6,1
409,2,Bruno,Fighting,70,38.9,2,8.14,84.35,71.6,0,none,1,18.1,50.5,3,1
409,3,Agatha,Ghost,70,38.9,2,21.57,100.0,53.5,0,none,1,31.1,39.3,8,1
409,4,Lance,Dragon,70,38.9,2,32.87,100.0,22.4,0,none,0,32.1,39.2,9,1
410,1,Lorelei,Ice,58,69.7,1,0.0,70.16,100.0,0,none,1,33.3,31.2,5,1
410,2,Bruno,Fighting,58,69.7,1,7.06,83.69,66.7,0,none,1,9.1,33.3,6,1
410,3,Agatha,Ghost,58,69.7,1,20.6,95.33,57.6,0,none,1,20.5,53.8,4,1
410,4,Lance,Dragon,58,69.7,1,34.83,100.0,37.1,0,none,1,22.4,56.3,8,1
411,1,Lorelei,Ice,49,63.9,5,0.0,68.5,100.0,0,none,1,18.6,37.9,6,1
411,2,Bruno,Fighting,49,63.9,5,10.91,82.74,81.4,0,none,0,13.9,47.0,7,1
411,3,Agatha,Ghost,49,63.9,5,20.3,61.43,67.5,0,none,0,0.0,0.0,0,0
411,4,Lance,Dragon,49,63.9,5,20.3,61.43,67.5,0,none,0,0.0,0.0,0,0
412,1,Lorelei,Ice,64,55.4,4,0.0,63.12,100.0,0,none,1,21.2,40.3,4,1
412,2,Bruno,Fighting,64,55.4,4,14.82,80.21,78.8,0,none,1,31.2,42.4,1,1
412,3,Agatha,Ghost,64,55.4,4,20.06,93.33,47.6,0,none,0,17.5,40.8,6,1
412,4,Lance,Dragon,64,55.4,4,38.8,68.96,30.1,0,none,0,0.0,0.0,0,0
413,1,Lorelei,Ice,53,45.9,1,0.0,69.56,100.0,0,none,1,37.4,47.4,7,1
413,2,Bruno,Fighting,53,45.9,1,6.02,83.06,62.6,0,none,1,13.6,23.2,6,1
413,3,Agatha,Ghost,53,45.9,1,10.91,100.0,49.0,0,none,1,29.1,34.3,12,1
413,4,Lance,Dragon,53,45.9,1,26.97,100.0,19.9,0,none,0,17.9,61.7,5,1
414,1,Lorelei,Ice,60,38.5,2,0.0,67.33,100.0,0,none,1,9.6,38.0,7,1
414,2,Bruno,Fighting,60,38.5,2,5.88,87.4,90.4,0,none,1,27.5,42.0,5,1
414,3,Agatha,Ghost,60,38.5,2,22.43,100.0,62.9,0,none,1,15.5,48.5,5,1
414,4,Lance,Dragon,60,38.5,2,30.1,100.0,47.4,0,none,1,24.6,56.8,8,1
415,1,Lorelei,Ice,53,50.9,3,0.0,84.47,100.0,0,none,1,21.5,42.0,8,1
415,2,Bruno,Fighting,53,50.9,3,14.27,100.0,78.5,0,none,1,29.6,53.4,4,1
415,3,Agatha,Ghost,53,50.9,3,23.56,100.0,48.9,0,none,1,16.9,52.5,4,1
415,4,Lance,Dragon,53,50.9,3,32.26,100.0,72.0,1,revive,1,27.6,40.9,8,1
416,1,Lorelei,Ice,66,92.1,4,0.0,82.98,100.0,0,none,1,4.6,58.0,4,1
416,2,Bruno,Fighting,66,92.1,4,8.7,96.08,95.4,0,none,1,20.3,53.3,10,1
416,3,Agatha,Ghost,66,92.1,4,16.98,100.0,75.1,0,none,1,16.8,65.7,7,1
416,4,Lance,Dragon,66,92.1,4,26.44,100.0,58.3,0,none,1,33.0,43.7,2,1
417,1,Lorelei,Ice,42,72.2,2,0.0,67.77,100.0,0,none,0,23.8,27.8,4,1
417,2,Bruno,Fighting,42,72.2,2,17.44,55.73,76.2,0,none,0,0.0,0.0,0,0
417,3,Agatha,Ghost,42,72.2,2,17.44,55.73,76.2,0,none,0,0.0,0.0,0,0
417,4,Lance,Dragon,42,72.2,2,17.44,55.73,76.2,0,none,0,0.0,0.0,0,0
418,1,Lorelei,Ice,54,46.3,3,0.0,55.86,100.0,0,none,1,17.3,38.5,5,1
418,2,Bruno,Fighting,54,46.3,3,9.52,70.8,82.7,0,none,1,27.3,51.6,3,1
418,3,Agatha,Ghost,54,46.3,3,19.31,88.37,55.4,0,none,1,30.0,39.9,6,1
418,4,Lance,Dragon,54,46.3,3,28.71,99.5,25.4,0,none,0,32.1,50.2,8,1
419,1,Lorelei,Ice,46,66.1,1,0.0,57.74,100.0,0,none,1,24.2,29.9,6,1
419,2,Bruno,Fighting,46,66.1,1,6.91,70.17,75.8,0,none,1,15.4,20.6,6,1
419,3,Agatha,Ghost,46,66.1,1,13.38,80.96,60.4,0,none,1,30.6,49.5,13,1
419,4,Lance,Dragon,46,66.1,1,28.35,89.96,59.8,1,potion,0,22.5,28.2,5,1
420,1,Lorelei,Ice,59,82.1,3,0.0,95.61,100.0,0,none,1,14.5,67.5,5,1
420,2,Bruno,Fighting,59,82.1,3,9.04,100.0,85.5,0,none,1,3.3,55.6,7,1
420,3,Agatha,Ghost,59,82.1,3,22.72,100.0,82.2,0,none,1,30.7,54.8,4,1
420,4,Lance,Dragon,59,82.1,3,31.54,100.0,51.5,0,none,0,30.8,32.4,1,1
421,1,Lorelei,Ice,57,59.2,4,0.0,68.02,100.0,0,none,1,19.9,47.7,6,1
421,2,Bruno,Fighting,57,59.2,4,9.25,77.92,80.1,0,none,1,34.7,39.8,3,1
421,3,Agatha,Ghost,57,59.2,4,20.67,93.27,100.0,1,full_restore,1,12.0,38.0,6,1
421,4,Lance,Dragon,57,59.2,4,29.91,100.0,88.0,0,none,1,40.5,35.0,8,1
422,1,Lorelei,Ice,51,60.2,5,0.0,68.33,100.0,0,none,1,41.2,45.2,5,1
422,2,Bruno,Fighting,51,60.2,5,12.34,90.02,58.8,0,none,1,12.7,24.1,8,1
422,3,Agatha,Ghost,51,60.2,5,21.23,100.0,46.1,0,none,1,23.0,40.5,3,1
422,4,Lance,Dragon,51,60.2,5,36.13,100.0,23.1,0,none,0,22.6,58.3,10,1
423,1,Lorelei,Ice,37,56.2,2,0.0,67.94,100.0,0,none,0,0.0,8.0,1,1
423,2,Bruno,Fighting,37,56.2,2,14.28,41.66,100.0,0,none,0,0.0,0.0,0,0
423,3,Agatha,Ghost,37,56.2,2,14.28,41.66,100.0,0,none,0,0.0,0.0,0,0
423,4,Lance,Dragon,37,56.2,2,14.28,41.66,100.0,0,none,0,0.0,0.0,0,0
424,1,Lorelei,Ice,64,61.4,4,0.0,57.96,100.0,0,none,1,8.6,38.0,8,1
424,2,Bruno,Fighting,64,61.4,4,7.21,71.71,91.4,0,none,1,31.6,40.7,5,1
424,3,Agatha,Ghost,64,61.4,4,14.52,98.39,59.8,0,none,0,30.9,38.4,4,1
424,4,Lance,Dragon,64,61.4,4,29.58,78.32,28.9,0,none,0,0.0,0.0,0,0
425,1,Lorelei,Ice,52,66.0,4,0.0,77.57,100.0,0,none,1,26.6,29.7,2,1
425,2,Bruno,Fighting,52,66.0,4,13.18,86.18,73.4,0,none,1,15.5,23.2,4,1
425,3,Agatha,Ghost,52,66.0,4,24.52,96.71,57.9,0,none,1,20.5,37.8,5,1
425,4,Lance,Dragon,52,66.0,4,30.56,100.0,37.4,0,none,0,10.3,46.0,10,1
426,1,Lorelei,Ice,65,66.2,3,0.0,63.6,100.0,0,none,1,8.9,50.6,7,1
426,2,Bruno,Fighting,65,66.2,3,16.96,77.32,91.1,0,none,1,25.1,26.8,12,1
426,3,Agatha,Ghost,65,66.2,3,28.31,95.83,66.0,0,none,1,31.2,46.9,6,1
426,4,Lance,Dragon,65,66.2,3,34.52,100.0,34.8,0,none,1,34.5,46.2,9,1
427,1,Lorelei,Ice,48,90.0,6,0.0,71.78,100.0,0,none,1,11.0,40.2,10,1
427,2,Bruno,Fighting,48,90.0,6,10.94,90.31,89.0,0,none,1,14.9,42.4,4,1
427,3,Agatha,Ghost,48,90.0,6,20.8,97.0,74.1,0,none,1,10.5,20.6,8,1
427,4,Lance,Dragon,48,90.0,6,28.65,100.0,63.6,0,none,0,10.3,35.6,8,1
428,1,Lorelei,Ice,49,35.3,5,0.0,68.13,100.0,0,none,1,20.6,40.6,4,1
428,2,Bruno,Fighting,49,35.3,5,9.95,87.14,79.4,0,none,1,20.4,52.1,6,1
428,3,Agatha,Ghost,49,35.3,5,20.47,100.0,59.0,0,none,1,27.9,29.6,4,1
428,4,Lance,Dragon,49,35.3,5,27.46,100.0,31.1,0,none,0,19.5,16.5,4,1
429,1,Lorelei,Ice,66,69.2,2,0.0,60.66,100.0,0,none,1,20.2,46.0,8,1
429,2,Bruno,Fighting,66,69.2,2,10.99,75.8,79.8,1,x_attack,1,37.8,55.3,4,1
429,3,Agatha,Ghost,66,69.2,2,17.66,84.99,42.0,0,none,1,33.6,41.9,4,1
429,4,Lance,Dragon,66,69.2,2,32.02,96.14,8.4,0,none,1,27.3,61.4,5,1
430,1,Lorelei,Ice,46,53.8,4,0.0,52.88,100.0,0,none,1,12.1,44.9,9,1
430,2,Bruno,Fighting,46,53.8,4,14.91,66.04,87.9,0,none,1,29.5,40.0,11,1
430,3,Agatha,Ghost,46,53.8,4,24.68,83.77,58.4,0,none,1,23.4,44.7,3,1
430,4,Lance,Dragon,46,53.8,4,33.4,87.96,35.0,0,none,1,32.9,41.8,8,1
431,1,Lorelei,Ice,56,62.2,6,0.0,54.69,100.0,0,none,1,7.6,56.0,7,1
431,2,Bruno,Fighting,56,62.2,6,14.31,74.89,92.4,0,none,1,18.5,51.2,10,1
431,3,Agatha,Ghost,56,62.2,6,29.16,86.81,73.9,0,none,1,30.3,25.1,6,1
431,4,Lance,Dragon,56,62.2,6,35.59,99.54,43.6,0,none,1,28.0,30.0,7,1
432,1,Lorelei,Ice,55,54.3,4,0.0,64.61,100.0,0,none,1,14.6,42.0,10,1
432,2,Bruno,Fighting,55,54.3,4,10.6,82.79,85.4,0,none,1,19.9,51.7,6,1
432,3,Agatha,Ghost,55,54.3,4,20.71,100.0,65.5,0,none,1,30.2,42.4,8,1
432,4,Lance,Dragon,55,54.3,4,31.94,100.0,35.3,0,none,0,41.0,58.7,8,1
433,1,Lorelei,Ice,44,61.3,5,0.0,76.38,100.0,0,none,1,17.1,57.4,6,1
433,2,Bruno,Fighting,44,61.3,5,8.84,100.0,82.9,0,none,1,40.6,44.3,6,1
433,3,Agatha,Ghost,44,61.3,5,21.26,100.0,42.3,0,none,1,30.6,41.2,3,1
433,4,Lance,Dragon,44,61.3,5,28.72,100.0,11.7,0,none,1,28.3,53.3,5,1
434,1,Lorelei,Ice,54,61.5,5,0.0,65.61,100.0,0,none,1,10.6,52.8,3,1
434,2,Bruno,Fighting,54,61.5,5,8.5,89.33,89.4,0,none,1,31.6,34.4,6,1
434,3,Agatha,Ghost,54,61.5,5,19.08,98.96,57.8,0,none,1,18.5,44.5,4,1
434,4,Lance,Dragon,54,61.5,5,28.96,100.0,39.3,0,none,0,36.3,59.2,9,1
435,1,Lorelei,Ice,66,39.9,6,0.0,67.63,100.0,0,none,0,26.5,27.2,9,1
435,2,Bruno,Fighting,66,39.9,6,9.85,50.3,73.5,0,none,0,0.0,0.0,0,0
435,3,Agatha,Ghost,66,39.9,6,9.85,50.3,73.5,0,none,0,0.0,0.0,0,0
435,4,Lance,Dragon,66,39.9,6,9.85,50.3,73.5,0,none,0,0.0,0.0,0,0
436,1,Lorelei,Ice,52,45.6,3,0.0,58.49,100.0,0,none,1,33.9,43.1,4,1
436,2,Bruno,Fighting,52,45.6,3,11.97,75.94,66.1,0,none,1,19.0,46.2,6,1
436,3,Agatha,Ghost,52,45.6,3,14.4,89.7,47.1,0,none,1,38.0,41.4,4,1
436,4,Lance,Dragon,52,45.6,3,26.84,100.0,69.1,1,full_restore,1,41.7,35.0,3,1
437,1,Lorelei,Ice,64,41.1,3,0.0,78.81,100.0,0,none,1,19.7,31.3,4,1
437,2,Bruno,Fighting,64,41.1,3,8.3,95.82,80.3,0,none,1,31.9,51.2,7,1
437,3,Agatha,Ghost,64,41.1,3,13.66,100.0,48.4,0,none,1,30.4,42.1,5,1
437,4,Lance,Dragon,64,41.1,3,22.63,100.0,78.0,1,full_restore,1,35.5,71.0,3,1
438,1,Lorelei,Ice,64,46.5,3,0.0,75.53,100.0,0,none,1,30.6,47.9,4,1
438,2,Bruno,Fighting,64,46.5,3,3.14,81.44,69.4,0,none,1,20.0,28.6,1,1
438,3,Agatha,Ghost,64,46.5,3,13.52,99.1,49.4,0,none,0,26.6,43.9,5,1
438,4,Lance,Dragon,64,46.5,3,27.33,92.28,22.8,0,none,0,0.0,0.0,0,0
439,1,Lorelei,Ice,55,85.9,2,0.0,51.64,100.0,0,none,1,16.5,57.6,9,1
439,2,Bruno,Fighting,55,85.9,2,11.98,73.35,83.5,0,none,1,15.9,45.0,9,1
439,3,Agatha,Ghost,55,85.9,2,25.29,92.39,67.6,0,none,1,4.0,65.6,9,1
439,4,Lance,Dragon,55,85.9,2,35.55,100.0,63.6,0,none,1,26.2,46.7,8,1
440,1,Lorelei,Ice,63,83.4,6,0.0,74.56,100.0,0,none,1,3.0,48.1,8,1
440,2,Bruno,Fighting,63,83.4,6,12.78,88.22,97.0,0,none,1,11.2,68.0,6,1
440,3,Agatha,Ghost,63,83.4,6,19.21,100.0,85.8,0,none,1,18.2,51.7,14,1
440,4,Lance,Dragon,63,83.4,6,33.43,100.0,97.6,1,potion,1,22.7,42.4,7,1
441,1,Lorelei,Ice,54,62.5,2,0.0,62.35,100.0,0,none,1,5.5,46.1,6,1
441,2,Bruno,Fighting,54,62.5,2,9.69,70.04,94.5,0,none,1,15.9,40.4,5,1
441,3,Agatha,Ghost,54,62.5,2,16.49,83.0,100.0,1,full_restore,1,22.7,52.5,6,1
441,4,Lance,Dragon,54,62.5,2,27.92,100.0,77.3,0,none,1,30.4,47.1,8,1
442,1,Lorelei,Ice,61,45.9,2,0.0,56.78,100.0,0,none,1,17.2,39.9,7,1
442,2,Bruno,Fighting,61,45.9,2,11.08,72.48,82.8,0,none,1,32.9,43.7,8,1
442,3,Agatha,Ghost,61,45.9,2,22.43,85.69,49.9,1,x_attack,0,29.6,71.5,5,1
442,4,Lance,Dragon,61,45.9,2,38.54,55.6,20.3,0,none,0,0.0,0.0,0,0
443,1,Lorelei,Ice,74,43.8,6,0.0,69.1,100.0,0,none,1,27.5,51.1,8,1
443,2,Bruno,Fighting,74,43.8,6,7.63,80.41,72.5,0,none,1,17.9,51.9,3,1
443,3,Agatha,Ghost,74,43.8,6,14.5,97.33,54.6,0,none,1,30.2,37.7,5,1
443,4,Lance,Dragon,74,43.8,6,28.27,100.0,24.4,0,none,1,23.7,61.4,9,1
444,1,Lorelei,Ice,68,58.8,6,0.0,74.0,100.0,1,revive,1,22.9,65.7,4,1
444,2,Bruno,Fighting,68,58.8,6,12.07,87.59,77.1,0,none,1,18.9,56.7,9,1
444,3,Agatha,Ghost,68,58.8,6,23.23,100.0,98.2,1,revive,1,24.6,57.5,10,1
444,4,Lance,Dragon,68,58.8,6,39.04,100.0,73.6,0,none,1,31.6,35.1,9,1
445,1,Lorelei,Ice,51,73.0,6,0.0,87.38,100.0,0,none,1,23.8,52.6,1,1
445,2,Bruno,Fighting,51,73.0,6,7.61,95.0,76.2,0,none,1,29.5,50.0,13,1
445,3,Agatha,Ghost,51,73.0,6,22.5,100.0,46.7,0,none,1,19.5,51.8,4,1
445,4,Lance,Dragon,51,73.0,6,32.23,100.0,27.2,0,none,1,25.9,28.4,8,1
446,1,Lorelei,Ice,62,26.4,3,0.0,79.22,100.0,0,none,1,22.3,42.8,5,1
446,2,Bruno,Fighting,62,26.4,3,8.1,96.31,77.7,0,none,1,17.2,34.0,4,1
446,3,Agatha,Ghost,62,26.4,3,16.21,100.0,60.5,0,none,1,23.1,20.3,6,1
446,4,Lance,Dragon,62,26.4,3,26.39,100.0,37.4,0,none,1,35.1,31.3,12,1
447,1,Lorelei,Ice,54,61.5,6,0.0,82.84,100.0,0,none,1,24.3,44.0,7,1
447,2,Bruno,Fighting,54,61.5,6,9.69,96.81,75.7,0,none,1,6.1,50.0,5,1
447,3,Agatha,Ghost,54,61.5,6,21.84,100.0,69.6,0,none,1,39.1,58.1,3,1
447,4,Lance,Dragon,54,61.5,6,29.88,100.0,30.5,1,x_attack,1,14.6,48.3,6,1
448,1,Lorelei,Ice,67,81.1,3,0.0,72.29,100.0,0,none,1,20.4,52.8,3,1
448,2,Bruno,Fighting,67,81.1,3,3.49,88.25,79.6,0,none,1,20.4,31.5,11,1
448,3,Agatha,Ghost,67,81.1,3,14.71,100.0,59.2,0,none,1,20.8,56.4,7,1
448,4,Lance,Dragon,67,81.1,3,28.73,100.0,38.4,0,none,1,17.1,35.1,9,1
449,1,Lorelei,Ice,49,81.8,3,0.0,68.7,100.0,0,none,1,12.8,52.5,3,1
449,2,Bruno,Fighting,49,81.8,3,5.69,84.46,87.2,0,none,1,32.9,51.5,8,1
449,3,Agatha,Ghost,49,81.8,3,16.43,92.64,54.3,0,none,1,0.0,49.7,5,1
449,4,Lance,Dragon,49,81.8,3,28.11,97.18,54.3,0,none,1,17.3,66.0,6,1
450,1,Lorelei,Ice,41,52.0,4,0.0,76.98,100.0,0,none,1,37.1,27.7,5,1
450,2,Bruno,Fighting,41,52.0,4,7.17,88.81,62.9,0,none,1,28.6,29.5,7,1
450,3,Agatha,Ghost,41,52.0,4,22.69,100.0,34.3,0,none,1,36.9,37.7,5,1
450,4,Lance,Dragon,41,52.0,4,30.35,100.0,60.0,1,full_restore,1,32.5,24.2,10,1
451,1,Lorelei,Ice,53,44.6,6,0.0,70.24,100.0,0,none,1,25.1,38.3,2,1
451,2,Bruno,Fighting,53,44.6,6,9.97,88.09,74.9,0,none,1,17.8,53.5,7,1
451,3,Agatha,Ghost,53,44.6,6,21.59,95.97,57.1,0,none,0,14.0,57.5,14,1
451,4,Lance,Dragon,53,44.6,6,35.45,76.41,43.1,0,none,0,0.0,0.0,0,0
452,1,Lorelei,Ice,58,54.0,3,0.0,80.52,100.0,0,none,1,25.8,47.4,1,1
452,2,Bruno,Fighting,58,54.0,3,8.37,91.85,74.2,0,none,1,15.6,40.2,8,1
452,3,Agatha,Ghost,58,54.0,3,16.63,96.41,58.6,0,none,1,29.6,36.6,10,1
452,4,Lance,Dragon,58,54.0,3,26.59,100.0,29.0,0,none,0,30.7,33.7,5,1
453,1,Lorelei,Ice,67,54.1,4,0.0,61.96,100.0,0,none,1,13.7,46.2,4,1
453,2,Bruno,Fighting,67,54.1,4,12.29,76.78,86.3,0,none,1,35.2,65.7,7,1
453,3,Agatha,Ghost,67,54.1,4,24.32,89.88,51.1,0,none,1,35.6,45.8,5,1
453,4,Lance,Dragon,67,54.1,4,30.57,100.0,15.5,0,none,1,19.0,52.1,4,1
454,1,Lorelei,Ice,61,46.7,4,0.0,82.2,100.0,0,none,1,21.1,58.2,8,1
454,2,Bruno,Fighting,61,46.7,4,11.61,92.02,78.9,0,none,1,14.7,33.5,8,1
454,3,Agatha,Ghost,61,46.7,4,21.53,100.0,64.2,0,none,1,20.6,62.6,9,1
454,4,Lance,Dragon,61,46.7,4,31.31,100.0,43.6,0,none,0,34.2,38.5,7,1
455,1,Lorelei,Ice,61,76.6,4,0.0,69.91,100.0,0,none,1,28.2,38.8,6,1
455,2,Bruno,Fighting,61,76.6,4,12.88,81.2,71.8,0,none,1,16.2,51.2,7,1
455,3,Agatha,Ghost,61,76.6,4,27.47,97.51,55.6,0,none,1,20.8,59.7,7,1
455,4,Lance,Dragon,61,76.6,4,42.16,100.0,34.8,0,none,1,32.1,23.1,8,1
456,1,Lorelei,Ice,62,53.1,3,0.0,72.54,100.0,0,none,1,23.2,49.6,11,1
456,2,Bruno,Fighting,62,53.1,3,12.19,90.33,76.8,0,none,0,12.4,50.0,11,1
456,3,Agatha,Ghost,62,53.1,3,25.0,59.25,64.4,0,none,0,0.0,0.0,0,0
456,4,Lance,Dragon,62,53.1,3,25.0,59.25,64.4,0,none,0,0.0,0.0,0,0
457,1,Lorelei,Ice,47,50.9,6,0.0,66.73,100.0,0,none,1,18.0,41.4,7,1
457,2,Bruno,Fighting,47,50.9,6,4.29,80.04,82.0,0,none,1,52.2,32.6,5,1
457,3,Agatha,Ghost,47,50.9,6,14.1,94.4,29.8,0,none,1,45.5,44.2,2,1
457,4,Lance,Dragon,47,50.9,6,22.77,100.0,0.0,0,none,1,25.4,44.9,10,1
458,1,Lorelei,Ice,61,64.9,6,0.0,66.3,100.0,0,none,1,8.0,67.7,3,1
458,2,Bruno,Fighting,61,64.9,6,14.95,86.06,92.0,0,none,1,27.9,54.1,8,1
458,3,Agatha,Ghost,61,64.9,6,23.47,100.0,64.1,0,none,1,9.9,38.2,8,1
458,4,Lance,Dragon,61,64.9,6,30.51,100.0,54.2,0,none,1,36.1,22.4,10,1
459,1,Lorelei,Ice,72,55.0,2,0.0,61.71,100.0,0,none,1,5.1,39.6,4,1
459,2,Bruno,Fighting,72,55.0,2,11.07,73.21,94.9,0,none,1,21.6,52.2,9,1
459,3,Agatha,Ghost,72,55.0,2,18.47,86.31,73.3,0,none,1,31.5,60.7,6,1
459,4,Lance,Dragon,72,55.0,2,28.69,100.0,41.8,0,none,1,41.2,48.0,11,1
460,1,Lorelei,Ice,62,67.2,4,0.0,59.16,100.0,0,none,1,31.9,31.3,6,1
460,2,Bruno,Fighting,62,67.2,4,3.72,71.89,68.1,0,none,1,28.4,29.2,7,1
460,3,Agatha,Ghost,62,67.2,4,15.7,91.35,39.7,0,none,1,52.4,44.8,9,1
460,4,Lance,Dragon,62,67.2,4,27.68,100.0,0.0,0,none,1,25.9,41.4,7,1
461,1,Lorelei,Ice,62,47.7,4,0.0,67.86,100.0,0,none,1,36.1,46.2,4,1
461,2,Bruno,Fighting,62,47.7,4,9.22,87.6,63.9,0,none,1,25.6,45.9,5,1
461,3,Agatha,Ghost,62,47.7,4,14.41,96.03,38.3,1,x_attack,1,34.5,47.1,2,1
461,4,Lance,Dragon,62,47.7,4,24.02,100.0,3.8,0,none,1,39.6,44.6,8,1
462,1,Lorelei,Ice,49,46.2,4,0.0,78.61,100.0,0,none,1,10.4,46.0,3,1
462,2,Bruno,Fighting,49,46.2,4,10.9,99.14,89.6,0,none,1,8.5,32.5,7,1
462,3,Agatha,Ghost,49,46.2,4,18.56,100.0,81.1,0,none,1,28.4,38.8,6,1
462,4,Lance,Dragon,49,46.2,4,31.24,100.0,52.7,0,none,1,12.5,35.9,5,1
463,1,Lorelei,Ice,51,86.5,3,0.0,91.32,100.0,0,none,1,6.1,21.7,5,1
463,2,Bruno,Fighting,51,86.5,3,9.37,100.0,93.9,0,none,1,3.2,40.4,8,1
463,3,Agatha,Ghost,51,86.5,3,23.19,100.0,90.7,0,none,1,6.3,45.4,8,1
463,4,Lance,Dragon,51,86.5,3,32.81,100.0,84.4,0,none,1,35.3,30.1,6,1
464,1,Lorelei,Ice,68,70.2,5,0.0,67.47,100.0,0,none,1,24.1,63.5,8,1
464,2,Bruno,Fighting,68,70.2,5,10.13,83.17,75.9,0,none,1,9.5,61.4,4,1
464,3,Agatha,Ghost,68,70.2,5,21.52,100.0,66.4,0,none,1,21.2,43.2,10,1
464,4,Lance,Dragon,68,70.2,5,27.51,100.0,45.2,0,none,1,26.8,20.8,8,1
465,1,Lorelei,Ice,67,52.6,4,0.0,68.22,100.0,0,none,1,18.3,51.3,4,1
465,2,Bruno,Fighting,67,52.6,4,11.55,82.59,81.7,0,none,1,23.1,29.9,6,1
465,3,Agatha,Ghost,67,52.6,4,18.56,97.19,58.6,0,none,1,25.9,51.1,12,1
465,4,Lance,Dragon,67,52.6,4,36.5,100.0,32.7,0,none,1,32.2,28.8,6,1
466,1,Lorelei,Ice,56,72.7,2,0.0,70.51,100.0,0,none,1,37.6,61.3,7,1
466,2,Bruno,Fighting,56,72.7,2,10.48,82.97,62.4,0,none,1,11.4,34.8,6,1
466,3,Agatha,Ghost,56,72.7,2,18.24,88.76,51.0,0,none,1,13.8,24.1,7,1
466,4,Lance,Dragon,56,72.7,2,27.68,100.0,37.2,0,none,0,22.4,56.7,4,1
467,1,Lorelei,Ice,60,69.9,5,0.0,66.56,100.0,0,none,1,20.5,59.6,7,1
467,2,Bruno,Fighting,60,69.9,5,10.73,79.68,79.5,0,none,1,30.0,30.2,4,1
467,3,Agatha,Ghost,60,69.9,5,21.86,97.61,49.5,0,none,1,10.4,55.3,4,1
467,4,Lance,Dragon,60,69.9,5,35.45,100.0,39.1,0,none,1,2.6,46.2,7,1
468,1,Lorelei,Ice,49,68.7,3,0.0,61.67,100.0,0,none,1,19.7,49.1,4,1
468,2,Bruno,Fighting,49,68.7,3,10.39,76.7,80.3,0,none,1,18.3,40.2,5,1
468,3,Agatha,Ghost,49,68.7,3,19.96,89.53,62.0,0,none,1,40.1,46.2,2,1
468,4,Lance,Dragon,49,68.7,3,28.52,100.0,21.9,0,none,0,31.9,37.3,7,1
469,1,Lorelei,Ice,54,71.1,4,0.0,72.31,100.0,0,none,1,10.2,57.6,5,1
469,2,Bruno,Fighting,54,71.1,4,9.64,88.66,89.8,0,none,1,47.5,39.9,5,1
469,3,Agatha,Ghost,54,71.1,4,23.27,100.0,42.3,0,none,1,31.5,53.9,5,1
469,4,Lance,Dragon,54,71.1,4,33.35,100.0,10.8,0,none,0,27.0,44.0,5,1
470,1,Lorelei,Ice,44,72.4,5,0.0,68.56,100.0,0,none,1,22.6,42.7,7,1
470,2,Bruno,Fighting,44,72.4,5,6.1,89.18,77.4,0,none,1,0.0,48.0,8,1
470,3,Agatha,Ghost,44,72.4,5,15.26,100.0,77.4,0,none,1,15.0,46.9,9,1
470,4,Lance,Dragon,44,72.4,5,25.69,100.0,62.4,0,none,1,28.4,33.4,4,1
471,1,Lorelei,Ice,49,25.3,3,0.0,57.54,100.0,0,none,1,12.3,48.9,8,1
471,2,Bruno,Fighting,49,25.3,3,10.2,74.42,87.7,0,none,1,32.8,33.4,10,1
471,3,Agatha,Ghost,49,25.3,3,21.54,84.37,54.9,0,none,1,28.9,45.5,4,1
471,4,Lance,Dragon,49,25.3,3,27.81,100.0,26.0,0,none,1,25.9,48.5,4,1
472,1,Lorelei,Ice,43,70.3,6,0.0,70.51,100.0,0,none,1,17.7,30.9,9,1
472,2,Bruno,Fighting,43,70.3,6,12.12,88.52,82.3,0,none,1,20.8,48.7,5,1
472,3,Agatha,Ghost,43,70.3,6,18.38,100.0,61.5,0,none,1,22.2,33.3,5,1
472,4,Lance,Dragon,43,70.3,6,28.27,100.0,39.3,0,none,0,36.4,43.7,8,1
473,1,Lorelei,Ice,60,48.7,2,0.0,87.72,100.0,0,none,1,26.1,48.4,8,1
473,2,Bruno,Fighting,60,48.7,2,11.43,100.0,73.9,0,none,1,23.0,60.6,5,1
473,3,Agatha,Ghost,60,48.7,2,18.45,100.0,50.9,0,none,1,34.3,24.4,4,1
473,4,Lance,Dragon,60,48.7,2,24.33,100.0,16.6,0,none,1,54.9,50.1,6,1
474,1,Lorelei,Ice,56,44.1,2,0.0,76.25,100.0,0,none,1,35.6,35.5,4,1
474,2,Bruno,Fighting,56,44.1,2,12.21,98.26,64.4,0,none,1,23.8,40.9,6,1
474,3,Agatha,Ghost,56,44.1,2,19.85,100.0,40.6,0,none,1,18.9,48.6,8,1
474,4,Lance,Dragon,56,44.1,2,25.74,100.0,21.7,0,none,1,24.6,35.7,2,1
475,1,Lorelei,Ice,46,38.5,4,0.0,64.21,100.0,0,none,1,21.7,52.7,3,1
475,2,Bruno,Fighting,46,38.5,4,7.8,77.13,78.3,0,none,0,29.1,32.3,7,1
475,3,Agatha,Ghost,46,38.5,4,22.02,61.61,49.2,0,none,0,0.0,0.0,0,0
475,4,Lance,Dragon,46,38.5,4,22.02,61.61,49.2,0,none,0,0.0,0.0,0,0
476,1,Lorelei,Ice,54,33.5,6,0.0,62.67,100.0,0,none,1,22.0,31.2,6,1
476,2,Bruno,Fighting,54,33.5,6,9.49,86.13,78.0,0,none,1,27.1,28.1,2,1
476,3,Agatha,Ghost,54,33.5,6,20.8,98.37,50.9,0,none,1,34.4,41.9,8,1
476,4,Lance,Dragon,54,33.5,6,27.55,100.0,16.5,0,none,1,18.1,24.4,7,1
477,1,Lorelei,Ice,64,64.3,4,0.0,82.86,100.0,0,none,1,15.6,49.7,11,1
477,2,Bruno,Fighting,64,64.3,4,11.66,95.33,84.4,0,none,1,16.3,47.2,5,1
477,3,Agatha,Ghost,64,64.3,4,26.16,100.0,68.1,0,none,1,21.5,55.7,5,1
477,4,Lance,Dragon,64,64.3,4,38.91,100.0,46.6,0,none,1,17.8,40.6,9,1
478,1,Lorelei,Ice,52,86.1,4,0.0,71.34,100.0,0,none,1,14.0,46.5,5,1
478,2,Bruno,Fighting,52,86.1,4,7.13,89.66,86.0,0,none,1,30.1,43.8,3,1
478,3,Agatha,Ghost,52,86.1,4,15.73,100.0,55.9,0,none,1,31.7,34.5,3,1
478,4,Lance,Dragon,52,86.1,4,21.96,100.0,54.2,1,potion,1,14.4,42.0,4,1
479,1,Lorelei,Ice,47,55.7,2,0.0,60.51,100.0,0,none,1,14.8,34.6,5,1
479,2,Bruno,Fighting,47,55.7,2,11.91,83.52,85.2,0,none,1,42.1,48.8,10,1
479,3,Agatha,Ghost,47,55.7,2,17.94,100.0,43.1,0,none,1,27.9,38.4,13,1
479,4,Lance,Dragon,47,55.7,2,32.15,100.0,15.2,0,none,1,28.1,41.2,5,1
480,1,Lorelei,Ice,54,63.6,6,0.0,74.66,100.0,0,none,1,33.3,40.6,6,1
480,2,Bruno,Fighting,54,63.6,6,9.01,89.74,66.7,0,none,1,13.9,37.5,6,1
480,3,Agatha,Ghost,54,63.6,6,17.76,100.0,52.8,0,none,1,23.4,49.9,4,1
480,4,Lance,Dragon,54,63.6,6,20.89,100.0,29.4,1,x_attack,0,30.4,36.0,5,1
481,1,Lorelei,Ice,71,55.1,3,0.0,83.61,100.0,0,none,1,7.9,43.1,4,1
481,2,Bruno,Fighting,71,55.1,3,10.03,100.0,92.1,0,none,1,40.8,38.1,9,1
481,3,Agatha,Ghost,71,55.1,3,19.67,100.0,51.3,0,none,1,55.4,37.1,4,1
481,4,Lance,Dragon,71,55.1,3,20.36,100.0,30.0,1,potion,1,21.1,43.3,4,1
482,1,Lorelei,Ice,61,91.5,5,0.0,97.14,100.0,0,none,1,19.8,42.4,8,1
482,2,Bruno,Fighting,61,91.5,5,6.94,100.0,80.2,0,none,1,10.4,39.1,9,1
482,3,Agatha,Ghost,61,91.5,5,17.91,100.0,100.0,1,full_restore,1,33.0,61.8,5,1
482,4,Lance,Dragon,61,91.5,5,29.71,100.0,67.0,0,none,1,16.2,40.3,8,1
483,1,Lorelei,Ice,60,70.1,4,0.0,71.45,100.0,0,none,1,10.3,52.8,8,1
483,2,Bruno,Fighting,60,70.1,4,7.29,87.36,89.7,0,none,1,26.3,38.3,6,1
483,3,Agatha,Ghost,60,70.1,4,20.05,100.0,63.4,0,none,1,30.5,29.9,4,1
483,4,Lance,Dragon,60,70.1,4,25.84,100.0,32.9,0,none,1,31.5,51.2,3,1
484,1,Lorelei,Ice,45,50.4,4,0.0,64.26,100.0,0,none,1,11.3,13.3,3,1
484,2,Bruno,Fighting,45,50.4,4,4.2,84.12,88.7,0,none,1,18.2,29.7,10,1
484,3,Agatha,Ghost,45,50.4,4,19.59,100.0,70.5,0,none,1,33.6,43.7,6,1
484,4,Lance,Dragon,45,50.4,4,33.18,100.0,36.9,0,none,1,34.4,57.5,4,1
485,1,Lorelei,Ice,59,85.0,2,0.0,57.88,100.0,0,none,1,12.1,39.1,8,1
485,2,Bruno,Fighting,59,85.0,2,9.96,77.63,87.9,0,none,1,40.5,61.9,13,1
485,3,Agatha,Ghost,59,85.0,2,18.77,96.93,47.4,0,none,1,21.3,49.4,5,1
485,4,Lance,Dragon,59,85.0,2,32.18,100.0,26.1,0,none,1,39.4,38.9,8,1
486,1,Lorelei,Ice,57,39.7,4,0.0,63.23,100.0,0,none,1,14.1,44.7,3,1
486,2,Bruno,Fighting,57,39.7,4,12.91,72.2,85.9,0,none,1,31.2,25.0,7,1
486,3,Agatha,Ghost,57,39.7,4,22.7,81.49,54.7,0,none,1,36.6,50.6,5,1
486,4,Lance,Dragon,57,39.7,4,35.8,88.43,18.1,0,none,0,35.1,33.5,7,1
487,1,Lorelei,Ice,44,53.2,2,0.0,60.15,100.0,0,none,1,17.8,28.5,3,1
487,2,Bruno,Fighting,44,53.2,2,11.65,70.26,82.2,1,x_attack,0,4.8,42.4,6,1
487,3,Agatha,Ghost,44,53.2,2,23.46,54.35,77.4,0,none,0,0.0,0.0,0,0
487,4,Lance,Dragon,44,53.2,2,23.46,54.35,77.4,0,none,0,0.0,0.0,0,0
488,1,Lorelei,Ice,62,61.3,4,0.0,73.57,100.0,0,none,1,20.6,47.3,9,1
488,2,Bruno,Fighting,62,61.3,4,12.11,97.3,79.4,0,none,1,32.0,51.2,9,1
488,3,Agatha,Ghost,62,61.3,4,16.37,100.0,47.4,0,none,1,24.8,57.5,9,1
488,4,Lance,Dragon,62,61.3,4,25.73,100.0,22.6,0,none,1,31.5,40.2,5,1
489,1,Lorelei,Ice,47,70.6,3,0.0,77.74,100.0,0,none,1,22.9,45.3,8,1
489,2,Bruno,Fighting,47,70.6,3,15.67,87.94,77.1,0,none,1,10.5,52.0,12,1
489,3,Agatha,Ghost,47,70.6,3,22.16,99.49,66.6,0,none,1,14.4,44.4,8,1
489,4,Lance,Dragon,47,70.6,3,31.96,100.0,52.2,0,none,1,38.0,30.1,5,1
490,1,Lorelei,Ice,71,62.4,6,0.0,77.45,100.0,0,none,1,2.4,42.2,6,1
490,2,Bruno,Fighting,71,62.4,6,6.48,96.49,97.6,0,none,1,29.2,50.4,6,1
490,3,Agatha,Ghost,71,62.4,6,20.12,100.0,68.4,0,none,1,17.1,54.5,10,1
490,4,Lance,Dragon,71,62.4,6,32.64,100.0,51.3,0,none,1,34.3,50.5,8,1
491,1,Lorelei,Ice,51,47.7,2,0.0,79.15,100.0,0,none,1,5.0,27.5,5,1
491,2,Bruno,Fighting,51,47.7,2,4.47,90.48,95.0,0,none,1,30.9,50.2,6,1
491,3,Agatha,Ghost,51,47.7,2,11.18,100.0,64.1,0,none,1,26.5,50.1,6,1
491,4,Lance,Dragon,51,47.7,2,25.1,100.0,37.6,0,none,1,19.4,30.1,11,1
492,1,Lorelei,Ice,50,68.2,2,0.0,78.06,100.0,0,none,1,18.0,44.8,7,1
492,2,Bruno,Fighting,50,68.2,2,8.61,93.59,82.0,0,none,1,16.5,43.3,4,1
492,3,Agatha,Ghost,50,68.2,2,16.64,95.51,65.5,0,none,1,23.4,24.7,6,1
492,4,Lance,Dragon,50,68.2,2,27.63,100.0,42.1,0,none,0,25.7,47.6,3,1
493,1,Lorelei,Ice,60,34.6,6,0.0,63.71,100.0,0,none,1,9.0,40.7,12,1
493,2,Bruno,Fighting,60,34.6,6,13.36,74.3,91.0,0,none,1,38.8,50.1,5,1
493,3,Agatha,Ghost,60,34.6,6,24.17,91.88,92.2,1,revive,1,16.5,50.2,7,1
493,4,Lance,Dragon,60,34.6,6,35.41,100.0,75.7,0,none,1,34.0,44.6,7,1
494,1,Lorelei,Ice,57,16.3,4,0.0,72.72,100.0,0,none,1,27.2,36.0,9,1
494,2,Bruno,Fighting,57,16.3,4,12.74,85.01,72.8,0,none,1,28.8,44.8,5,1
494,3,Agatha,Ghost,57,16.3,4,25.24,96.78,44.0,0,none,0,20.8,41.5,10,1
494,4,Lance,Dragon,57,16.3,4,42.04,86.69,23.2,0,none,0,0.0,0.0,0,0
495,1,Lorelei,Ice,52,56.7,1,0.0,71.71,100.0,0,none,1,35.5,19.3,7,1
495,2,Bruno,Fighting,52,56.7,1,10.28,84.73,64.5,0,none,1,35.8,36.0,1,1
495,3,Agatha,Ghost,52,56.7,1,20.0,93.77,28.7,0,none,1,28.4,64.0,4,1
495,4,Lance,Dragon,52,56.7,1,34.36,100.0,0.3,0,none,1,22.9,35.9,5,1
496,1,Lorelei,Ice,42,46.3,4,0.0,66.56,100.0,0,none,1,27.3,33.4,5,1
496,2,Bruno,Fighting,42,46.3,4,7.26,81.47,72.7,0,none,1,24.4,39.4,4,1
496,3,Agatha,Ghost,42,46.3,4,16.21,93.03,48.3,0,none,1,29.3,26.1,4,1
496,4,Lance,Dragon,42,46.3,4,35.34,100.0,19.0,0,none,0,42.5,35.4,6,1
497,1,Lorelei,Ice,53,48.5,4,0.0,65.67,100.0,0,none,1,16.4,53.5,3,1
497,2,Bruno,Fighting,53,48.5,4,10.37,86.71,83.6,0,none,1,9.0,35.8,2,1
497,3,Agatha,Ghost,53,48.5,4,16.14,100.0,74.6,0,none,1,19.8,54.1,3,1
497,4,Lance,Dragon,53,48.5,4,26.99,100.0,54.8,0,none,0,43.0,29.2,5,1
498,1,Lorelei,Ice,70,50.1,2,0.0,68.92,100.0,0,none,1,22.2,60.6,8,1
498,2,Bruno,Fighting,70,50.1,2,9.01,84.68,77.8,0,none,1,18.0,65.7,4,1
498,3,Agatha,Ghost,70,50.1,2,15.02,87.03,59.8,0,none,1,25.3,36.5,6,1
498,4,Lance,Dragon,70,50.1,2,21.71,100.0,34.5,0,none,1,40.8,50.0,3,1
499,1,Lorelei,Ice,51,42.5,6,0.0,82.02,100.0,0,none,1,17.5,37.0,6,1
499,2,Bruno,Fighting,51,42.5,6,8.86,100.0,82.5,0,none,1,18.9,51.3,5,1
499,3,Agatha,Ghost,51,42.5,6,18.98,100.0,63.6,0,none,1,33.4,45.4,7,1
499,4,Lance,Dragon,51,42.5,6,34.98,100.0,70.2,1,revive,1,35.1,40.5,7,1
500,1,Lorelei,Ice,54,53.3,3,0.0,79.35,100.0,0,none,1,28.1,29.4,4,1
500,2,Bruno,Fighting,54,53.3,3,12.56,87.65,71.9,0,none,1,25.2,36.2,3,1
500,3,Agatha,Ghost,54,53.3,3,15.7,100.0,46.7,0,none,1,29.0,41.7,9,1
500,4,Lance,Dragon,54,53.3,3,20.38,100.0,17.7,0,none,1,25.6,31.9,4,1
