trainer_id,trainer_name,hometown,starter_type,starter_species,team_size,team_level_avg,team_level_max,team_avg_iv_total,team_avg_ev_total,type_diversity,trainer_experience,play_hours,strategy_score,wealth,cave_training,safari_zone_visits,dept_store_spending,potions_purchased,revives_used,tm_count,exp_share_used,held_item_count,rare_candy_used,gym_pokemon_center_visits,fishing_attempts,traded_pokemon_count,team_happiness_avg,team_friendship_max,badges,elite_four_attempted,elite_four_wins,champion_defeated,hall_of_fame_time,total_battles_won,total_pokemon_caught,pokedex_completion,patience,natural_talent,dedication,hometown_gym_type,region
1,Clair_2278,Blackthorn City,Grass,Chikorita,3,32.9,36.2,60.1,196.4,1,2.8,244,60.5,2,1,8,645,38,5,8,1,3,0,25,8,4,172.1,175.4,4,0,0,0,,64,48,19.1,84.14,21.67,36.84,Dragon,Johto
2,Koji_5344,Goldenrod City,Fire,Cyndaquil,3,40.9,54.2,73.2,210.1,1,4.7,373,63.1,3,1,3,1288,51,11,7,1,1,0,34,5,1,176.8,180.0,5,0,0,0,,154,36,14.3,36.58,73.13,85.35,Normal,Johto
3,Bill_2432,Cherrygrove City,Fire,Cyndaquil,4,19.8,21.4,67.3,119.3,4,3.1,108,50.4,3,0,2,1272,14,3,6,1,2,0,13,4,1,172.8,174.0,3,0,0,0,,62,17,6.8,20.28,59.4,7.46,None,Johto
4,AJ_6884,Blackthorn City,Grass,Chikorita,3,27.1,32.0,71.1,175.7,1,1.2,481,74.5,3,0,7,1799,52,13,8,1,2,1,50,4,1,150.8,163.9,4,0,0,0,,106,63,25.1,88.79,72.34,95.66,Dragon,Johto
5,Blue_4886,Cianwood City,Fire,Cyndaquil,6,54.9,60.7,35.8,222.9,4,8.7,299,49.5,3,1,2,1204,37,9,9,1,1,0,35,7,1,165.3,177.5,6,0,0,0,,102,32,12.7,30.62,8.74,45.33,Fighting,Johto
6,Gold_7497,Goldenrod City,Water,Totodile,6,33.4,40.4,74.6,149.6,3,2.7,282,48.9,4,0,5,1782,31,7,5,0,0,2,27,7,2,148.7,152.4,3,0,0,0,,91,39,15.5,49.08,62.15,43.49,Normal,Johto
7,Falkner_9386,Cianwood City,Grass,Chikorita,4,19.7,28.7,64.5,83.0,3,1.0,112,54.0,1,0,5,650,0,10,0,0,3,0,6,8,1,152.9,176.6,3,0,0,0,,105,51,20.3,63.84,42.88,8.78,Fighting,Johto
8,AJ_6272,Azalea Town,Water,Totodile,6,47.5,68.6,76.0,213.9,3,7.7,316,68.7,3,1,2,1481,33,6,6,0,3,0,30,4,0,147.2,148.2,5,0,0,0,,126,53,21.1,64.3,97.92,52.17,Bug,Johto
9,Janine_1284,Mahogany Town,Fire,Cyndaquil,4,16.2,16.8,77.3,196.4,2,0.0,210,55.5,2,1,4,1386,27,3,2,1,0,0,26,8,1,176.5,180.2,3,0,0,0,,114,45,17.9,61.57,51.59,34.28,Ice,Johto
10,Clair_8642,Violet City,Grass,Chikorita,5,33.6,36.1,77.6,259.7,3,1.1,540,83.5,4,1,4,1652,63,10,6,0,5,0,59,10,3,144.3,159.4,5,0,0,0,,83,62,24.7,73.09,98.87,98.95,Flying,Johto
11,Gary_6081,Blackthorn City,Water,Totodile,3,32.0,32.1,49.2,200.3,2,3.6,260,51.0,3,1,4,1448,34,4,3,0,1,0,29,6,0,195.3,195.4,3,0,0,0,,68,43,17.1,74.01,26.83,33.38,Dragon,Johto
12,Surge_3557,Goldenrod City,Fire,Cyndaquil,6,40.5,45.3,57.0,165.5,4,8.2,245,67.7,3,0,5,1642,21,3,4,0,2,0,31,12,2,144.5,157.9,6,0,0,0,,144,47,18.7,82.96,29.41,28.96,Normal,Johto
13,Morty_2157,Cherrygrove City,Grass,Chikorita,4,37.8,49.5,76.3,255.8,1,2.5,382,31.8,4,1,3,1601,41,10,11,0,0,0,44,7,1,187.4,192.0,2,0,0,0,,73,44,17.5,20.84,47.67,61.61,None,Johto
14,Blue_8400,New Bark Town,Water,Totodile,3,25.2,42.6,65.2,171.4,3,0.4,358,47.5,2,0,2,1060,44,10,2,0,1,1,39,6,0,180.4,180.7,2,0,0,0,,116,48,19.1,85.82,36.78,65.58,None,Johto
15,Morty_7786,Olivine City,Fire,Cyndaquil,2,28.6,34.5,45.8,185.0,3,1.2,91,35.7,4,1,3,1691,13,5,4,1,2,1,8,10,1,123.4,126.8,2,0,0,0,,66,21,8.4,56.09,30.04,7.05,Steel,Johto
16,Blaine_6256,Cherrygrove City,Fire,Cyndaquil,4,18.7,19.1,68.0,158.5,2,0.6,381,61.2,1,0,1,386,26,7,3,1,0,1,45,6,0,183.9,184.1,4,0,0,0,,85,35,13.9,47.46,87.21,66.78,None,Johto
17,Gary_3152,Olivine City,Grass,Chikorita,2,21.4,26.1,58.5,148.1,1,1.1,236,39.5,4,0,10,1975,34,9,6,1,3,1,29,5,4,152.9,156.7,2,0,0,0,,42,62,24.7,97.73,40.45,39.16,Steel,Johto
18,Stella_8186,Ecruteak City,Fire,Cyndaquil,2,22.1,46.0,63.1,136.9,1,0.9,286,34.9,2,0,1,589,30,6,4,0,3,1,22,10,0,182.3,183.2,1,0,0,0,,89,23,9.2,20.9,71.59,47.6,Ghost,Johto
19,Green_8090,Cherrygrove City,Grass,Chikorita,5,41.0,62.2,77.1,243.8,5,6.2,495,85.8,1,1,6,526,46,13,10,0,1,0,43,9,3,172.9,193.4,6,0,0,0,,109,58,23.1,87.38,97.62,77.16,None,Johto
20,Blaine_9625,Mahogany Town,Water,Totodile,5,26.0,32.5,90.5,122.4,2,0.2,242,60.1,3,0,2,1391,17,4,3,0,0,0,25,4,1,154.1,202.1,3,0,0,0,,67,29,11.6,26.88,98.73,34.35,Ice,Johto
21,Silver_7520,Blackthorn City,Water,Totodile,1,25.5,48.7,55.2,112.8,1,1.0,283,70.2,3,0,9,1208,34,13,9,1,1,0,34,9,1,159.0,168.4,4,0,0,0,,113,57,22.7,100.0,82.67,57.14,Dragon,Johto
22,Yellow_1585,Cherrygrove City,Fire,Cyndaquil,4,33.4,33.9,83.4,195.5,2,3.8,241,72.6,2,1,3,1525,19,3,4,0,0,0,30,10,2,164.3,172.9,5,0,0,0,,72,34,13.5,84.08,94.5,36.14,None,Johto
23,Giselle_2872,Olivine City,Fire,Cyndaquil,6,31.9,61.6,47.6,248.3,2,1.6,427,58.0,2,1,8,1111,39,8,12,0,2,0,35,5,4,150.4,186.5,3,0,0,0,,83,70,27.9,59.71,27.24,66.8,Steel,Johto
24,AJ_7590,Mahogany Town,Water,Totodile,6,51.2,71.3,46.1,244.8,2,9.7,619,55.1,3,1,4,1966,48,14,10,0,3,1,52,12,0,146.4,150.1,6,0,0,0,,108,74,29.5,64.14,26.13,94.55,Ice,Johto
25,Todd_9731,Blackthorn City,Grass,Chikorita,6,62.5,70.0,51.3,257.0,6,13.8,358,51.0,3,1,1,1148,42,10,15,1,1,0,38,5,1,171.9,180.4,7,0,0,0,,132,35,13.9,21.55,40.3,43.48,Dragon,Johto
26,Blaine_3102,Blackthorn City,Fire,Cyndaquil,5,23.0,27.2,81.8,165.3,1,0.7,70,52.7,2,0,3,937,12,2,3,0,2,1,14,9,2,176.0,182.9,2,0,0,0,,105,28,11.2,54.61,95.3,19.5,Dragon,Johto
27,James_4128,Goldenrod City,Fire,Cyndaquil,4,63.6,73.5,69.7,191.6,2,12.3,347,83.6,3,0,5,1129,24,6,13,1,3,0,41,8,6,139.7,146.8,8,1,1,1,363.0,137,42,16.7,63.92,64.49,50.25,Normal,Johto
28,AJ_5911,Violet City,Grass,Chikorita,3,43.3,43.9,40.7,161.1,3,3.2,277,66.0,1,0,7,599,31,4,9,0,2,0,26,6,1,152.0,161.6,6,0,0,0,,75,47,18.7,100.0,5.58,55.1,Flying,Johto
29,Todd_2320,Goldenrod City,Grass,Chikorita,6,31.5,35.8,53.3,166.4,2,2.2,229,53.4,2,0,6,1001,9,10,1,0,1,0,30,4,2,132.3,138.1,4,0,0,0,,54,38,15.1,47.55,43.25,28.67,Normal,Johto
30,Jasmine_8975,Cherrygrove City,Water,Totodile,6,20.9,22.8,68.7,118.3,3,0.8,124,31.3,4,0,0,1632,9,6,6,0,2,3,13,2,1,179.6,205.7,0,0,0,0,,61,7,2.8,24.72,45.57,21.8,None,Johto
31,Red_1618,Cherrygrove City,Fire,Cyndaquil,5,40.6,42.9,55.6,161.7,4,4.6,391,65.2,2,0,5,1339,39,9,11,1,3,1,24,5,0,189.5,201.8,5,0,0,0,,95,81,32.3,55.72,60.41,62.51,None,Johto
32,Todd_3458,Goldenrod City,Fire,Cyndaquil,3,34.3,37.2,72.9,125.4,3,3.6,313,82.7,4,0,5,2187,32,7,8,0,0,0,21,10,5,149.5,179.1,7,0,0,0,,89,51,20.3,52.98,85.0,54.7,Normal,Johto
33,Richie_3808,Violet City,Fire,Cyndaquil,3,35.5,39.4,44.9,158.4,5,3.6,189,67.6,3,0,6,1634,28,5,6,1,2,0,14,6,2,163.6,199.9,7,0,0,0,,36,36,14.3,98.94,8.07,35.44,Flying,Johto
34,Surge_3875,Blackthorn City,Fire,Cyndaquil,3,32.6,38.4,83.9,202.1,5,0.8,465,62.8,3,1,8,1398,51,7,10,0,4,0,49,4,2,199.3,201.9,4,0,0,0,,81,77,30.7,71.4,96.97,94.15,Dragon,Johto
35,AJ_6864,Azalea Town,Water,Totodile,5,27.6,32.2,58.1,171.0,3,3.6,117,35.4,2,1,3,1100,33,6,0,1,1,1,27,2,1,133.2,161.9,3,0,0,0,,99,27,10.8,29.27,20.26,14.96,Bug,Johto
36,Jessie_9648,Goldenrod City,Fire,Cyndaquil,3,45.6,45.6,80.8,157.1,3,9.2,573,74.8,3,0,3,1075,54,14,15,1,3,0,34,6,2,169.2,177.2,6,0,0,0,,184,42,16.7,57.63,71.22,88.81,Normal,Johto
37,Surge_8275,Cianwood City,Grass,Chikorita,4,20.5,32.9,31.9,151.6,1,0.1,167,32.6,2,0,4,598,21,5,2,0,2,0,18,6,1,126.0,146.8,1,0,0,0,,15,20,8.0,55.6,2.61,19.44,Fighting,Johto
38,Joe_1710,Blackthorn City,Grass,Chikorita,3,41.7,52.0,72.2,143.0,2,2.3,446,43.0,1,0,1,959,59,9,17,0,4,1,47,4,1,147.4,164.7,4,0,0,0,,46,32,12.7,22.94,46.99,92.46,Dragon,Johto
39,Surge_1466,Olivine City,Water,Totodile,5,23.1,26.9,73.0,191.8,3,1.4,424,78.5,2,1,2,967,37,12,6,0,1,0,34,5,1,161.5,169.1,5,0,0,0,,117,56,22.3,30.39,86.89,77.91,Steel,Johto
40,Crystal_2509,Mahogany Town,Fire,Cyndaquil,2,22.9,27.4,32.0,124.2,5,0.9,139,46.2,3,0,3,1392,8,2,5,0,0,0,18,4,1,193.6,197.1,3,0,0,0,,25,25,10.0,68.81,4.58,23.09,Ice,Johto
41,Gold_9679,Ecruteak City,Grass,Chikorita,6,42.5,45.9,80.8,160.5,2,3.3,194,89.1,2,1,10,226,16,5,5,0,1,0,22,4,1,179.6,186.2,6,0,0,0,,113,27,10.8,100.0,90.47,32.63,Ghost,Johto
42,Bugsy_6899,Cianwood City,Water,Totodile,6,47.9,71.4,66.1,225.4,4,7.7,383,60.8,2,1,6,562,33,7,10,1,1,0,36,6,1,160.3,178.4,6,0,0,0,,103,67,26.7,84.7,54.46,53.82,Fighting,Johto
43,Blaine_9562,Cianwood City,Fire,Cyndaquil,3,22.4,25.8,76.5,226.1,1,2.3,402,63.6,2,1,6,952,48,10,9,0,0,1,45,4,1,159.3,162.1,3,0,0,0,,64,51,20.3,80.21,58.83,77.78,Fighting,Johto
44,Aya_3169,Mahogany Town,Fire,Cyndaquil,6,31.2,37.2,79.2,253.2,3,0.1,326,58.2,3,1,4,1642,47,6,7,0,1,1,46,3,1,186.4,194.2,4,0,0,0,,82,48,19.1,70.11,65.47,62.41,Ice,Johto
45,Erika_3204,Mahogany Town,Grass,Chikorita,3,31.2,32.1,78.5,145.7,3,2.2,377,47.1,2,0,7,977,34,5,9,0,2,0,36,6,0,127.4,158.9,2,0,0,0,,108,55,21.9,50.73,95.18,72.57,Ice,Johto
46,Ash_6508,Cherrygrove City,Fire,Cyndaquil,4,24.5,27.6,70.7,197.5,1,0.1,152,54.3,1,1,2,325,31,6,1,0,1,1,20,5,0,148.1,151.8,2,0,0,0,,37,40,15.9,43.61,65.52,39.28,None,Johto
47,Tracey_7493,Blackthorn City,Fire,Cyndaquil,5,23.3,23.5,65.3,107.9,1,0.9,328,49.1,2,0,3,908,35,10,3,0,1,0,21,2,1,115.5,116.8,1,0,0,0,,82,47,18.7,22.35,75.14,58.4,Dragon,Johto
48,Stella_6894,Ecruteak City,Water,Totodile,3,22.7,32.9,76.8,143.0,1,0.5,224,53.3,3,0,9,922,25,3,6,0,0,1,25,6,1,122.9,125.7,2,0,0,0,,107,42,16.7,67.44,66.53,38.63,Ghost,Johto
49,Todd_5622,Azalea Town,Grass,Chikorita,6,38.0,40.5,77.1,230.4,1,3.9,505,75.3,3,1,5,1536,48,13,9,0,0,1,47,10,1,182.1,184.5,6,0,0,0,,128,61,24.3,62.4,75.55,82.43,Bug,Johto
50,Green_4794,Violet City,Grass,Chikorita,2,28.9,43.6,53.0,190.0,1,1.3,378,55.9,3,0,7,1163,35,9,3,1,0,0,33,5,3,132.0,142.2,3,0,0,0,,31,56,22.3,84.4,40.34,65.58,Flying,Johto
51,Samurai_6471,New Bark Town,Fire,Cyndaquil,6,45.6,65.3,58.7,267.8,4,6.0,406,63.9,2,1,10,963,48,7,11,1,1,0,35,7,1,185.1,186.5,6,0,0,0,,125,61,24.3,91.03,40.25,76.54,None,Johto
52,Bruno_2428,Azalea Town,Fire,Cyndaquil,2,31.6,36.3,47.4,206.7,3,2.2,450,41.9,2,1,2,1423,59,5,8,0,1,0,44,8,0,160.6,172.8,2,0,0,0,,72,44,17.5,30.52,5.32,86.58,Bug,Johto
53,Samurai_1107,Ecruteak City,Fire,Cyndaquil,4,35.6,42.8,52.7,267.3,4,0.7,486,55.1,1,1,4,1202,60,12,13,0,2,0,51,2,1,170.2,173.8,5,0,0,0,,132,60,23.9,85.6,27.41,96.47,Ghost,Johto
54,Gold_7747,Blackthorn City,Grass,Chikorita,5,25.4,27.9,50.6,238.3,1,1.5,345,65.6,1,1,9,768,54,9,8,0,1,0,38,3,1,184.0,184.9,4,0,0,0,,86,53,21.1,83.91,10.78,81.51,Dragon,Johto
55,Silver_4417,Cherrygrove City,Grass,Chikorita,5,33.2,33.6,62.7,236.5,3,0.5,258,42.1,3,1,0,1729,20,4,6,1,2,0,27,7,2,146.9,162.3,2,0,0,0,,59,30,12.0,87.99,23.3,29.69,None,Johto
56,Casey_1677,Goldenrod City,Water,Totodile,6,46.9,50.4,80.6,180.0,3,4.6,444,70.6,3,0,1,1248,39,9,8,0,1,0,41,4,1,178.9,179.3,6,0,0,0,,77,34,13.5,31.99,91.37,81.74,Normal,Johto
57,Stella_6340,New Bark Town,Water,Totodile,6,24.7,29.1,65.7,197.0,6,1.1,195,58.1,1,1,5,438,25,5,2,1,1,0,26,2,0,136.8,137.9,4,0,0,0,,74,44,17.5,68.77,84.1,30.61,None,Johto
58,Will_4865,Ecruteak City,Fire,Cyndaquil,6,26.2,28.5,82.1,180.3,2,1.4,210,76.6,1,1,3,334,18,4,1,0,1,0,24,6,0,157.5,164.5,3,0,0,0,,75,28,11.2,66.16,93.7,40.86,Ghost,Johto
59,Stella_2947,Blackthorn City,Grass,Chikorita,1,35.5,40.0,77.5,154.0,2,2.9,378,58.4,4,0,4,2263,38,13,1,0,0,0,48,5,3,144.2,198.2,3,0,0,0,,60,32,12.7,32.32,89.54,62.42,Dragon,Johto
60,Aya_6507,Cianwood City,Water,Totodile,6,38.9,42.4,28.4,238.8,1,6.3,472,47.6,1,1,2,368,51,10,8,1,1,0,43,4,2,138.3,168.9,4,0,0,0,,120,59,23.5,42.39,0.21,90.58,Fighting,Johto
61,Brock_3178,New Bark Town,Fire,Cyndaquil,1,33.3,34.3,69.8,216.4,2,0.0,341,70.4,4,1,4,1498,37,10,4,0,1,1,36,14,0,166.5,168.6,4,0,0,0,,31,34,13.5,95.58,91.21,61.56,None,Johto
62,Brock_4359,Blackthorn City,Fire,Cyndaquil,5,43.2,46.8,64.2,225.7,4,6.4,349,60.2,2,1,3,700,36,9,8,0,3,0,27,8,1,163.0,205.1,4,0,0,0,,107,37,14.7,100.0,48.05,56.33,Dragon,Johto
63,Karen_8024,Goldenrod City,Fire,Cyndaquil,1,46.0,54.4,49.4,204.9,3,7.2,442,37.6,2,1,3,1279,39,13,7,0,2,1,33,5,2,158.2,185.1,3,0,0,0,,161,55,21.9,35.16,31.32,66.3,Normal,Johto
64,Blue_8117,Goldenrod City,Water,Totodile,3,29.0,44.2,75.7,171.7,1,1.1,167,71.0,2,1,2,368,38,7,7,0,1,0,22,5,1,160.5,164.1,4,0,0,0,,44,36,14.3,40.54,88.01,18.92,Normal,Johto
65,Lorelei_6520,New Bark Town,Water,Totodile,1,37.4,39.4,30.0,207.8,2,5.9,255,39.6,1,1,5,323,22,9,5,0,3,1,25,9,0,104.6,121.5,1,0,0,0,,95,27,10.8,39.59,13.45,25.35,None,Johto
66,Stella_4642,Goldenrod City,Grass,Chikorita,5,29.8,30.4,89.9,176.7,3,1.3,433,67.9,4,0,7,1416,46,6,6,0,1,0,42,12,0,183.7,208.6,5,0,0,0,,91,51,20.3,98.42,95.21,78.0,Normal,Johto
67,Pryce_5031,Violet City,Grass,Chikorita,2,56.5,59.2,58.2,297.3,2,7.9,604,67.3,3,1,7,1042,66,13,13,1,1,0,48,6,1,174.6,192.4,7,0,0,0,,143,73,29.1,91.12,23.25,99.15,Flying,Johto
68,Lorelei_3489,Ecruteak City,Grass,Chikorita,2,35.0,38.5,69.3,189.3,1,1.5,375,46.3,4,1,1,1867,28,6,7,0,1,0,34,2,2,159.7,163.4,3,0,0,0,,66,48,19.1,52.23,44.69,83.2,Ghost,Johto
69,Yellow_1674,Blackthorn City,Grass,Chikorita,5,24.6,29.4,58.3,182.5,6,1.1,441,51.5,4,0,6,1723,38,9,3,0,1,2,42,9,4,174.6,175.1,5,0,0,0,,73,70,27.9,68.09,37.08,82.67,Dragon,Johto
70,Will_4684,Cherrygrove City,Water,Totodile,6,45.9,50.4,81.8,154.6,5,6.2,287,82.0,2,0,3,942,37,5,8,1,2,0,24,9,2,196.5,197.8,8,1,1,1,308.0,128,47,18.7,90.28,82.9,43.55,None,Johto
71,Jessie_4269,Azalea Town,Fire,Cyndaquil,2,22.6,31.7,87.4,77.6,2,1.8,223,65.3,1,0,2,607,36,7,2,0,1,0,21,7,2,148.7,155.3,3,0,0,0,,76,15,6.0,44.1,78.36,41.55,Bug,Johto
72,Will_6450,Violet City,Grass,Chikorita,4,40.6,58.4,64.8,232.7,2,6.2,283,66.5,1,1,5,593,27,4,9,0,1,1,26,11,1,141.3,144.1,5,0,0,0,,123,42,16.7,62.88,68.31,39.98,Flying,Johto
73,Bruno_8421,Ecruteak City,Fire,Cyndaquil,6,35.8,36.3,68.6,206.4,3,1.4,488,52.3,2,0,1,1437,44,15,6,0,3,0,44,5,2,137.8,138.8,4,0,0,0,,65,62,24.7,39.53,58.61,80.05,Ghost,Johto
74,Bruno_4488,Olivine City,Fire,Cyndaquil,6,35.8,40.7,58.1,206.0,1,0.5,271,48.2,3,1,5,1739,42,6,4,0,2,0,44,14,3,133.3,154.9,2,0,0,0,,15,37,14.7,42.61,55.36,49.62,Steel,Johto
75,Lorelei_6646,Goldenrod City,Grass,Chikorita,6,30.9,34.3,41.7,265.1,3,1.1,443,62.3,2,1,1,599,38,13,4,0,2,1,38,4,2,154.8,160.7,4,0,0,0,,33,54,21.5,100.0,34.58,96.97,Normal,Johto
76,Samurai_3025,Olivine City,Grass,Chikorita,1,30.9,42.7,62.0,199.2,4,1.4,311,61.6,4,0,8,1921,23,3,11,0,2,1,27,10,2,178.7,197.1,5,0,0,0,,26,46,18.3,92.02,53.26,68.08,Steel,Johto
77,Gold_1522,Goldenrod City,Water,Totodile,5,48.1,65.4,70.8,184.9,2,9.3,120,65.2,2,1,0,1084,16,5,6,1,2,1,17,6,1,142.5,147.3,7,0,0,0,,131,8,3.2,44.55,58.45,19.18,Normal,Johto
78,Karen_2271,New Bark Town,Grass,Chikorita,5,35.3,39.8,87.8,139.2,3,3.1,416,53.4,3,0,3,1294,45,17,1,0,1,0,46,8,1,159.9,166.0,3,0,0,0,,114,52,20.7,39.88,78.12,76.86,None,Johto
79,Jessie_7948,Ecruteak City,Grass,Chikorita,3,33.1,42.1,52.4,132.6,3,0.6,440,78.3,2,0,5,1441,55,14,2,0,4,0,36,5,0,178.0,202.2,5,0,0,0,,44,58,23.1,100.0,52.12,75.85,Ghost,Johto
80,Lorelei_4938,Olivine City,Water,Totodile,6,53.0,55.2,62.4,211.7,3,10.7,331,64.6,2,1,4,1223,33,14,14,0,0,0,32,3,0,125.3,158.1,6,0,0,0,,120,63,25.1,50.7,58.15,33.41,Steel,Johto
81,Agatha_5131,Cianwood City,Water,Totodile,5,63.4,66.5,45.0,168.6,2,12.4,491,51.4,2,1,3,736,39,13,13,0,1,1,42,2,3,143.4,159.5,5,0,0,0,,130,69,27.5,42.81,7.28,73.02,Fighting,Johto
82,Surge_2518,Cherrygrove City,Fire,Cyndaquil,3,29.9,58.3,48.8,30.0,1,3.3,229,38.5,2,0,1,1224,33,4,2,0,0,0,21,5,2,173.7,195.4,2,0,0,0,,96,30,12.0,36.62,42.34,33.47,None,Johto
83,Aya_6574,Violet City,Fire,Cyndaquil,4,15.1,19.4,60.2,135.4,4,1.3,76,71.2,2,0,6,952,9,2,8,0,1,0,4,10,0,174.8,196.9,4,0,0,0,,74,36,14.3,99.85,42.38,8.67,Flying,Johto
84,Morty_9247,Violet City,Fire,Cyndaquil,3,20.7,33.7,86.1,135.9,3,1.1,101,76.7,2,0,8,551,5,4,4,0,1,0,18,9,3,149.4,168.2,4,0,0,0,,74,36,14.3,100.0,91.9,16.52,Flying,Johto
85,Daisy_7230,Cianwood City,Fire,Cyndaquil,2,25.9,29.8,45.9,170.9,3,0.7,359,50.9,1,0,9,798,44,7,7,0,1,0,36,9,2,186.7,208.9,3,0,0,0,,67,62,24.7,100.0,2.85,55.99,Fighting,Johto
86,Falkner_3950,Mahogany Town,Fire,Cyndaquil,3,39.0,51.7,58.5,196.2,6,6.2,474,64.4,3,1,4,1649,55,12,16,1,3,1,41,6,1,142.1,153.6,7,0,0,0,,77,39,15.5,84.44,30.26,95.52,Ice,Johto
87,Sabrina_4661,Blackthorn City,Water,Totodile,4,47.8,77.0,52.9,276.4,4,8.5,484,46.0,2,1,4,973,64,19,11,0,1,0,48,6,1,157.5,183.1,5,0,0,0,,144,47,18.7,38.71,0.74,73.1,Dragon,Johto
88,James_5479,Olivine City,Grass,Chikorita,3,40.1,45.6,83.8,177.8,1,5.7,177,70.9,2,1,2,1089,10,4,10,0,2,1,13,4,1,177.5,191.6,6,0,0,0,,129,45,17.9,64.17,83.0,6.95,Steel,Johto
89,Brock_6776,Blackthorn City,Water,Totodile,6,46.8,53.3,47.2,180.3,1,5.7,422,45.8,4,0,4,1581,38,14,7,0,1,0,42,6,1,168.3,186.3,4,0,0,0,,107,32,12.7,41.86,16.29,81.86,Dragon,Johto
90,Giselle_5016,Blackthorn City,Grass,Chikorita,6,33.1,33.8,76.6,101.0,1,6.1,201,92.1,3,0,6,1359,20,5,4,0,3,1,27,10,1,140.3,146.1,6,0,0,0,,122,44,17.5,100.0,56.74,16.88,Dragon,Johto
91,Bugsy_2884,Goldenrod City,Water,Totodile,4,21.7,27.4,48.7,191.6,1,0.6,307,23.7,4,1,5,1434,36,8,10,1,1,0,31,8,3,138.0,157.6,1,0,0,0,,61,57,22.7,35.14,9.69,44.28,Normal,Johto
92,Janine_3507,Blackthorn City,Fire,Cyndaquil,6,21.2,26.8,68.8,180.8,3,2.8,149,46.8,2,0,3,763,19,2,4,1,2,0,15,9,0,123.3,126.7,3,0,0,0,,103,20,8.0,40.45,75.86,18.55,Dragon,Johto
93,Lara_9604,Ecruteak City,Fire,Cyndaquil,6,34.6,44.3,75.5,113.7,5,5.4,82,42.5,3,0,4,1327,10,3,5,0,1,0,13,2,2,160.8,162.4,3,0,0,0,,139,17,6.8,46.39,44.22,17.32,Ghost,Johto
94,Giselle_3615,Blackthorn City,Grass,Chikorita,3,40.0,45.5,63.9,153.3,3,4.3,265,64.8,3,0,4,1445,26,8,14,0,1,0,27,10,1,167.3,198.6,6,0,0,0,,82,45,17.9,62.96,77.62,46.26,Dragon,Johto
95,Dario_3626,Goldenrod City,Water,Totodile,5,31.4,33.5,39.4,206.4,2,1.8,286,34.0,2,1,5,1115,45,8,5,1,1,1,30,6,1,187.4,192.6,2,0,0,0,,85,59,23.5,75.21,6.95,59.43,Normal,Johto
96,Morty_7545,Cianwood City,Fire,Cyndaquil,4,24.6,26.8,70.4,125.4,4,2.6,231,62.2,2,0,5,1034,27,8,7,0,2,0,30,4,0,161.5,161.9,4,0,0,0,,129,37,14.7,21.36,88.11,28.42,Fighting,Johto
97,Giovanni_1733,Blackthorn City,Fire,Cyndaquil,4,59.8,61.6,52.1,183.0,1,14.2,341,71.4,2,0,4,1104,34,3,12,0,3,0,33,3,1,162.7,180.1,6,0,0,0,,137,42,16.7,57.05,35.03,45.02,Dragon,Johto
98,Koji_4770,Goldenrod City,Fire,Cyndaquil,5,28.7,39.7,52.1,120.5,2,2.1,283,43.0,3,0,1,1680,35,5,7,0,1,0,26,7,4,175.3,194.2,3,0,0,0,,60,42,16.7,56.14,2.99,50.51,Normal,Johto
99,Todd_5875,Cianwood City,Water,Totodile,3,26.0,30.6,51.8,160.6,3,1.1,126,42.5,2,0,3,602,19,1,1,0,0,0,15,8,2,154.1,193.8,3,0,0,0,,90,36,14.3,54.09,40.83,14.97,Fighting,Johto
100,Whitney_5840,Azalea Town,Fire,Cyndaquil,3,26.4,37.2,51.5,224.9,1,2.5,235,36.5,3,1,8,1371,21,9,6,0,1,2,22,4,2,167.4,167.6,2,0,0,0,,98,50,19.9,71.79,19.83,34.08,Bug,Johto
101,Jessie_4547,Cherrygrove City,Fire,Cyndaquil,6,29.2,43.2,53.2,207.0,1,0.1,383,61.0,2,1,4,844,45,14,12,0,2,0,35,5,2,161.1,171.9,3,0,0,0,,85,57,22.7,70.61,63.45,85.61,None,Johto
102,Falkner_2519,Violet City,Water,Totodile,2,56.8,69.9,37.9,222.5,3,11.7,426,61.1,2,1,2,987,39,11,9,1,1,0,57,6,0,162.1,165.8,6,0,0,0,,169,55,21.9,54.8,31.56,69.73,Flying,Johto
103,Red_4043,Goldenrod City,Fire,Cyndaquil,4,27.4,48.3,69.7,139.4,1,1.3,159,45.9,3,0,4,1173,15,6,0,1,1,1,16,6,0,145.7,152.3,2,0,0,0,,116,32,12.7,36.59,58.65,32.82,Normal,Johto
104,Erika_4205,Violet City,Water,Totodile,6,45.9,49.0,51.5,156.6,3,6.9,397,52.9,3,0,4,1242,43,9,3,0,2,2,37,6,2,151.1,158.2,4,0,0,0,,96,46,18.3,73.49,26.5,58.03,Flying,Johto
105,Crystal_4063,Azalea Town,Fire,Cyndaquil,2,38.6,43.6,41.2,196.1,4,3.7,448,58.8,2,1,4,601,41,7,10,0,0,0,40,10,2,178.2,198.0,5,0,0,0,,103,65,25.9,86.08,9.41,84.91,Bug,Johto
106,Janine_1241,Violet City,Water,Totodile,6,27.3,29.7,59.5,158.6,4,0.7,336,45.0,2,0,3,843,36,4,12,0,2,1,48,3,1,164.1,185.2,3,0,0,0,,73,54,21.5,45.73,29.69,73.37,Flying,Johto
107,Daisy_7094,New Bark Town,Water,Totodile,6,48.7,58.6,50.9,137.7,2,10.9,239,61.0,2,0,2,1011,23,7,2,0,1,0,27,9,2,182.5,199.3,4,0,0,0,,115,37,14.7,100.0,22.8,19.18,None,Johto
108,Agatha_4837,Ecruteak City,Fire,Cyndaquil,2,28.6,46.6,43.3,136.4,2,2.8,187,49.9,2,0,4,1066,22,2,1,0,2,0,23,8,3,153.6,154.7,3,0,0,0,,116,32,12.7,70.85,21.84,21.26,Ghost,Johto
109,Bugsy_3056,New Bark Town,Water,Totodile,6,21.1,21.3,72.5,110.5,2,0.7,137,66.1,3,0,5,1010,24,5,3,0,0,1,20,14,3,152.6,167.1,2,0,0,0,,69,39,15.5,95.53,50.3,21.32,None,Johto
110,Agatha_8923,Mahogany Town,Grass,Chikorita,3,40.5,42.1,69.7,184.0,1,6.3,245,52.6,2,0,5,797,29,8,6,0,1,1,24,6,2,150.3,159.2,3,0,0,0,,170,41,16.3,32.29,64.74,28.26,Ice,Johto
111,Clair_3194,New Bark Town,Water,Totodile,4,36.7,47.2,46.4,122.0,1,3.5,313,33.4,1,0,3,405,37,6,10,0,2,0,34,10,2,120.4,125.9,2,0,0,0,,84,51,20.3,33.19,20.0,59.88,None,Johto
112,Blue_7133,Olivine City,Fire,Cyndaquil,6,45.8,48.6,70.6,193.2,2,5.0,502,57.0,3,1,2,819,48,11,5,1,1,0,35,2,1,187.0,189.1,5,0,0,0,,115,57,22.7,25.96,67.62,90.01,Steel,Johto
113,Giovanni_3646,Blackthorn City,Grass,Chikorita,6,23.2,25.6,64.5,199.4,1,0.9,400,65.2,2,0,4,979,40,4,8,0,0,0,43,8,0,158.3,158.5,3,0,0,0,,64,50,19.9,67.98,71.67,76.77,Dragon,Johto
114,Morty_3764,New Bark Town,Grass,Chikorita,2,29.7,42.4,56.3,122.3,1,1.5,260,63.2,2,0,2,944,20,10,10,1,2,0,34,5,0,157.0,166.2,4,0,0,0,,84,35,13.9,41.85,84.69,36.03,None,Johto
115,Surge_2254,Cianwood City,Fire,Cyndaquil,4,38.0,40.5,78.8,232.5,1,6.4,410,51.4,3,1,3,1194,57,10,8,1,1,1,40,8,1,131.9,133.0,3,0,0,0,,89,52,20.7,33.35,61.73,72.74,Fighting,Johto
116,Brock_1843,Mahogany Town,Water,Totodile,5,23.8,29.8,71.9,135.1,2,2.8,240,46.9,3,0,4,1116,35,8,7,1,6,0,31,5,1,165.6,190.1,4,0,0,0,,84,29,11.6,30.52,34.55,35.59,Ice,Johto
117,Karen_1073,Ecruteak City,Grass,Chikorita,6,23.3,40.9,44.2,150.7,4,1.1,279,73.4,2,0,4,1161,41,6,7,0,0,0,39,3,2,143.5,170.8,5,0,0,0,,109,35,13.9,82.46,29.88,48.93,Ghost,Johto
118,Stella_4409,Azalea Town,Water,Totodile,6,6.1,17.3,42.0,112.9,3,0.4,97,30.8,3,0,5,1194,18,4,0,0,0,0,14,9,1,153.4,205.2,1,0,0,0,,51,39,15.5,82.27,16.07,6.97,Bug,Johto
119,Yellow_4126,Goldenrod City,Fire,Cyndaquil,3,34.2,40.0,70.2,134.4,4,1.6,280,62.0,4,0,3,1752,28,5,11,0,4,1,23,5,0,147.4,185.2,5,0,0,0,,53,22,8.8,63.63,57.24,46.45,Normal,Johto
120,Richie_9109,Violet City,Grass,Chikorita,6,24.7,45.4,63.8,134.6,2,0.8,281,27.8,3,0,1,1257,39,7,11,0,1,0,34,6,1,172.2,217.9,1,0,0,0,,90,51,20.3,38.02,31.99,56.3,Flying,Johto
121,Janine_1703,Azalea Town,Fire,Cyndaquil,2,32.8,51.6,59.6,212.3,3,3.0,228,36.8,3,1,1,1474,26,6,3,0,1,0,33,7,2,161.6,250.7,1,0,0,0,,106,5,2.0,20.13,75.48,26.82,Bug,Johto
122,Crystal_8180,Ecruteak City,Water,Totodile,5,30.4,31.1,47.6,211.5,3,0.9,419,49.3,3,1,9,1475,45,9,7,1,6,0,50,1,0,185.5,197.8,3,0,0,0,,89,58,23.1,72.16,22.33,96.02,Ghost,Johto
123,Lara_6497,Blackthorn City,Fire,Cyndaquil,3,13.4,14.1,50.9,120.6,1,0.5,48,57.0,3,0,4,886,12,5,2,1,2,0,18,7,1,166.2,174.6,2,0,0,0,,90,15,6.0,88.61,11.59,18.68,Dragon,Johto
124,Red_3762,Cherrygrove City,Grass,Chikorita,3,21.0,48.4,65.2,191.5,2,1.1,207,52.0,2,1,2,813,27,4,9,0,2,0,28,6,4,166.0,190.2,2,0,0,0,,71,28,11.2,47.94,61.74,31.39,None,Johto
125,Gold_1381,Olivine City,Fire,Cyndaquil,6,22.6,31.2,43.2,178.3,2,1.3,411,51.3,1,0,1,593,51,11,7,0,0,0,33,6,0,133.8,146.2,3,0,0,0,,46,50,19.9,22.32,43.53,69.86,Steel,Johto
126,James_9611,Olivine City,Fire,Cyndaquil,4,40.9,46.3,71.0,154.7,2,2.9,279,51.4,2,0,1,495,30,5,1,0,0,1,19,9,3,173.8,231.1,2,0,0,0,,110,31,12.4,40.1,27.05,27.07,Steel,Johto
127,Pryce_3197,Mahogany Town,Water,Totodile,5,41.4,41.5,72.1,236.3,3,2.5,448,71.5,1,1,9,1023,55,11,11,1,0,0,43,6,0,159.3,219.8,7,0,0,0,,96,74,29.5,78.64,95.51,78.33,Ice,Johto
128,Brock_1714,Cianwood City,Water,Totodile,4,38.8,40.5,40.3,141.4,2,4.9,189,70.1,3,0,9,1304,14,6,0,1,2,0,21,6,5,197.0,205.7,5,0,0,0,,88,67,26.7,94.93,28.95,16.4,Fighting,Johto
129,Gold_7136,Mahogany Town,Fire,Cyndaquil,2,30.4,31.4,53.7,246.7,3,3.0,358,56.2,5,1,1,1974,57,12,8,0,0,0,34,8,1,170.8,182.2,4,0,0,0,,117,41,16.3,64.83,44.86,80.83,Ice,Johto
130,Giovanni_1922,Blackthorn City,Grass,Chikorita,2,29.3,31.9,72.0,125.2,3,0.6,360,64.4,4,0,5,1764,35,9,7,1,3,0,31,10,0,166.0,180.1,5,0,0,0,,38,57,22.7,100.0,64.04,60.36,Dragon,Johto
131,Duplica_4420,Ecruteak City,Water,Totodile,6,58.5,86.3,73.1,222.2,6,7.9,441,85.9,3,1,6,1503,47,17,11,0,2,0,47,11,1,138.3,164.3,7,0,0,0,,116,81,32.3,100.0,93.98,76.4,Ghost,Johto
132,Giselle_7338,Cianwood City,Grass,Chikorita,6,31.1,32.9,53.5,256.4,1,3.5,396,45.5,1,1,4,461,42,8,7,0,2,0,46,4,0,142.8,196.4,1,0,0,0,,50,56,22.3,52.71,52.43,73.55,Fighting,Johto
133,Yellow_3660,Ecruteak City,Water,Totodile,3,42.4,44.0,62.8,286.9,6,7.9,482,48.8,3,1,0,1470,62,18,5,0,2,0,50,6,2,148.5,159.4,4,0,0,0,,137,52,20.7,56.0,58.92,79.93,Ghost,Johto
134,Crystal_1976,Cianwood City,Fire,Cyndaquil,4,27.4,34.3,27.2,269.3,3,1.3,485,31.3,2,1,5,589,51,7,14,0,4,0,47,8,0,144.8,171.9,1,0,0,0,,101,61,24.3,44.1,0.55,96.23,Fighting,Johto
135,Jessie_6014,Olivine City,Water,Totodile,4,31.3,34.8,51.9,239.0,2,2.2,463,41.7,3,1,7,1263,51,6,12,0,3,0,40,9,2,145.7,146.1,1,0,0,0,,63,79,31.5,67.66,25.94,86.59,Steel,Johto
136,Bruno_5668,Cherrygrove City,Grass,Chikorita,4,26.1,34.2,51.3,147.8,3,1.4,61,56.4,2,0,5,432,12,5,3,0,0,1,11,9,1,141.9,147.0,2,0,0,0,,87,33,13.1,48.07,32.0,20.87,None,Johto
137,Samurai_3066,Olivine City,Grass,Chikorita,6,24.4,25.1,51.1,112.6,3,1.3,114,47.5,2,0,4,642,21,7,3,0,1,1,16,8,1,130.1,141.6,3,0,0,0,,48,24,9.6,54.12,29.89,11.23,Steel,Johto
138,Chuck_9989,Cianwood City,Fire,Cyndaquil,6,20.5,29.8,67.1,155.7,1,0.9,67,49.2,2,1,5,813,17,4,3,0,1,0,10,1,1,151.9,190.5,0,0,0,0,,86,33,13.1,85.58,4.65,7.98,Fighting,Johto
139,Ash_3280,Ecruteak City,Grass,Chikorita,5,17.3,30.4,66.9,134.2,1,0.2,290,52.8,3,0,4,1178,41,6,10,0,1,0,23,4,2,156.2,157.0,3,0,0,0,,89,38,15.1,60.51,83.73,55.75,Ghost,Johto
140,Jasmine_3001,Cherrygrove City,Grass,Chikorita,4,19.0,21.2,68.4,179.7,1,0.4,356,64.2,4,0,6,2087,42,11,3,0,1,0,33,7,1,144.9,155.8,2,0,0,0,,97,47,18.7,66.14,81.03,61.22,None,Johto
141,Sabrina_5720,Cherrygrove City,Grass,Chikorita,4,34.7,38.6,65.3,219.3,5,2.7,386,64.1,4,1,2,1987,39,10,13,1,2,1,50,7,2,145.6,179.6,6,0,0,0,,50,47,18.7,30.63,75.58,69.59,None,Johto
142,Lara_6194,Cherrygrove City,Fire,Cyndaquil,2,33.9,35.4,46.4,242.2,4,2.3,482,50.1,4,1,9,1747,46,7,18,1,2,0,61,10,1,176.5,185.1,4,0,0,0,,64,71,28.3,100.0,17.24,85.05,None,Johto
143,Gary_7737,Ecruteak City,Fire,Cyndaquil,1,32.3,39.1,67.5,214.8,5,5.1,335,59.1,2,1,0,1122,22,10,6,1,2,0,29,6,1,153.1,207.7,5,0,0,0,,131,41,16.3,38.06,83.19,42.77,Ghost,Johto
144,Dario_8231,Cherrygrove City,Fire,Cyndaquil,6,29.8,35.8,44.0,155.5,3,2.4,291,60.2,3,0,3,949,38,4,5,1,0,1,32,8,0,162.7,168.3,4,0,0,0,,104,39,15.5,100.0,14.32,59.68,None,Johto
145,Sabrina_5574,Violet City,Water,Totodile,1,28.5,33.9,48.7,165.6,3,2.0,225,31.2,4,1,2,1422,16,6,5,0,3,0,25,6,4,151.3,157.5,1,0,0,0,,84,47,18.7,25.75,17.42,42.06,Flying,Johto
146,Gary_2486,Azalea Town,Water,Totodile,6,32.5,32.7,63.5,172.0,3,3.3,331,56.7,2,0,6,1376,40,8,6,0,3,1,29,9,1,153.0,186.5,4,0,0,0,,114,72,28.7,100.0,60.01,44.88,Bug,Johto
147,Bugsy_5763,New Bark Town,Water,Totodile,6,79.0,89.0,62.6,258.3,2,15.0,533,77.2,2,1,2,1336,39,17,15,0,1,0,38,3,3,132.6,180.4,7,0,0,0,,154,66,26.3,22.26,66.77,71.27,None,Johto
148,Janine_6632,Cherrygrove City,Grass,Chikorita,2,28.9,40.4,41.7,130.0,3,2.4,209,57.8,1,0,7,380,23,4,8,0,3,2,28,7,2,160.9,223.9,4,0,0,0,,62,45,17.9,100.0,11.93,29.09,None,Johto
149,Ash_2452,New Bark Town,Fire,Cyndaquil,3,34.3,34.6,67.4,136.5,1,2.6,148,70.8,2,0,3,869,21,9,0,0,1,0,19,5,0,170.7,171.4,4,0,0,0,,132,39,15.5,75.43,65.92,15.46,None,Johto
150,Blue_2814,Cianwood City,Water,Totodile,5,56.9,75.4,84.7,184.9,2,10.4,419,51.9,4,0,6,2189,41,9,8,1,0,1,55,10,3,188.1,192.4,5,0,0,0,,104,57,22.7,47.39,56.54,60.0,Fighting,Johto
151,Jessie_5769,Blackthorn City,Grass,Chikorita,2,26.1,26.4,71.7,241.0,2,1.5,504,50.9,2,1,4,1113,44,11,12,1,3,0,66,7,1,173.6,174.8,3,0,0,0,,78,52,20.7,67.64,59.41,97.24,Dragon,Johto
152,Yellow_8764,Mahogany Town,Water,Totodile,3,40.5,42.2,80.0,223.9,1,3.3,529,75.4,3,1,4,1731,68,12,12,1,2,0,48,9,2,186.4,193.3,6,0,0,0,,62,73,29.1,92.58,92.72,96.97,Ice,Johto
153,Tracey_5777,Blackthorn City,Water,Totodile,4,36.2,49.9,74.5,152.1,5,2.7,295,84.2,2,0,3,1040,24,4,1,0,1,2,32,1,1,179.4,188.5,8,1,1,1,318.0,93,51,20.3,72.43,90.32,32.07,Dragon,Johto
154,Red_1409,Azalea Town,Water,Totodile,5,22.5,40.5,39.5,266.8,2,0.1,484,39.4,3,1,2,1496,58,17,12,0,3,0,41,6,0,151.2,163.1,2,0,0,0,,24,57,22.7,33.21,29.47,95.12,Bug,Johto
155,Lance_3740,Olivine City,Fire,Cyndaquil,6,26.8,27.6,59.0,185.9,1,3.4,238,46.1,3,1,3,1068,30,6,3,0,2,0,25,6,2,163.4,194.1,2,0,0,0,,150,30,12.0,69.58,37.0,47.65,Steel,Johto
156,Gold_3780,Cianwood City,Water,Totodile,6,33.3,56.2,57.4,163.7,1,3.2,128,50.4,4,0,5,1208,14,3,3,0,4,3,20,10,0,181.4,184.2,2,0,0,0,,151,45,17.9,81.95,46.27,21.03,Fighting,Johto
157,Crystal_3600,Mahogany Town,Water,Totodile,3,26.9,28.5,35.9,267.5,2,1.1,464,47.6,4,1,5,1998,49,10,12,0,2,1,39,6,3,145.0,187.9,1,0,0,0,,33,54,21.5,72.83,6.7,86.58,Ice,Johto
158,Will_4647,Blackthorn City,Water,Totodile,1,66.9,78.6,61.9,218.3,1,15.0,248,86.0,2,1,2,802,16,7,5,1,5,0,26,9,1,150.2,150.7,7,0,0,0,,187,40,15.9,45.94,63.33,20.82,Dragon,Johto
159,Dario_7529,New Bark Town,Grass,Chikorita,3,25.5,29.9,81.6,152.1,2,0.0,237,63.8,2,1,2,967,27,6,11,0,2,0,23,6,0,203.6,206.1,4,0,0,0,,77,1,0.4,66.27,92.23,42.23,None,Johto
160,Falkner_2669,Blackthorn City,Fire,Cyndaquil,2,45.4,47.0,68.2,273.7,5,3.9,519,68.4,2,1,6,1166,54,14,14,0,1,0,55,4,2,200.0,247.4,5,0,0,0,,76,73,29.1,73.18,67.09,95.16,Dragon,Johto
161,Giovanni_7494,Ecruteak City,Water,Totodile,6,21.0,30.3,71.7,210.1,1,1.1,402,59.3,4,1,3,1686,37,9,9,0,3,0,36,5,1,147.2,172.1,3,0,0,0,,84,53,21.1,54.03,64.49,60.73,Ghost,Johto
162,AJ_2580,Mahogany Town,Water,Totodile,1,50.7,54.5,44.6,261.1,5,8.9,342,57.2,2,1,7,1365,43,6,6,0,0,1,40,6,2,146.6,156.2,6,0,0,0,,173,45,17.9,77.08,36.07,66.87,Ice,Johto
163,Jessie_3876,Azalea Town,Fire,Cyndaquil,5,18.0,23.0,65.9,205.8,2,1.3,163,57.0,3,1,4,1338,28,11,4,0,4,0,10,5,0,168.0,181.2,1,0,0,0,,81,24,9.6,78.71,33.28,23.44,Bug,Johto
164,Will_9577,Azalea Town,Water,Totodile,6,35.4,44.1,93.9,180.9,6,7.3,292,83.1,2,1,3,1140,36,4,4,0,1,0,37,8,1,144.1,156.2,7,0,0,0,,144,31,12.4,49.32,90.87,36.32,Bug,Johto
165,Lorelei_3035,Mahogany Town,Fire,Cyndaquil,6,30.9,56.0,68.3,216.3,2,3.5,441,70.2,3,1,1,1268,51,7,10,0,2,1,34,5,3,155.2,161.9,5,0,0,0,,48,47,18.7,35.69,97.01,86.44,Ice,Johto
166,Lara_6465,Blackthorn City,Fire,Cyndaquil,1,22.5,24.5,69.5,145.0,6,0.6,10,65.8,2,1,2,1119,13,0,11,0,0,0,9,8,1,163.0,170.6,4,0,0,0,,115,10,4.0,49.97,80.16,9.37,Dragon,Johto
167,Janine_7419,Cherrygrove City,Grass,Chikorita,1,25.5,44.9,78.8,132.4,2,0.2,334,52.6,1,0,2,712,34,8,2,0,1,0,40,4,0,185.7,219.7,2,0,0,0,,70,40,15.9,61.94,67.64,57.09,None,Johto
168,Koga_4956,Ecruteak City,Fire,Cyndaquil,6,22.8,28.0,70.0,147.7,1,0.4,186,69.9,4,0,8,1475,23,8,7,1,1,0,23,6,0,179.4,186.6,4,0,0,0,,64,45,17.9,100.0,50.12,36.7,Ghost,Johto
169,Bugsy_1528,Violet City,Water,Totodile,4,52.7,65.6,73.2,249.3,1,10.8,483,67.4,1,1,6,965,38,15,12,0,2,0,42,4,0,174.5,252.5,5,0,0,0,,136,56,22.3,32.33,88.92,65.15,Flying,Johto
170,Lance_6751,New Bark Town,Water,Totodile,6,46.3,47.5,40.4,124.0,1,8.3,183,46.1,3,0,0,2154,17,5,7,0,1,1,18,5,2,142.7,166.2,3,0,0,0,,115,18,7.2,54.37,4.33,14.27,None,Johto
171,Ash_2951,Mahogany Town,Grass,Chikorita,5,15.4,20.6,60.3,144.5,1,1.4,187,42.2,2,0,6,748,36,3,3,0,1,0,18,7,3,159.5,171.1,1,0,0,0,,90,31,12.4,65.56,38.61,32.29,Ice,Johto
172,Brock_1496,Azalea Town,Fire,Cyndaquil,6,21.8,28.8,62.8,220.1,6,1.8,313,40.1,4,1,5,1563,34,2,4,0,2,0,26,8,2,136.2,136.6,3,0,0,0,,80,40,15.9,65.32,23.21,58.85,Bug,Johto
173,Giselle_1876,Ecruteak City,Grass,Chikorita,6,35.0,43.1,81.8,163.6,2,4.9,525,54.4,3,0,3,1981,53,9,13,1,2,0,47,4,1,147.8,150.3,4,0,0,0,,132,72,28.7,32.08,66.11,97.0,Ghost,Johto
174,Surge_2302,Azalea Town,Grass,Chikorita,6,25.7,36.6,66.1,290.7,4,3.7,379,75.1,4,1,0,2222,42,10,9,1,1,1,33,6,3,204.9,229.6,6,0,0,0,,146,40,15.9,92.34,63.5,63.49,Bug,Johto
175,Erika_9030,Goldenrod City,Water,Totodile,3,51.1,51.1,70.8,182.6,2,15.0,279,52.3,3,1,1,930,27,4,13,0,6,1,30,5,5,139.2,146.2,5,0,0,0,,175,40,15.9,20.07,50.06,18.13,Normal,Johto
176,Silver_3353,Violet City,Fire,Cyndaquil,3,43.7,52.6,70.5,158.2,1,6.7,379,73.1,4,0,4,1745,44,9,13,0,5,0,39,8,3,156.5,166.4,6,0,0,0,,97,37,14.7,95.12,19.96,59.84,Flying,Johto
177,Bill_1739,New Bark Town,Grass,Chikorita,5,32.0,39.2,57.7,250.4,1,1.8,485,48.7,3,1,3,1856,50,16,4,0,1,0,57,4,1,175.2,215.9,3,0,0,0,,86,51,20.3,62.39,20.52,73.17,None,Johto
178,Ash_8112,Ecruteak City,Fire,Cyndaquil,5,24.7,24.8,49.5,136.0,1,2.3,192,42.1,3,0,2,1206,20,6,3,1,1,1,17,5,2,170.5,186.4,2,0,0,0,,132,15,6.0,20.38,18.32,28.8,Ghost,Johto
179,Lorelei_5975,Ecruteak City,Fire,Cyndaquil,4,25.8,35.1,47.7,176.1,6,0.6,104,50.6,3,1,5,1017,21,1,3,1,1,2,12,7,1,186.4,196.5,4,0,0,0,,18,27,10.8,65.3,15.42,7.59,Ghost,Johto
180,Joe_5993,New Bark Town,Grass,Chikorita,3,29.9,50.1,58.6,193.1,3,2.5,302,46.7,2,0,1,787,38,10,5,0,1,1,43,5,2,137.0,144.9,2,0,0,0,,100,39,15.5,35.78,32.77,47.0,None,Johto
181,Erika_5503,Cherrygrove City,Water,Totodile,4,29.2,35.2,73.6,238.5,5,1.5,446,56.5,1,1,4,871,49,11,12,0,2,1,41,5,3,184.6,208.8,4,0,0,0,,66,51,20.3,69.98,79.78,87.71,None,Johto
182,Lorelei_6206,New Bark Town,Fire,Cyndaquil,1,38.8,44.7,39.7,104.2,5,4.2,56,55.1,2,0,5,700,10,1,3,0,3,0,7,8,3,157.9,179.7,6,0,0,0,,74,32,12.7,94.75,8.04,14.47,None,Johto
183,Daisy_4664,Cianwood City,Fire,Cyndaquil,4,38.7,48.9,76.1,186.1,3,8.9,297,78.2,3,1,4,1665,32,8,9,0,2,1,28,10,1,176.8,202.1,6,0,0,0,,128,45,17.9,91.45,47.66,31.78,Fighting,Johto
184,Dario_8971,Violet City,Fire,Cyndaquil,3,54.2,64.4,36.4,185.7,1,11.4,468,66.8,3,0,5,1221,48,12,8,1,3,0,60,4,1,163.5,164.5,6,0,0,0,,174,55,21.9,44.63,29.43,68.58,Flying,Johto
185,Richie_6940,Cherrygrove City,Water,Totodile,5,38.2,41.3,57.4,141.2,1,5.4,301,57.2,3,0,2,1577,25,3,8,0,2,0,34,10,2,150.1,170.4,3,0,0,0,,62,60,23.9,40.45,42.4,45.42,None,Johto
186,Koji_6142,Cianwood City,Fire,Cyndaquil,5,28.4,54.5,43.0,111.7,3,4.0,173,52.1,3,0,3,1088,32,6,7,0,0,2,15,10,2,161.9,186.3,2,0,0,0,,97,34,13.5,68.6,19.69,25.88,Fighting,Johto
187,AJ_1909,Goldenrod City,Water,Totodile,4,33.6,37.7,74.7,194.5,4,3.0,172,55.0,4,1,5,1629,20,6,2,0,0,1,31,6,3,143.1,149.7,4,0,0,0,,76,35,13.9,39.88,91.48,17.04,Normal,Johto
188,Falkner_3905,New Bark Town,Grass,Chikorita,5,41.6,43.6,67.9,271.2,6,2.3,502,61.4,3,1,5,1323,54,8,5,1,2,1,55,6,1,170.3,172.7,5,0,0,0,,72,85,33.9,59.77,67.86,85.24,None,Johto
189,Bugsy_3923,Violet City,Fire,Cyndaquil,6,34.1,34.7,80.5,91.3,2,1.1,95,59.1,2,0,3,654,18,1,5,0,1,0,8,7,1,170.9,180.0,3,0,0,0,,103,21,8.4,63.15,69.87,27.94,Flying,Johto
190,AJ_1438,New Bark Town,Water,Totodile,2,29.8,37.6,54.6,265.9,3,0.1,491,61.8,3,1,6,1290,51,12,7,1,0,1,49,5,1,130.8,135.4,5,0,0,0,,88,67,26.7,56.9,36.79,90.15,None,Johto
191,Misty_2083,Ecruteak City,Grass,Chikorita,2,24.2,38.3,85.6,114.9,3,0.4,288,41.4,2,0,2,643,42,4,7,0,3,0,36,9,0,139.9,146.9,2,0,0,0,,39,52,20.7,31.87,66.14,49.9,Ghost,Johto
192,Lara_7757,Olivine City,Fire,Cyndaquil,6,42.6,52.6,56.2,254.6,6,5.1,526,49.4,3,1,3,1188,58,16,9,0,1,0,44,6,0,191.6,199.3,4,0,0,0,,79,65,25.9,54.92,46.96,99.12,Steel,Johto
193,Lance_5353,Blackthorn City,Water,Totodile,5,55.7,56.1,71.8,126.1,3,10.7,272,92.7,2,0,4,989,36,12,7,1,3,0,33,10,0,162.2,196.1,7,0,0,0,,171,55,21.9,90.07,94.38,32.11,Dragon,Johto
194,Lara_3746,Ecruteak City,Water,Totodile,4,39.3,41.3,70.8,207.9,2,2.9,446,55.1,3,1,6,1423,41,10,4,0,0,2,39,7,0,175.1,175.9,4,0,0,0,,92,55,21.9,38.51,81.01,78.81,Ghost,Johto
195,Samurai_9885,Cherrygrove City,Fire,Cyndaquil,1,21.6,40.3,30.2,170.9,1,1.7,155,27.4,3,1,1,1439,17,2,6,0,3,0,17,3,2,144.4,183.6,1,0,0,0,,77,40,15.9,25.33,8.75,18.16,None,Johto
196,Tracey_8417,Blackthorn City,Fire,Cyndaquil,2,29.5,30.8,78.6,123.5,6,0.9,131,72.2,2,0,5,947,13,6,1,0,2,1,22,7,0,151.2,213.2,5,0,0,0,,30,31,12.4,100.0,68.19,19.43,Dragon,Johto
197,Clair_4305,Blackthorn City,Grass,Chikorita,6,38.8,53.3,60.9,192.2,3,3.4,349,74.5,2,1,5,503,38,11,7,1,2,0,33,6,3,164.4,174.1,6,0,0,0,,79,52,20.7,49.39,61.47,77.12,Dragon,Johto
198,Richie_1237,Mahogany Town,Fire,Cyndaquil,5,52.7,100.0,77.8,210.0,2,10.6,427,67.5,3,1,6,943,48,11,11,0,1,0,45,8,0,179.1,209.5,6,0,0,0,,125,61,24.3,53.62,66.24,75.13,Ice,Johto
199,Giselle_4693,Ecruteak City,Grass,Chikorita,6,61.9,67.0,55.4,197.1,2,13.2,422,63.7,3,1,8,1437,35,6,11,1,1,0,37,4,0,134.2,154.8,8,1,1,1,423.0,184,56,22.3,87.55,34.01,44.61,Ghost,Johto
200,Todd_4230,Cherrygrove City,Fire,Cyndaquil,6,44.2,49.7,43.7,224.7,2,8.7,440,67.6,2,1,6,1244,37,6,14,0,3,0,36,9,1,163.7,171.3,5,0,0,0,,125,73,29.1,86.35,38.18,82.56,None,Johto
201,Misty_8728,Violet City,Water,Totodile,5,62.5,65.0,45.9,205.4,2,11.3,470,65.9,4,1,5,1900,47,8,12,0,3,0,45,4,4,146.9,147.0,6,0,0,0,,171,60,23.9,64.22,42.22,74.54,Flying,Johto
202,Bugsy_1157,Azalea Town,Grass,Chikorita,2,26.0,35.2,78.4,89.2,4,0.6,202,61.7,4,0,1,1801,27,6,0,0,2,1,23,7,2,128.9,156.1,3,0,0,0,,122,25,10.0,22.11,65.74,24.33,Bug,Johto
203,Tracey_9342,Violet City,Grass,Chikorita,5,40.8,52.6,66.3,257.8,4,6.6,451,71.3,2,1,5,1079,49,14,10,1,2,1,34,6,2,158.4,173.1,7,0,0,0,,135,55,21.9,54.4,60.04,76.95,Flying,Johto
204,Jessie_2544,Blackthorn City,Water,Totodile,6,53.4,64.7,62.0,165.4,2,8.3,392,84.8,2,0,7,806,34,12,9,1,1,0,41,7,3,179.8,184.6,8,1,1,0,,150,54,21.5,100.0,45.58,54.86,Dragon,Johto
205,Janine_9798,Cherrygrove City,Fire,Cyndaquil,1,26.3,38.8,40.4,113.2,5,0.0,273,51.6,4,0,8,2026,31,8,4,0,1,0,30,6,1,165.7,172.1,3,0,0,0,,25,47,18.7,100.0,18.42,39.06,None,Johto
206,Bugsy_3970,Goldenrod City,Fire,Cyndaquil,2,37.4,45.7,35.6,160.9,1,3.2,179,44.4,2,1,4,1297,13,6,0,0,3,0,22,8,1,141.5,143.7,2,0,0,0,,70,28,11.2,40.17,10.86,17.25,Normal,Johto
207,Agatha_9753,Ecruteak City,Water,Totodile,5,20.1,21.2,82.0,108.9,1,2.4,56,70.4,2,0,4,1189,0,2,4,0,1,1,9,9,0,133.4,135.8,3,0,0,0,,98,36,14.3,81.05,94.42,8.47,Ghost,Johto
208,Giovanni_1318,Azalea Town,Fire,Cyndaquil,3,36.0,37.4,72.0,91.1,3,4.9,273,62.4,1,0,3,676,29,7,7,0,1,0,33,7,3,174.0,174.8,5,0,0,0,,142,39,15.5,50.65,88.32,44.6,Bug,Johto
209,Surge_8764,Cianwood City,Grass,Chikorita,4,32.2,32.8,93.9,230.7,1,3.6,222,60.0,2,1,3,1296,39,6,3,1,2,0,28,4,0,158.8,161.5,5,0,0,0,,63,28,11.2,45.69,88.18,33.78,Fighting,Johto
210,Samurai_5535,New Bark Town,Fire,Cyndaquil,3,31.5,47.2,75.3,177.4,2,4.3,361,66.2,1,0,1,462,35,10,9,0,3,0,31,5,2,180.3,184.9,4,0,0,0,,146,66,26.3,28.53,73.55,71.79,None,Johto
211,Brock_3807,Mahogany Town,Water,Totodile,4,35.3,35.9,74.9,93.9,3,5.9,219,62.4,2,0,4,985,16,3,9,0,1,0,27,5,1,142.5,148.7,4,0,0,0,,134,50,19.9,25.45,76.04,18.94,Ice,Johto
212,Giovanni_6131,Olivine City,Fire,Cyndaquil,2,43.5,55.7,83.2,109.2,4,5.1,249,53.2,1,0,5,822,19,9,11,1,0,1,28,2,1,168.6,176.2,4,0,0,0,,102,26,10.4,33.44,60.58,34.31,Steel,Johto
213,Blue_5311,Ecruteak City,Fire,Cyndaquil,1,23.7,27.9,75.7,163.1,1,0.1,270,43.4,2,0,1,736,33,5,11,0,0,1,35,6,0,148.5,188.7,2,0,0,0,,69,33,13.1,30.82,61.59,44.23,Ghost,Johto
214,Surge_1651,Azalea Town,Fire,Cyndaquil,6,41.4,41.5,58.2,216.1,2,3.2,468,44.5,2,1,1,1070,54,12,9,0,2,0,42,9,1,175.3,175.4,3,0,0,0,,66,51,20.3,66.51,17.27,98.89,Bug,Johto
215,Stella_3966,Cianwood City,Water,Totodile,5,16.7,34.3,55.2,126.6,3,1.3,123,68.7,4,0,4,1662,19,4,0,1,1,2,23,7,2,157.4,170.3,4,0,0,0,,96,26,10.4,100.0,11.03,20.74,Fighting,Johto
216,Erika_7300,Blackthorn City,Grass,Chikorita,3,28.9,30.4,55.3,121.7,4,0.7,171,51.3,4,0,6,1161,28,6,3,0,2,0,23,11,2,161.7,181.9,3,0,0,0,,81,45,17.9,100.0,26.28,41.03,Dragon,Johto
217,Blaine_5167,Blackthorn City,Water,Totodile,6,37.7,43.1,69.0,300.1,3,1.7,437,39.5,2,1,4,979,51,9,10,0,0,1,40,9,4,149.9,151.5,2,0,0,0,,90,53,21.1,43.76,42.87,91.43,Dragon,Johto
218,Joe_6107,Mahogany Town,Water,Totodile,3,26.6,42.0,49.1,184.7,4,1.2,298,41.9,3,1,9,1439,33,9,8,1,4,1,25,13,1,169.3,178.7,3,0,0,0,,56,74,29.5,78.22,12.63,64.1,Ice,Johto
219,Silver_4645,Goldenrod City,Fire,Cyndaquil,3,17.4,22.5,92.3,83.7,1,1.7,183,70.9,4,0,3,1634,23,8,5,0,0,1,21,2,1,130.6,141.3,3,0,0,0,,23,39,15.5,51.96,91.67,29.5,Normal,Johto
220,Whitney_7575,Violet City,Grass,Chikorita,5,16.9,42.2,79.5,190.5,3,0.1,133,56.2,2,1,4,638,28,6,0,0,0,0,23,7,0,195.5,206.6,3,0,0,0,,40,25,10.0,81.77,73.91,28.15,Flying,Johto
221,Janine_4672,Blackthorn City,Water,Totodile,2,26.4,26.6,52.9,149.9,2,1.8,317,68.3,2,0,9,742,28,14,5,0,0,0,32,11,1,171.5,172.1,4,0,0,0,,41,63,25.1,100.0,1.16,60.89,Dragon,Johto
222,Pryce_9469,Cherrygrove City,Water,Totodile,4,27.4,38.9,69.7,130.0,1,0.8,278,70.9,3,0,7,1359,41,10,12,0,1,0,31,6,2,155.5,161.9,3,0,0,0,,37,55,21.9,59.1,82.94,56.18,None,Johto
223,Bill_7066,Cianwood City,Water,Totodile,6,24.9,26.6,50.9,265.1,2,1.1,352,57.4,2,1,5,1099,52,8,8,0,1,3,33,5,2,196.1,215.0,3,0,0,0,,83,56,22.3,71.66,44.58,73.66,Fighting,Johto
224,AJ_5688,Cherrygrove City,Grass,Chikorita,3,37.2,39.5,54.1,278.8,3,3.7,398,69.6,2,1,9,1068,51,8,10,0,1,1,36,18,1,173.6,175.6,5,0,0,0,,93,57,22.7,93.72,41.99,61.66,None,Johto
225,Chuck_5927,Blackthorn City,Fire,Cyndaquil,3,28.6,39.6,64.5,188.6,1,3.2,297,65.1,2,0,1,1052,28,10,0,0,1,0,23,6,0,162.6,167.3,3,0,0,0,,75,46,18.3,36.06,63.51,44.9,Dragon,Johto
226,Silver_5821,Cherrygrove City,Grass,Chikorita,6,47.8,49.3,78.7,198.2,2,6.5,309,54.6,3,1,3,1567,40,4,8,1,0,1,37,1,0,150.8,157.9,5,0,0,0,,122,43,17.1,33.0,66.33,54.41,None,Johto
227,Jessie_9724,Cherrygrove City,Grass,Chikorita,6,21.2,42.1,39.9,205.3,6,0.9,238,68.2,2,1,5,908,15,6,2,1,0,0,28,4,1,157.4,162.9,6,0,0,0,,66,37,14.7,88.56,20.53,32.45,None,Johto
228,Gary_6626,Violet City,Water,Totodile,6,17.3,32.6,60.2,136.2,3,0.1,157,46.8,2,0,5,1008,18,7,4,0,2,0,22,7,0,122.3,142.5,1,0,0,0,,10,50,19.9,47.6,86.04,26.72,Flying,Johto
229,Blaine_5744,Cianwood City,Fire,Cyndaquil,6,52.3,55.7,71.5,191.5,2,9.2,509,70.3,3,0,3,1160,57,10,11,0,2,1,58,5,1,173.5,175.0,7,0,0,0,,90,74,29.5,58.93,81.6,92.18,Fighting,Johto
230,Gary_1342,Cianwood City,Grass,Chikorita,3,28.4,39.6,63.4,149.2,3,1.6,251,27.3,4,0,2,1844,16,7,6,0,4,0,28,5,0,146.3,170.9,0,0,0,0,,97,21,8.4,26.08,6.7,26.99,Fighting,Johto
231,Silver_1911,Violet City,Grass,Chikorita,1,22.0,27.8,50.7,237.5,2,0.1,400,32.5,2,1,2,957,38,6,8,0,3,0,38,4,3,159.1,167.4,1,0,0,0,,69,50,19.9,50.19,17.85,77.33,Flying,Johto
232,Jasmine_3357,Cianwood City,Water,Totodile,4,28.2,48.4,44.7,219.0,2,0.4,329,41.0,2,1,2,388,26,10,5,1,4,0,36,2,0,143.2,146.7,2,0,0,0,,77,30,12.0,25.65,15.89,59.12,Fighting,Johto
233,Whitney_3069,New Bark Town,Grass,Chikorita,6,61.8,81.1,89.6,194.9,6,11.8,549,100.0,4,1,10,2146,51,10,11,1,3,0,63,9,1,176.8,203.8,8,1,1,1,571.0,168,78,31.1,89.93,96.0,79.87,None,Johto
234,Koji_1003,Blackthorn City,Water,Totodile,2,26.8,30.1,68.0,230.0,4,1.4,375,31.7,4,1,2,1302,41,10,15,0,0,1,32,6,2,115.0,118.5,3,0,0,0,,82,49,19.5,31.5,29.81,66.97,Dragon,Johto
235,Silver_3185,New Bark Town,Fire,Cyndaquil,5,23.8,30.6,41.4,72.0,4,2.8,61,36.3,2,0,1,1004,5,3,0,1,1,0,7,3,2,123.8,148.5,2,0,0,0,,71,15,6.0,26.12,1.77,14.02,None,Johto
236,Silver_4380,Ecruteak City,Water,Totodile,2,57.5,73.9,56.0,260.0,4,10.9,535,61.4,2,1,2,1217,43,14,10,1,0,0,50,5,3,181.3,184.3,7,0,0,0,,168,68,27.1,67.71,18.76,96.32,Ghost,Johto
237,Todd_1135,Ecruteak City,Water,Totodile,5,31.5,33.0,66.6,171.0,2,1.3,415,49.6,1,0,7,451,58,7,11,0,0,1,39,9,4,142.0,163.0,3,0,0,0,,56,50,19.9,64.85,20.43,91.32,Ghost,Johto
238,Chuck_8674,Violet City,Grass,Chikorita,6,20.5,27.6,61.5,143.5,5,1.8,58,57.1,3,0,2,1334,21,4,0,0,0,2,18,4,4,122.5,129.4,4,0,0,0,,86,6,2.4,82.45,43.0,7.52,Flying,Johto
239,Blue_6229,New Bark Town,Fire,Cyndaquil,4,27.2,31.4,87.2,235.8,3,1.1,397,37.5,3,1,2,1466,52,12,9,0,1,1,38,4,0,160.9,182.1,1,0,0,0,,55,34,13.5,32.24,94.06,70.51,None,Johto
240,Erika_3512,New Bark Town,Grass,Chikorita,6,28.3,42.7,70.6,146.7,3,1.6,68,55.8,3,1,5,1684,13,7,2,1,5,1,13,3,2,144.6,171.0,3,0,0,0,,64,13,5.2,40.42,78.97,9.24,None,Johto
241,AJ_9839,Blackthorn City,Fire,Cyndaquil,4,44.1,49.2,80.0,190.5,4,6.7,402,68.1,3,1,4,1098,39,7,4,0,4,0,40,7,4,174.7,187.6,5,0,0,0,,123,55,21.9,97.93,58.91,47.63,Dragon,Johto
242,Will_2336,Cherrygrove City,Fire,Cyndaquil,5,44.3,53.8,36.9,149.0,1,5.0,291,54.1,2,0,5,563,32,9,3,0,0,0,27,8,1,137.1,159.0,4,0,0,0,,84,56,22.3,82.39,15.67,49.17,None,Johto
243,Morty_2485,Goldenrod City,Water,Totodile,3,23.5,24.3,68.1,182.4,1,2.3,130,46.8,3,1,9,1075,21,5,0,0,2,0,15,10,3,140.1,151.4,2,0,0,0,,36,46,18.3,99.0,40.43,16.1,Normal,Johto
244,Morty_5460,New Bark Town,Fire,Cyndaquil,6,30.9,44.5,65.8,139.7,1,2.9,295,59.6,2,0,3,1303,34,14,9,0,0,0,27,5,2,165.2,174.1,2,0,0,0,,82,44,17.5,47.09,57.28,51.37,None,Johto
245,Richie_5315,Ecruteak City,Water,Totodile,6,33.3,38.5,78.4,132.1,1,1.2,241,60.6,2,0,4,1273,33,5,9,0,2,0,18,7,0,187.5,198.7,3,0,0,0,,105,59,23.5,86.99,88.98,50.01,Ghost,Johto
246,Giselle_1986,Azalea Town,Water,Totodile,2,30.0,40.5,68.1,115.1,1,1.7,137,66.4,1,0,0,200,21,1,0,0,0,1,20,7,0,144.5,146.1,4,0,0,0,,61,32,12.7,62.93,65.99,20.27,Bug,Johto
247,Jessie_8638,Azalea Town,Fire,Cyndaquil,6,38.0,42.1,58.0,223.4,6,4.9,380,46.2,1,1,5,854,41,5,9,0,3,0,38,3,3,138.1,149.6,5,0,0,0,,86,59,23.5,72.0,22.13,74.88,Bug,Johto
248,Gary_4633,Cianwood City,Grass,Chikorita,2,30.6,60.6,61.0,197.3,4,2.8,518,75.7,2,1,5,1233,47,13,5,0,2,0,50,8,3,165.2,171.1,5,0,0,0,,63,39,15.5,76.31,73.97,94.22,Fighting,Johto
249,James_3704,Cianwood City,Fire,Cyndaquil,3,23.1,24.8,53.8,126.3,3,0.1,316,36.0,2,0,7,534,44,11,8,0,3,1,36,8,1,140.7,149.0,0,0,0,0,,19,54,21.5,82.85,9.77,64.89,Fighting,Johto
250,Richie_2112,Mahogany Town,Water,Totodile,3,31.0,33.0,61.6,251.8,2,1.0,525,39.1,3,1,3,1347,52,9,11,0,4,1,48,6,0,149.2,154.8,2,0,0,0,,39,38,15.1,38.75,65.15,99.46,Ice,Johto
251,Green_7495,Cianwood City,Grass,Chikorita,4,22.3,24.7,61.4,142.5,3,0.9,156,62.6,1,0,9,1014,17,3,11,0,1,0,19,12,1,161.0,164.7,4,0,0,0,,80,59,23.5,100.0,58.22,33.49,Fighting,Johto
252,Erika_6623,Mahogany Town,Fire,Cyndaquil,2,36.9,39.0,59.0,192.5,5,4.5,405,64.2,3,0,10,1081,48,6,13,1,0,1,42,16,3,165.4,173.9,6,0,0,0,,142,63,25.1,100.0,4.39,75.18,Ice,Johto
253,Red_7055,Blackthorn City,Fire,Cyndaquil,5,20.7,21.1,70.7,119.0,1,0.2,51,50.7,2,0,3,519,7,2,2,0,1,0,12,6,2,156.4,166.4,2,0,0,0,,63,18,7.2,28.09,71.75,18.1,Dragon,Johto
254,Crystal_7158,Cianwood City,Grass,Chikorita,2,26.6,34.6,30.3,163.5,2,4.3,440,34.7,2,0,5,1059,46,7,6,0,1,2,35,4,1,141.7,157.6,1,0,0,0,,115,63,25.1,25.98,0.54,66.21,Fighting,Johto
255,Lorelei_3183,Violet City,Water,Totodile,6,27.0,28.1,56.8,240.1,2,2.1,381,48.2,2,1,5,1165,41,13,10,0,2,1,32,8,0,194.7,202.0,1,0,0,0,,59,30,12.0,26.72,49.88,72.96,Flying,Johto
256,Bruno_5427,Cherrygrove City,Fire,Cyndaquil,1,31.4,36.9,69.0,247.0,4,0.9,450,81.1,3,1,2,1287,41,11,7,0,4,0,50,4,2,143.0,154.0,5,0,0,0,,94,52,20.7,60.5,90.23,76.02,None,Johto
257,Casey_5120,Mahogany Town,Fire,Cyndaquil,1,22.0,22.7,50.5,229.3,1,1.2,97,40.3,2,1,4,1117,16,4,3,0,1,1,15,5,0,176.1,220.2,1,0,0,0,,69,23,9.2,94.66,13.71,18.74,Ice,Johto
258,Agatha_5784,Cianwood City,Water,Totodile,6,28.5,37.9,42.4,198.3,3,1.3,293,57.7,3,1,10,915,31,12,4,0,2,0,29,12,0,167.9,168.3,4,0,0,0,,72,62,24.7,100.0,31.42,45.42,Fighting,Johto
259,Agatha_8969,Cianwood City,Fire,Cyndaquil,4,32.8,34.2,71.0,124.1,2,5.4,85,53.1,3,0,3,1110,10,2,4,0,1,0,10,4,0,152.4,189.2,4,0,0,0,,125,16,6.4,33.57,73.76,8.86,Fighting,Johto
260,Sabrina_6384,New Bark Town,Fire,Cyndaquil,6,28.5,34.7,72.3,140.8,6,2.0,275,67.2,1,0,5,45,30,6,5,0,0,0,36,8,0,153.0,153.7,5,0,0,0,,86,34,13.5,100.0,33.02,47.1,None,Johto
261,Bruno_3859,Violet City,Grass,Chikorita,4,32.5,35.2,75.5,186.5,4,2.3,419,66.8,2,0,2,957,44,11,6,1,1,0,42,6,2,179.6,191.9,6,0,0,0,,82,52,20.7,86.09,56.89,66.51,Flying,Johto
262,Blue_2911,Azalea Town,Fire,Cyndaquil,6,46.3,55.2,72.7,211.1,2,7.5,158,50.6,1,1,1,537,15,3,6,0,5,0,12,10,1,134.9,149.3,3,0,0,0,,116,33,13.1,26.63,55.95,16.92,Bug,Johto
263,Pryce_1285,Ecruteak City,Grass,Chikorita,6,34.9,37.8,85.2,167.9,3,2.2,419,52.4,2,0,3,766,35,13,6,1,1,1,36,8,0,147.3,149.5,4,0,0,0,,104,62,24.7,69.92,81.16,68.26,Ghost,Johto
264,Whitney_2163,Ecruteak City,Grass,Chikorita,3,59.2,64.1,98.5,227.6,3,12.0,293,87.5,3,1,5,918,30,11,13,1,1,0,37,6,4,154.4,223.3,8,1,1,1,311.0,169,50,19.9,58.25,75.09,36.58,Ghost,Johto
265,Sabrina_3212,Cherrygrove City,Fire,Cyndaquil,4,35.7,41.2,94.4,132.9,2,2.8,209,69.8,4,0,3,1910,25,5,2,0,1,1,24,6,1,139.4,175.2,5,0,0,0,,59,34,13.5,50.67,97.38,46.75,None,Johto
266,Surge_4607,Olivine City,Grass,Chikorita,4,36.2,47.4,69.5,192.1,5,2.3,464,59.5,3,0,11,1366,49,7,9,0,4,1,34,5,1,186.0,201.2,4,0,0,0,,97,64,25.5,73.92,6.64,90.64,Steel,Johto
267,Koji_4838,Cherrygrove City,Water,Totodile,4,60.1,60.9,56.3,237.2,5,9.8,494,77.8,3,1,8,1899,74,10,13,1,5,0,50,7,2,150.0,159.6,8,1,1,1,504.0,163,69,27.5,100.0,8.09,74.39,None,Johto
268,Stella_7092,Ecruteak City,Fire,Cyndaquil,6,35.2,35.3,43.8,129.2,2,7.4,148,67.0,1,0,4,428,17,5,1,1,0,0,17,8,5,152.1,172.9,5,0,0,0,,99,33,13.1,49.08,23.15,8.9,Ghost,Johto
269,Clair_4386,Goldenrod City,Water,Totodile,6,74.1,94.2,42.2,246.4,2,15.0,401,77.0,2,1,5,1050,35,8,7,0,2,0,39,4,2,144.6,183.8,7,0,0,0,,152,64,25.5,100.0,1.38,68.28,Normal,Johto
270,Koji_5811,Ecruteak City,Fire,Cyndaquil,5,51.7,54.5,56.4,187.6,4,8.3,529,58.7,2,0,4,854,57,8,16,1,3,2,52,5,3,169.8,207.3,5,0,0,0,,124,64,25.5,92.53,15.73,94.57,Ghost,Johto
271,Lance_8490,Azalea Town,Fire,Cyndaquil,2,18.8,28.9,68.2,211.6,2,0.1,345,63.3,2,1,3,1169,45,9,3,0,1,2,29,5,2,140.9,141.7,2,0,0,0,,52,48,19.1,66.1,33.23,61.34,Bug,Johto
272,Dario_2721,New Bark Town,Water,Totodile,2,14.9,27.0,59.7,107.2,2,1.2,121,42.0,2,0,4,823,11,1,3,0,3,0,12,4,1,137.0,138.0,2,0,0,0,,58,33,13.1,80.32,40.2,13.84,None,Johto
273,Gary_1564,Violet City,Water,Totodile,4,67.9,100.0,39.1,256.3,6,13.9,400,55.7,3,1,6,1267,31,9,5,1,2,0,37,5,6,151.3,204.6,7,0,0,0,,188,57,22.7,77.68,0.19,33.71,Flying,Johto
274,Gary_1747,Mahogany Town,Fire,Cyndaquil,4,27.5,31.9,38.3,168.4,1,2.8,251,41.0,3,0,5,990,38,6,5,0,0,0,28,5,2,183.1,208.4,2,0,0,0,,67,43,17.1,48.68,0.88,31.27,Ice,Johto
275,Bugsy_4626,New Bark Town,Fire,Cyndaquil,4,34.7,38.1,71.6,143.4,6,6.5,161,58.8,2,0,4,928,19,4,4,1,2,0,25,8,1,170.0,179.1,7,0,0,0,,98,31,12.4,50.84,76.85,33.13,None,Johto
276,Lara_4297,Violet City,Fire,Cyndaquil,1,30.5,33.7,75.4,225.7,2,2.2,434,58.9,2,1,8,1554,52,9,11,0,3,2,49,4,2,189.1,220.3,3,0,0,0,,71,65,25.9,89.03,51.98,90.11,Flying,Johto
277,Koga_5981,Azalea Town,Grass,Chikorita,3,40.5,42.0,69.0,287.7,3,4.0,423,65.0,3,1,6,1761,44,16,9,1,2,0,37,6,4,142.5,159.6,5,0,0,0,,81,39,15.5,51.31,79.62,78.72,Bug,Johto
278,Bruno_6848,Olivine City,Water,Totodile,4,29.5,66.3,43.4,201.7,3,5.7,185,48.9,3,1,5,1435,33,6,1,0,0,1,17,7,0,173.6,187.6,3,0,0,0,,94,28,11.2,82.42,17.04,36.06,Steel,Johto
279,Samurai_3333,Cherrygrove City,Water,Totodile,4,24.0,34.5,32.6,130.4,3,0.2,144,32.2,3,0,2,1311,21,6,3,0,0,0,23,6,1,125.2,143.0,1,0,0,0,,47,5,2.0,48.8,42.03,12.1,None,Johto
280,Koga_1404,Cherrygrove City,Grass,Chikorita,2,77.1,83.8,60.1,264.5,3,15.0,574,71.1,2,1,6,1002,52,15,11,0,2,0,60,7,1,160.6,181.9,8,1,1,1,590.0,171,78,31.1,95.93,36.45,97.66,None,Johto
281,Gold_5653,New Bark Town,Grass,Chikorita,2,42.9,44.6,68.9,174.9,3,2.2,367,51.1,2,0,1,1038,60,7,2,0,1,1,27,6,0,146.4,154.1,4,0,0,0,,102,39,15.5,36.91,75.17,75.39,None,Johto
282,Tracey_2930,New Bark Town,Water,Totodile,6,44.1,61.3,65.2,229.9,5,10.4,572,54.2,3,1,4,1198,53,15,11,0,6,0,54,8,2,129.3,155.6,6,0,0,0,,165,73,29.1,55.04,49.12,84.43,None,Johto
283,Lorelei_1124,Blackthorn City,Fire,Cyndaquil,6,45.3,46.9,76.6,90.9,4,6.4,242,63.6,4,0,4,1819,26,8,7,0,1,0,27,6,0,155.8,162.1,5,0,0,0,,130,47,18.7,50.3,53.36,38.44,Dragon,Johto
284,Lance_7350,Goldenrod City,Water,Totodile,3,21.5,52.6,52.2,157.7,2,0.2,217,47.9,3,0,3,1435,36,5,5,1,2,0,16,4,1,141.3,152.2,3,0,0,0,,28,27,10.8,30.39,39.79,28.68,Normal,Johto
285,Bugsy_9918,Ecruteak City,Grass,Chikorita,6,23.9,32.4,71.2,132.1,2,0.3,189,66.0,3,0,4,1143,35,6,5,1,3,0,22,7,0,188.8,206.1,5,0,0,0,,53,66,26.3,81.9,67.03,47.41,Ghost,Johto
286,Falkner_4181,Mahogany Town,Grass,Chikorita,3,31.7,43.7,67.1,264.0,6,1.6,309,63.4,4,1,3,1649,39,8,3,1,1,0,25,7,1,149.0,153.2,5,0,0,0,,105,38,15.1,77.04,76.47,59.72,Ice,Johto
287,Whitney_8688,Cianwood City,Grass,Chikorita,6,30.0,40.0,73.2,172.8,1,1.6,281,29.4,2,0,7,816,42,10,8,0,2,0,26,4,1,131.7,203.8,1,0,0,0,,94,51,20.3,42.23,51.94,63.89,Fighting,Johto
288,Lara_6251,Azalea Town,Water,Totodile,4,42.5,57.9,52.1,140.7,5,4.4,412,50.5,1,0,2,700,44,5,9,0,1,1,48,6,0,152.5,166.5,3,0,0,0,,84,38,15.1,58.64,25.48,70.28,Bug,Johto
289,Jessie_7115,Cianwood City,Grass,Chikorita,4,37.1,45.8,67.8,160.0,2,2.5,359,73.7,2,0,5,754,34,8,11,0,4,2,35,4,0,146.0,200.0,6,0,0,0,,122,64,25.5,68.46,70.58,62.32,Fighting,Johto
290,James_5733,Goldenrod City,Fire,Cyndaquil,5,20.0,21.5,70.9,104.7,1,0.2,322,39.1,3,0,2,1292,30,9,3,1,1,0,42,6,0,143.2,150.7,2,0,0,0,,43,56,22.3,30.73,77.89,70.42,Normal,Johto
291,Bugsy_4171,Azalea Town,Fire,Cyndaquil,6,44.2,53.4,51.8,186.9,3,5.4,182,64.7,2,1,9,963,15,3,3,0,3,0,24,9,4,145.5,232.5,6,0,0,0,,133,34,13.5,69.75,30.68,16.23,Bug,Johto
292,Giselle_9251,New Bark Town,Water,Totodile,3,21.9,28.5,80.2,149.0,3,1.2,209,52.9,2,0,6,897,38,4,1,0,0,0,31,7,1,148.2,153.9,3,0,0,0,,90,37,14.7,67.53,74.75,37.67,None,Johto
293,Misty_6763,Violet City,Grass,Chikorita,2,32.0,42.2,52.3,161.0,1,2.2,375,54.9,2,0,3,1016,52,8,8,0,1,0,35,1,3,168.6,175.5,2,0,0,0,,14,45,17.9,30.62,33.01,76.8,Flying,Johto
294,Brock_5038,Azalea Town,Fire,Cyndaquil,3,26.0,26.4,67.5,109.3,5,0.1,269,62.9,1,0,5,635,28,10,5,0,0,0,33,3,0,138.4,144.7,5,0,0,0,,87,42,16.7,90.25,34.07,49.83,Bug,Johto
295,Todd_1437,Ecruteak City,Grass,Chikorita,2,23.7,42.6,65.3,214.6,6,1.4,318,57.3,1,1,0,651,31,9,1,0,0,1,36,5,1,134.0,140.1,5,0,0,0,,104,29,11.6,48.68,66.36,51.35,Ghost,Johto
296,Silver_1225,Goldenrod City,Water,Totodile,6,52.0,71.4,72.9,209.3,3,6.4,313,70.6,3,1,1,1162,38,5,7,0,1,1,31,5,1,155.5,168.6,6,0,0,0,,137,68,27.1,43.53,70.93,51.54,Normal,Johto
297,Pryce_3836,Mahogany Town,Grass,Chikorita,6,40.9,53.9,66.1,143.0,1,4.1,288,61.5,2,0,1,782,25,9,4,0,0,0,22,4,1,112.9,117.0,5,0,0,0,,69,42,16.7,33.05,76.45,50.29,Ice,Johto
298,Sabrina_7197,New Bark Town,Water,Totodile,1,25.2,43.4,78.6,292.6,3,3.8,451,81.5,1,1,2,764,63,7,4,0,0,0,43,12,0,146.3,153.8,5,0,0,0,,97,51,20.3,84.28,82.87,80.52,None,Johto
299,Falkner_8372,Olivine City,Fire,Cyndaquil,4,35.2,36.6,72.2,144.3,2,7.6,144,59.2,2,0,1,802,9,4,5,0,0,0,14,7,2,161.5,172.4,4,0,0,0,,148,42,16.7,40.86,70.13,7.79,Steel,Johto
300,Janine_7651,Goldenrod City,Water,Totodile,6,25.6,32.3,63.6,254.9,2,0.8,449,56.1,4,1,5,1959,44,12,13,0,0,2,29,9,0,199.5,211.6,3,0,0,0,,71,62,24.7,80.34,57.2,94.47,Normal,Johto
301,Morty_2722,Cianwood City,Grass,Chikorita,5,29.6,33.5,42.4,181.4,3,0.6,419,57.4,4,0,2,2049,54,7,10,1,5,0,37,6,2,175.1,196.1,4,0,0,0,,76,50,19.9,96.66,14.45,74.46,Fighting,Johto
302,Richie_9735,New Bark Town,Fire,Cyndaquil,2,20.7,22.0,75.8,155.7,2,1.3,285,72.9,3,0,7,1836,45,8,6,1,4,1,28,7,0,174.1,183.2,4,0,0,0,,129,52,20.7,82.95,92.03,43.83,None,Johto
303,Koji_2442,Mahogany Town,Fire,Cyndaquil,2,48.5,55.8,59.3,126.6,1,7.0,212,60.6,2,0,2,695,25,3,5,0,2,0,15,11,2,182.6,212.8,5,0,0,0,,145,45,17.9,52.87,53.03,14.09,Ice,Johto
304,Dario_3359,Blackthorn City,Grass,Chikorita,6,31.2,37.0,56.6,265.1,3,2.1,422,67.9,3,1,8,1455,45,14,17,0,2,0,50,10,0,156.6,159.7,6,0,0,0,,115,61,24.3,96.06,42.01,75.29,Dragon,Johto
305,Jasmine_2760,Azalea Town,Grass,Chikorita,4,34.5,52.8,66.2,151.5,5,3.7,335,51.9,1,0,6,399,48,7,9,0,0,0,32,4,2,117.5,190.1,3,0,0,0,,78,64,25.5,23.36,68.44,59.88,Bug,Johto
306,Chuck_8399,Olivine City,Fire,Cyndaquil,5,20.1,29.9,61.1,106.7,3,0.3,153,44.3,2,0,3,1023,16,4,8,1,1,1,17,9,1,107.8,108.3,3,0,0,0,,57,37,14.7,21.08,61.23,27.73,Steel,Johto
307,Chuck_5318,New Bark Town,Water,Totodile,3,17.4,28.7,46.9,111.5,3,0.2,226,47.2,2,0,4,1167,26,8,11,0,2,0,30,10,3,187.2,198.2,2,0,0,0,,51,25,10.0,39.06,48.46,31.99,None,Johto
308,Green_3340,Mahogany Town,Fire,Cyndaquil,3,28.1,29.0,72.9,232.4,2,0.2,366,70.6,3,1,4,1315,38,13,12,0,0,0,42,4,2,190.1,202.8,5,0,0,0,,50,51,20.3,100.0,68.78,71.39,Ice,Johto
309,Richie_8453,Goldenrod City,Water,Totodile,6,38.0,43.7,80.5,229.0,4,3.7,410,75.0,4,1,7,1777,31,7,5,0,1,0,29,11,0,166.7,177.1,6,0,0,0,,92,62,24.7,92.11,86.39,65.64,Normal,Johto
310,Brock_1597,Goldenrod City,Grass,Chikorita,6,34.6,50.9,50.2,217.5,4,1.8,355,58.6,3,1,7,1626,38,12,9,0,1,0,41,11,2,170.0,173.1,4,0,0,0,,123,57,22.7,86.54,39.03,67.13,Normal,Johto
311,Richie_5739,Azalea Town,Grass,Chikorita,6,20.4,26.6,63.9,107.3,6,0.7,141,35.7,2,0,3,455,18,2,5,1,2,1,14,10,2,124.4,126.3,2,0,0,0,,52,47,18.7,38.47,13.76,19.15,Bug,Johto
312,Joe_7540,Ecruteak City,Fire,Cyndaquil,6,34.2,39.4,75.8,166.2,2,3.6,328,60.3,3,0,4,1117,33,13,6,0,2,1,33,7,1,180.5,206.4,3,0,0,0,,89,43,17.1,99.29,65.8,58.27,Ghost,Johto
313,Silver_7052,Olivine City,Water,Totodile,5,40.2,40.7,68.0,77.5,2,6.7,118,55.0,3,0,4,1306,15,2,5,0,1,0,13,9,2,149.6,158.3,3,0,0,0,,68,20,8.0,51.08,33.75,8.68,Steel,Johto
314,Pryce_7407,Ecruteak City,Grass,Chikorita,4,29.3,29.6,61.0,111.5,5,1.4,103,47.7,3,0,10,1613,19,3,4,1,3,1,16,7,1,195.9,196.7,4,0,0,0,,63,32,12.7,80.65,39.52,6.85,Ghost,Johto
315,Daisy_3586,Ecruteak City,Fire,Cyndaquil,3,41.8,45.4,36.3,152.7,5,3.8,378,55.5,3,0,2,989,59,6,9,0,1,1,33,4,2,167.5,171.4,5,0,0,0,,93,36,14.3,25.7,12.52,80.57,Ghost,Johto
316,Pryce_4751,Goldenrod City,Grass,Chikorita,5,57.3,57.5,90.0,225.3,4,11.4,335,79.4,2,1,5,717,32,7,12,0,2,0,23,6,3,144.9,150.9,8,1,1,1,354.0,181,26,10.4,40.29,86.74,54.95,Normal,Johto
317,Agatha_8272,Azalea Town,Fire,Cyndaquil,3,49.0,50.1,57.8,204.7,1,5.6,444,39.2,2,1,5,1304,35,6,6,0,2,1,26,5,0,131.7,138.4,3,0,0,0,,147,50,19.9,70.45,11.01,88.37,Bug,Johto
318,Erika_7353,Cianwood City,Grass,Chikorita,6,43.8,49.8,63.4,247.9,3,4.5,457,44.6,1,1,3,595,53,7,11,1,1,1,35,6,0,188.5,230.2,3,0,0,0,,154,36,14.3,29.32,73.48,86.04,Fighting,Johto
319,Clair_3093,Ecruteak City,Water,Totodile,3,48.1,56.8,49.6,251.3,2,8.2,196,39.0,3,1,4,1043,24,3,2,1,1,1,14,8,4,180.4,190.2,4,0,0,0,,120,16,6.4,28.69,8.41,11.19,Ghost,Johto
320,Koga_5586,Azalea Town,Fire,Cyndaquil,5,24.2,27.2,46.7,246.3,3,1.6,280,30.0,2,1,0,1138,21,10,5,0,2,1,20,6,1,168.9,178.5,2,0,0,0,,62,18,7.2,45.99,8.9,44.73,Bug,Johto
321,Gold_2601,Violet City,Fire,Cyndaquil,4,33.6,37.9,75.5,241.2,1,0.9,433,66.9,2,1,4,1167,56,10,6,1,1,0,32,3,0,98.2,109.2,3,0,0,0,,106,68,27.1,25.23,98.79,79.57,Flying,Johto
322,Clair_6571,New Bark Town,Water,Totodile,5,22.8,32.9,55.5,90.3,3,1.7,236,46.4,2,0,7,1363,25,8,1,1,0,0,30,12,0,178.1,195.4,3,0,0,0,,89,37,14.7,72.16,23.53,32.38,None,Johto
323,Erika_7466,Cianwood City,Water,Totodile,5,26.8,28.7,48.7,129.2,4,2.5,128,60.2,3,0,9,1174,10,4,1,0,2,0,13,2,4,166.5,255.0,4,0,0,0,,99,41,16.3,93.29,28.02,5.66,Fighting,Johto
324,Dario_1079,Olivine City,Fire,Cyndaquil,2,21.8,28.5,55.8,223.6,1,3.3,326,58.9,2,1,2,1042,45,9,8,0,3,0,29,8,1,152.3,156.4,2,0,0,0,,106,47,18.7,37.14,34.03,59.62,Steel,Johto
325,Blaine_3882,Cianwood City,Grass,Chikorita,6,61.9,72.5,66.6,168.4,1,10.8,296,81.7,2,1,8,780,33,5,8,0,0,0,36,6,2,160.1,226.6,7,0,0,0,,149,53,21.1,77.41,72.35,20.66,Fighting,Johto
326,Karen_9068,Blackthorn City,Water,Totodile,3,32.8,41.2,57.5,119.2,2,2.6,105,61.8,1,0,3,577,17,7,3,0,1,1,18,8,0,168.6,186.5,4,0,0,0,,96,16,6.4,70.7,69.15,24.32,Dragon,Johto
327,Whitney_6154,Violet City,Water,Totodile,3,37.5,53.0,53.8,119.6,2,4.6,277,68.4,3,0,3,1318,34,5,6,0,3,1,42,9,1,165.0,208.7,5,0,0,0,,102,46,18.3,100.0,39.55,26.75,Flying,Johto
328,Will_3141,Goldenrod City,Fire,Cyndaquil,4,25.8,28.0,57.2,159.5,5,3.2,134,48.7,2,1,4,1071,10,12,2,0,2,0,25,5,2,159.3,185.7,4,0,0,0,,35,36,14.3,30.24,34.59,29.24,Normal,Johto
329,Brock_8898,Goldenrod City,Fire,Cyndaquil,4,30.2,36.6,47.9,206.5,2,4.3,412,62.9,4,0,4,2022,51,6,8,0,1,0,47,5,2,169.3,171.8,4,0,0,0,,89,51,20.3,98.22,18.02,64.67,Normal,Johto
330,Tracey_4866,Cherrygrove City,Fire,Cyndaquil,3,15.5,29.1,58.8,80.0,5,0.3,163,52.0,2,0,6,1412,26,1,3,0,1,1,24,3,1,131.1,148.1,3,0,0,0,,67,37,14.7,75.16,28.13,32.44,None,Johto
331,Ash_6614,Azalea Town,Grass,Chikorita,1,15.2,27.3,69.7,158.8,1,0.8,158,46.8,2,0,4,1084,17,4,6,0,1,0,25,3,2,125.3,127.7,1,0,0,0,,56,17,6.8,30.25,59.93,16.31,Bug,Johto
332,Morty_3642,Cianwood City,Fire,Cyndaquil,4,26.1,26.7,38.0,195.8,1,3.0,320,33.8,2,1,6,1090,25,7,11,0,1,0,23,4,0,141.5,146.2,0,0,0,0,,89,56,22.3,39.62,12.35,52.01,Fighting,Johto
333,Morty_4997,Goldenrod City,Grass,Chikorita,6,44.1,67.3,61.0,180.6,5,2.6,396,56.5,3,0,3,1738,43,10,9,0,2,0,40,6,0,182.2,189.7,5,0,0,0,,138,32,12.7,66.07,78.23,84.23,Normal,Johto
334,Red_7324,Cianwood City,Water,Totodile,6,32.9,34.8,60.8,185.0,3,3.0,330,61.2,1,0,7,417,43,12,3,0,3,0,39,4,0,160.7,177.5,3,0,0,0,,58,64,25.5,93.18,51.93,59.74,Fighting,Johto
335,Pryce_6032,Blackthorn City,Water,Totodile,5,27.1,31.2,72.2,164.5,2,0.5,435,68.3,2,0,6,1015,43,11,9,0,1,1,39,7,1,208.7,253.8,4,0,0,0,,50,44,17.5,90.89,74.85,86.54,Dragon,Johto
336,Todd_8725,Cherrygrove City,Fire,Cyndaquil,3,23.6,29.2,64.2,180.5,2,1.5,173,35.4,2,1,2,910,19,4,7,1,2,1,14,2,2,151.8,152.8,2,0,0,0,,63,24,9.6,26.34,18.4,30.24,None,Johto
337,Erika_4240,Blackthorn City,Fire,Cyndaquil,6,18.2,24.2,75.0,169.1,2,0.7,213,63.6,2,0,4,1070,24,6,6,0,4,2,19,8,1,122.3,126.6,3,0,0,0,,58,48,19.1,46.58,81.19,25.97,Dragon,Johto
338,Yellow_7607,Blackthorn City,Fire,Cyndaquil,5,26.6,26.9,76.9,98.5,5,1.7,306,42.5,2,0,3,1082,44,7,9,0,3,2,35,6,1,157.7,179.5,2,0,0,0,,102,33,13.1,26.66,81.99,53.89,Dragon,Johto
339,AJ_2038,Mahogany Town,Fire,Cyndaquil,2,37.2,39.6,62.1,107.0,2,4.5,207,48.8,3,0,5,790,29,3,5,0,3,1,30,4,1,152.4,180.1,4,0,0,0,,74,41,16.3,51.63,22.14,27.6,Ice,Johto
340,Ash_7050,Azalea Town,Water,Totodile,4,41.9,68.2,49.9,191.7,6,6.2,279,59.6,1,1,1,797,21,11,7,1,0,0,23,8,1,145.9,152.1,6,0,0,0,,137,41,16.3,71.62,12.53,40.5,Bug,Johto
341,Whitney_4574,Cianwood City,Fire,Cyndaquil,4,48.4,54.1,80.5,218.9,5,5.6,428,74.2,3,1,6,1230,42,7,10,0,1,2,42,7,1,165.0,189.7,7,0,0,0,,123,70,27.9,63.76,99.42,74.15,Fighting,Johto
342,Lorelei_7559,Goldenrod City,Grass,Chikorita,6,20.8,24.2,68.3,163.8,4,1.8,106,45.2,2,1,1,591,21,3,3,0,1,0,11,6,1,120.5,123.8,2,0,0,0,,69,26,10.4,25.3,69.67,23.95,Normal,Johto
343,Dario_6425,Cherrygrove City,Fire,Cyndaquil,4,32.1,36.1,47.9,182.9,6,6.7,219,66.6,3,1,9,1085,36,6,9,0,1,0,26,13,2,134.6,137.7,5,0,0,0,,121,47,18.7,100.0,11.97,22.35,None,Johto
344,Tracey_7216,New Bark Town,Water,Totodile,6,78.0,79.1,53.2,270.6,1,15.0,510,74.3,1,1,4,422,49,11,11,1,1,0,46,2,1,159.2,164.6,8,1,1,1,529.0,203,54,21.5,53.85,25.2,71.47,None,Johto
345,Yellow_5392,Goldenrod City,Fire,Cyndaquil,6,33.4,41.2,49.5,109.3,1,4.3,234,79.5,4,0,11,1597,21,10,0,0,3,0,26,7,2,155.4,184.1,5,0,0,0,,68,56,22.3,100.0,37.21,25.13,Normal,Johto
346,Chuck_8106,Goldenrod City,Grass,Chikorita,3,41.7,51.1,58.7,216.7,2,2.1,470,71.6,3,1,5,1226,34,9,8,0,2,0,45,8,2,188.3,191.2,6,0,0,0,,56,69,27.5,100.0,11.02,94.45,Normal,Johto
347,Bugsy_7848,Cherrygrove City,Grass,Chikorita,4,29.4,35.1,41.0,162.7,4,1.5,133,75.1,4,1,6,1648,23,7,0,1,3,0,21,6,0,148.7,150.7,6,0,0,0,,97,35,13.9,91.96,27.95,18.21,None,Johto
348,Surge_5016,Violet City,Grass,Chikorita,4,37.7,38.3,84.5,132.6,2,5.1,189,59.4,4,0,5,1483,23,5,6,0,0,0,32,7,5,136.6,153.6,4,0,0,0,,89,39,15.5,41.66,67.25,19.94,Flying,Johto
349,Pryce_6487,Blackthorn City,Fire,Cyndaquil,6,47.3,48.6,52.0,145.0,4,10.6,409,72.1,2,0,4,792,36,17,6,1,0,0,41,8,0,163.8,166.9,6,0,0,0,,168,42,16.7,71.32,25.92,63.4,Dragon,Johto
350,Pryce_6083,Blackthorn City,Fire,Cyndaquil,6,42.7,53.3,75.3,193.6,1,4.5,461,62.2,3,0,0,1200,47,9,4,0,6,1,45,5,2,169.5,206.7,4,0,0,0,,124,54,21.5,48.29,60.19,87.31,Dragon,Johto
351,Joe_1876,Ecruteak City,Water,Totodile,2,39.1,45.3,60.3,138.3,5,5.9,214,49.8,2,0,2,938,26,7,12,0,0,0,23,7,1,174.2,182.6,4,0,0,0,,120,24,9.6,50.12,45.55,25.2,Ghost,Johto
352,Red_1393,New Bark Town,Fire,Cyndaquil,1,53.0,59.3,81.6,240.1,5,10.4,345,69.0,2,1,1,541,41,7,11,0,1,0,33,2,0,141.4,142.1,5,0,0,0,,166,37,14.7,36.85,90.11,47.11,None,Johto
353,Jessie_3260,Goldenrod City,Grass,Chikorita,5,26.0,40.7,47.6,124.5,1,2.1,201,51.8,3,0,3,1300,23,5,2,0,1,0,28,15,1,157.8,161.9,3,0,0,0,,126,19,7.6,81.8,27.28,32.84,Normal,Johto
354,Lance_2219,Violet City,Water,Totodile,5,17.6,18.0,40.3,174.4,1,1.3,91,28.1,2,1,2,1007,13,3,3,0,1,0,10,6,2,123.2,137.3,1,0,0,0,,52,22,8.8,28.79,8.65,7.42,Flying,Johto
355,Dario_3540,Cianwood City,Fire,Cyndaquil,5,41.7,45.2,48.8,114.0,2,5.8,346,32.3,3,0,2,1477,39,10,6,0,2,0,45,0,1,156.2,165.4,2,0,0,0,,133,32,12.7,21.98,10.09,65.25,Fighting,Johto
356,Lorelei_6222,Mahogany Town,Water,Totodile,5,31.1,44.6,40.6,200.2,6,0.2,291,59.1,4,1,5,1572,33,6,2,0,2,0,30,9,1,132.9,134.4,5,0,0,0,,26,45,17.9,100.0,22.52,51.64,Ice,Johto
357,Crystal_1188,Blackthorn City,Water,Totodile,6,34.0,36.6,69.0,71.5,2,4.3,197,59.4,2,0,3,807,19,5,3,0,0,1,25,7,0,133.4,141.9,3,0,0,0,,114,38,15.1,23.32,80.12,25.9,Dragon,Johto
358,Misty_5567,Olivine City,Grass,Chikorita,2,51.4,56.0,73.1,142.7,4,9.6,299,74.8,3,0,1,1322,36,6,7,1,0,0,34,9,2,131.7,137.7,7,0,0,0,,143,28,11.2,42.49,80.27,50.59,Steel,Johto
359,Ash_7623,New Bark Town,Grass,Chikorita,3,30.4,37.3,58.3,184.9,5,1.0,213,61.4,2,1,5,1193,38,11,6,0,0,0,23,9,2,143.5,169.1,4,0,0,0,,99,38,15.1,77.38,70.27,35.13,None,Johto
360,Jasmine_4477,Azalea Town,Grass,Chikorita,3,38.6,49.9,57.9,232.8,4,4.0,316,65.9,2,1,9,695,47,10,6,0,3,1,27,2,1,152.0,161.3,6,0,0,0,,110,46,18.3,87.48,36.91,48.44,Bug,Johto
361,Will_9169,Ecruteak City,Grass,Chikorita,3,21.2,22.3,79.2,137.0,3,2.7,117,83.7,2,0,5,564,18,1,8,0,3,1,19,8,1,151.5,168.2,5,0,0,0,,62,41,16.3,100.0,81.34,26.97,Ghost,Johto
362,Will_2231,Ecruteak City,Fire,Cyndaquil,6,14.6,18.7,36.1,140.2,2,0.3,147,45.0,4,0,6,1698,17,2,3,0,4,0,15,6,1,143.1,155.2,2,0,0,0,,66,30,12.0,71.8,23.31,20.22,Ghost,Johto
363,Jasmine_5999,Goldenrod City,Water,Totodile,4,18.1,25.5,74.0,132.5,1,0.6,157,59.9,3,1,2,1467,20,8,6,0,0,0,15,6,2,114.9,120.4,2,0,0,0,,78,15,6.0,34.41,96.03,21.15,Normal,Johto
364,Aya_8691,Ecruteak City,Grass,Chikorita,2,23.6,31.7,67.9,170.9,6,0.5,91,58.3,3,1,5,960,17,7,1,0,3,0,19,13,3,143.6,189.0,3,0,0,0,,108,37,14.7,84.37,49.09,6.91,Ghost,Johto
365,Lorelei_9058,Olivine City,Grass,Chikorita,3,28.3,30.6,58.9,103.7,3,0.2,124,41.3,1,0,5,304,27,7,0,0,0,0,15,10,1,152.0,157.0,2,0,0,0,,35,28,11.2,89.05,14.49,15.87,Steel,Johto
366,Casey_8905,Blackthorn City,Grass,Chikorita,6,30.8,33.0,46.4,181.2,1,0.3,420,54.5,5,0,5,2347,57,12,11,0,1,0,55,8,4,164.0,174.2,4,0,0,0,,63,54,21.5,58.27,31.23,93.88,Dragon,Johto
367,Yellow_7341,Blackthorn City,Grass,Chikorita,2,36.0,41.2,61.2,87.7,2,2.4,378,51.6,2,0,4,952,49,6,9,1,0,1,41,10,0,185.5,192.4,3,0,0,0,,92,44,17.5,73.44,18.8,72.47,Dragon,Johto
368,Giovanni_7866,Mahogany Town,Fire,Cyndaquil,5,25.9,26.7,69.5,137.2,2,5.0,87,61.5,3,0,3,1180,13,3,0,1,2,0,23,7,1,153.0,160.6,3,0,0,0,,126,13,5.2,89.49,93.42,9.73,Ice,Johto
369,Blaine_4502,Olivine City,Grass,Chikorita,3,25.1,31.7,47.0,116.7,2,2.9,214,38.8,1,0,1,66,19,10,8,0,1,2,22,6,1,161.6,166.6,1,0,0,0,,55,42,16.7,69.72,20.97,22.82,Steel,Johto
370,Janine_2615,Goldenrod City,Water,Totodile,3,37.5,41.9,77.2,87.9,1,4.9,422,62.6,3,0,8,1789,50,10,5,0,1,0,41,6,0,176.0,179.4,3,0,0,0,,123,60,23.9,54.72,85.47,74.99,Normal,Johto
371,Samurai_7459,Cherrygrove City,Grass,Chikorita,4,28.9,29.1,75.4,109.2,1,3.0,125,52.9,2,0,4,1324,14,5,4,0,1,0,12,7,0,147.2,153.1,3,0,0,0,,143,37,14.7,48.09,70.79,21.58,None,Johto
372,Janine_4268,Goldenrod City,Water,Totodile,6,42.7,46.9,68.5,183.4,4,3.9,494,60.7,3,0,4,1558,54,13,8,0,1,0,42,2,2,163.9,167.3,6,0,0,0,,60,56,22.3,33.07,91.5,96.11,Normal,Johto
373,Todd_9573,Violet City,Fire,Cyndaquil,6,26.4,26.8,38.7,152.1,5,1.7,286,52.5,2,0,4,1114,11,12,3,0,1,1,33,7,0,136.6,167.6,3,0,0,0,,99,37,14.7,65.98,10.33,33.68,Flying,Johto
374,James_7176,Violet City,Grass,Chikorita,4,27.8,31.7,78.4,185.2,6,3.3,225,67.1,3,1,8,1009,32,6,6,0,1,0,22,6,1,156.0,182.4,5,0,0,0,,98,52,20.7,95.12,76.58,19.04,Flying,Johto
375,Dario_8492,Violet City,Grass,Chikorita,6,59.4,60.3,78.3,243.2,4,11.8,527,86.1,4,1,2,1494,54,17,13,0,0,0,44,6,2,172.0,178.2,7,0,0,0,,171,62,24.7,99.66,73.98,82.76,Flying,Johto
376,Sabrina_5453,Ecruteak City,Grass,Chikorita,4,33.7,64.2,63.7,222.1,1,0.4,421,40.4,3,1,5,1262,60,16,4,0,1,2,35,3,3,186.7,217.8,1,0,0,0,,100,48,19.1,49.66,31.66,97.16,Ghost,Johto
377,Falkner_9523,Cherrygrove City,Fire,Cyndaquil,3,31.9,39.3,64.0,163.5,2,0.7,250,43.6,3,0,7,1597,22,3,9,0,1,1,26,4,2,134.1,189.5,1,0,0,0,,69,35,13.9,23.51,46.17,50.57,None,Johto
378,Aya_6425,Olivine City,Fire,Cyndaquil,1,34.9,44.0,81.7,198.8,6,1.3,266,63.8,3,1,3,781,42,13,8,1,1,0,32,8,0,111.8,112.5,6,0,0,0,,95,50,19.9,49.21,95.04,44.89,Steel,Johto
379,Erika_9678,Violet City,Water,Totodile,1,58.8,59.1,72.4,215.5,3,11.6,524,63.0,2,1,4,889,53,18,13,0,4,0,52,7,2,150.0,170.9,7,0,0,0,,139,45,17.9,23.89,65.95,89.08,Flying,Johto
380,Koga_6565,Azalea Town,Water,Totodile,6,35.0,38.5,84.5,238.6,1,3.7,281,67.1,3,1,4,1059,25,10,10,0,2,0,35,6,1,128.4,129.8,3,0,0,0,,114,32,12.7,57.06,96.38,46.1,Bug,Johto
381,Bugsy_1635,Ecruteak City,Water,Totodile,3,15.0,16.5,59.0,167.7,2,0.9,114,42.6,3,1,6,1156,17,4,10,0,2,1,21,6,2,168.2,169.7,1,0,0,0,,78,40,15.9,63.71,40.73,8.91,Ghost,Johto
382,Bill_6479,Mahogany Town,Water,Totodile,4,20.8,24.4,53.2,125.0,4,0.8,349,56.7,3,0,3,1228,47,8,15,0,5,0,39,9,1,151.0,167.5,4,0,0,0,,89,48,19.1,87.85,42.77,61.62,Ice,Johto
383,Agatha_2732,Ecruteak City,Fire,Cyndaquil,6,14.2,22.2,61.9,117.2,2,0.2,80,58.5,3,0,3,1504,14,2,0,0,0,0,13,10,0,152.1,183.4,2,0,0,0,,69,54,21.5,75.23,59.57,15.05,Ghost,Johto
384,Whitney_1376,Cianwood City,Fire,Cyndaquil,4,32.0,37.5,64.8,91.6,5,4.3,110,62.9,3,0,4,879,18,3,4,0,0,3,14,4,3,161.5,199.6,4,0,0,0,,82,10,4.0,40.29,70.25,12.58,Fighting,Johto
385,Red_9136,Cianwood City,Fire,Cyndaquil,1,16.7,25.7,39.7,155.0,1,0.9,139,44.3,2,1,12,1018,5,4,4,0,1,0,24,4,1,185.1,222.4,2,0,0,0,,22,27,10.8,100.0,2.58,12.93,Fighting,Johto
386,Lance_8470,Cherrygrove City,Fire,Cyndaquil,6,72.3,74.0,69.3,241.6,2,12.4,572,77.1,1,1,3,867,57,10,4,0,1,0,53,3,2,159.1,172.9,7,0,0,0,,150,69,27.5,72.41,71.63,87.93,None,Johto
387,Joe_6251,Goldenrod City,Fire,Cyndaquil,6,33.2,34.1,55.0,342.8,1,2.0,500,66.9,4,1,5,2091,50,16,9,0,0,0,57,12,3,143.1,153.6,5,0,0,0,,87,75,29.9,100.0,34.26,84.61,Normal,Johto
388,Silver_5571,Blackthorn City,Fire,Cyndaquil,3,24.3,30.5,81.1,242.4,3,1.5,421,63.3,2,1,2,803,40,9,3,0,0,0,35,4,1,129.5,130.0,4,0,0,0,,84,18,7.2,35.28,98.22,68.91,Dragon,Johto
389,Giselle_8808,Olivine City,Grass,Chikorita,2,34.1,37.1,65.2,129.5,5,4.9,85,84.1,3,1,3,1109,8,3,4,1,3,0,16,1,1,127.2,139.2,7,0,0,0,,115,34,13.5,60.17,91.51,10.7,Steel,Johto
390,Agatha_9990,Azalea Town,Fire,Cyndaquil,5,19.9,21.2,62.6,101.8,2,2.4,119,53.4,1,0,1,209,16,1,7,0,0,0,14,10,2,150.1,157.5,2,0,0,0,,83,19,7.6,27.25,64.55,11.85,Bug,Johto
391,Dario_2071,Cherrygrove City,Fire,Cyndaquil,3,56.0,68.2,85.6,230.6,5,8.7,446,63.1,2,1,2,1053,60,10,11,1,3,1,48,2,6,157.7,163.2,7,0,0,0,,162,34,13.5,31.67,90.48,90.82,None,Johto
392,Agatha_2589,Olivine City,Water,Totodile,6,38.7,41.7,56.0,173.7,2,6.0,259,44.0,2,0,3,854,24,7,6,0,0,0,32,5,2,156.7,218.9,2,0,0,0,,110,43,17.1,55.38,16.97,27.48,Steel,Johto
393,Richie_5369,New Bark Town,Fire,Cyndaquil,6,42.9,61.8,80.3,213.1,6,2.4,485,59.3,1,0,8,511,45,15,9,0,3,1,52,11,3,155.1,159.5,5,0,0,0,,116,62,24.7,52.64,87.78,72.19,None,Johto
394,Richie_9127,Cianwood City,Fire,Cyndaquil,4,27.2,28.1,78.9,113.1,2,3.3,156,91.0,1,0,4,489,28,7,5,0,2,0,17,6,2,162.0,175.6,6,0,0,0,,119,27,10.8,93.88,64.17,14.89,Fighting,Johto
395,Richie_4131,Blackthorn City,Water,Totodile,5,27.5,31.0,75.1,224.6,2,0.1,362,60.8,3,1,3,1103,53,9,10,0,2,1,41,9,1,185.5,233.2,3,0,0,0,,100,54,21.5,76.34,76.63,84.02,Dragon,Johto
396,Silver_6887,Violet City,Grass,Chikorita,1,31.2,42.7,74.3,105.7,1,2.9,109,76.7,2,0,4,763,0,4,4,0,3,0,16,6,3,153.0,157.5,4,0,0,0,,99,10,4.0,79.03,81.74,10.49,Flying,Johto
397,Koga_4301,Olivine City,Water,Totodile,3,26.6,36.2,68.0,240.1,3,0.6,415,59.3,2,1,5,811,34,12,6,0,0,0,45,9,1,197.7,203.1,3,0,0,0,,83,56,22.3,100.0,69.11,66.14,Steel,Johto
398,Falkner_8956,Mahogany Town,Water,Totodile,3,26.3,31.4,68.7,138.5,5,2.8,225,97.6,3,0,7,1561,13,8,8,0,0,1,23,9,0,183.0,189.2,8,1,1,1,242.0,126,30,12.0,100.0,96.57,27.02,Ice,Johto
399,Daisy_8218,Ecruteak City,Fire,Cyndaquil,3,29.5,29.7,68.0,203.8,1,5.1,304,85.9,3,0,10,1267,23,17,13,0,2,1,29,9,2,167.8,180.5,5,0,0,0,,90,49,19.5,100.0,67.57,39.74,Ghost,Johto
400,Bill_4662,Violet City,Water,Totodile,5,40.2,41.0,76.8,199.9,2,6.5,215,52.7,3,1,4,1233,19,5,7,0,1,0,25,6,1,120.6,120.7,3,0,0,0,,91,30,12.0,38.04,59.67,18.56,Flying,Johto
401,Brock_3436,Azalea Town,Grass,Chikorita,3,32.8,39.6,60.2,228.2,5,2.6,494,44.8,2,1,1,1612,48,11,4,0,2,0,45,4,3,184.7,193.5,3,0,0,0,,101,38,15.1,48.42,71.46,78.12,Bug,Johto
402,Casey_9439,Ecruteak City,Fire,Cyndaquil,4,27.1,39.5,51.3,214.8,1,0.6,279,66.3,5,1,5,1772,40,7,9,0,2,1,35,8,0,142.9,170.1,4,0,0,0,,67,57,22.7,99.3,43.55,54.26,Ghost,Johto
403,Lara_3475,Mahogany Town,Fire,Cyndaquil,6,56.6,61.5,61.7,243.7,2,9.1,408,57.2,2,1,5,828,53,11,3,0,1,0,43,4,2,186.9,192.2,5,0,0,0,,132,52,20.7,46.71,44.19,67.52,Ice,Johto
404,Silver_6826,Olivine City,Fire,Cyndaquil,6,29.3,38.6,61.3,159.9,2,0.3,101,44.4,3,1,1,988,7,1,5,1,2,1,17,6,0,144.2,145.9,3,0,0,0,,84,17,6.8,42.19,61.11,25.12,Steel,Johto
405,Joe_6260,Azalea Town,Water,Totodile,5,43.5,44.2,37.3,234.4,1,5.7,309,59.2,2,1,5,1121,37,5,6,0,2,0,31,5,2,170.9,176.6,4,0,0,0,,146,44,17.5,88.06,7.75,46.68,Bug,Johto
406,James_9468,Azalea Town,Water,Totodile,3,35.3,40.3,79.5,212.0,1,4.2,316,63.0,2,1,4,1495,38,6,7,1,2,0,30,7,0,171.3,172.5,4,0,0,0,,72,37,14.7,61.91,83.9,51.09,Bug,Johto
407,Janine_4037,Cherrygrove City,Grass,Chikorita,4,37.0,48.3,57.8,128.3,1,6.5,173,48.9,2,0,0,727,29,4,0,0,4,0,19,5,1,139.7,142.7,3,0,0,0,,114,7,2.8,24.33,36.69,16.59,None,Johto
408,Bugsy_8914,Cianwood City,Water,Totodile,6,52.4,67.4,52.6,231.4,3,9.3,179,44.4,1,1,5,151,20,7,4,1,1,0,35,10,2,169.4,182.4,4,0,0,0,,144,39,15.5,47.44,50.61,8.03,Fighting,Johto
409,Falkner_7520,Cianwood City,Fire,Cyndaquil,6,24.0,24.5,75.2,148.3,4,1.2,295,58.2,1,0,3,635,38,4,4,0,4,2,31,10,2,147.3,155.5,4,0,0,0,,41,46,18.3,66.88,73.11,56.59,Fighting,Johto
410,Blue_3876,Blackthorn City,Fire,Cyndaquil,1,25.6,35.7,36.6,222.1,3,2.4,442,30.4,2,1,3,944,48,6,11,0,1,0,40,6,2,136.4,142.8,2,0,0,0,,114,41,16.3,31.68,7.13,73.48,Dragon,Johto
411,Koga_7283,Goldenrod City,Grass,Chikorita,4,36.4,49.7,68.2,191.3,1,3.1,459,62.1,5,1,6,2389,37,11,14,1,3,1,48,8,3,148.5,164.0,4,0,0,0,,84,65,25.9,56.96,69.3,82.91,Normal,Johto
412,Pryce_7490,Olivine City,Water,Totodile,3,35.0,42.9,73.4,214.0,2,1.4,539,72.6,1,1,1,182,51,14,6,0,0,0,67,5,0,168.7,209.7,5,0,0,0,,59,52,20.7,80.62,90.99,96.48,Steel,Johto
413,Blaine_5395,Ecruteak City,Grass,Chikorita,6,46.4,60.7,68.8,200.2,1,9.5,368,58.5,2,1,9,1325,32,10,7,1,1,0,50,4,0,176.4,188.4,5,0,0,0,,165,45,17.9,77.07,44.87,46.62,Ghost,Johto
414,Bruno_1466,Cherrygrove City,Fire,Cyndaquil,4,28.2,40.9,51.8,136.7,5,3.0,148,65.9,3,0,3,1096,14,2,0,0,2,1,15,7,2,166.3,170.1,4,0,0,0,,95,42,16.7,98.08,7.12,16.42,None,Johto
415,Karen_8468,Cherrygrove City,Water,Totodile,5,39.5,50.8,103.4,143.1,3,0.7,372,64.9,2,0,2,950,57,3,7,0,2,0,41,5,1,169.9,193.6,5,0,0,0,,82,31,12.4,50.26,83.67,82.34,None,Johto
416,Agatha_7843,New Bark Town,Grass,Chikorita,2,27.8,28.6,49.0,84.6,4,2.9,145,41.6,1,0,3,0,7,3,1,0,1,1,20,8,0,153.7,157.6,3,0,0,0,,95,40,15.9,45.23,12.02,14.8,None,Johto
417,Richie_1952,Cianwood City,Fire,Cyndaquil,1,51.8,60.1,88.1,155.1,2,7.3,381,85.3,2,0,6,1239,36,10,8,1,0,2,46,7,1,146.2,151.9,7,0,0,0,,117,57,22.7,99.39,75.71,69.56,Fighting,Johto
418,Jessie_6118,Olivine City,Fire,Cyndaquil,6,33.5,50.6,40.4,241.5,2,4.0,354,41.9,3,1,5,931,44,10,7,1,0,0,34,7,0,174.6,251.5,3,0,0,0,,133,53,21.1,34.26,4.56,68.59,Steel,Johto
419,Samurai_7372,Azalea Town,Grass,Chikorita,4,38.0,39.2,67.2,251.4,1,5.1,521,65.5,3,1,8,1262,54,10,12,0,2,0,53,9,1,193.3,208.6,3,0,0,0,,130,81,32.3,100.0,70.37,81.75,Bug,Johto
420,Sabrina_5339,Olivine City,Fire,Cyndaquil,6,33.7,46.7,77.6,194.5,2,2.3,222,68.2,3,1,2,1390,13,7,5,0,2,2,18,4,4,136.8,158.4,4,0,0,0,,116,40,15.9,47.43,82.64,13.26,Steel,Johto
421,Ash_7198,Cherrygrove City,Water,Totodile,3,20.5,36.0,34.0,211.8,1,0.8,100,19.2,3,1,7,1278,4,3,1,1,4,1,15,6,1,105.2,114.0,1,0,0,0,,42,21,8.4,29.37,2.9,13.05,None,Johto
422,Gold_7083,Violet City,Water,Totodile,6,33.1,38.6,60.1,167.7,5,1.9,322,59.9,3,0,1,977,39,11,4,1,4,0,36,7,1,182.3,184.3,4,0,0,0,,108,34,13.5,32.03,71.48,62.69,Flying,Johto
423,Joe_2620,Blackthorn City,Fire,Cyndaquil,5,29.5,29.6,73.9,196.0,2,0.2,435,73.1,3,1,3,1505,40,9,11,0,1,0,44,8,2,168.8,169.5,3,0,0,0,,91,33,13.1,83.48,62.35,93.62,Dragon,Johto
424,Misty_2624,Ecruteak City,Grass,Chikorita,2,23.5,28.7,83.7,92.8,1,1.0,108,91.1,2,0,9,863,23,3,0,0,0,0,7,7,1,128.6,135.6,5,0,0,0,,1,45,17.9,90.96,85.25,27.65,Ghost,Johto
425,Daisy_2255,Violet City,Water,Totodile,6,46.8,50.9,90.7,154.8,2,6.6,258,79.6,3,0,4,708,18,10,4,0,1,1,24,7,0,142.8,147.9,7,0,0,0,,148,32,12.7,88.09,86.21,24.81,Flying,Johto
426,Erika_6926,Violet City,Water,Totodile,1,64.4,80.8,39.7,203.1,4,13.6,483,65.4,2,1,6,1144,45,10,8,0,1,0,46,4,1,132.9,141.9,6,0,0,0,,139,72,28.7,66.96,3.56,62.29,Flying,Johto
427,Clair_7037,Blackthorn City,Water,Totodile,1,52.0,54.0,59.6,202.2,2,7.4,608,89.6,2,0,4,899,64,12,13,1,4,0,45,10,1,185.7,188.4,7,0,0,0,,111,68,27.1,100.0,42.34,98.93,Dragon,Johto
428,Joe_2839,Blackthorn City,Grass,Chikorita,1,34.7,56.5,74.2,231.4,1,0.5,398,56.3,1,1,7,429,48,11,8,0,2,0,44,11,1,176.1,182.3,4,0,0,0,,49,49,19.5,90.32,81.29,94.72,Dragon,Johto
429,Koji_3914,Olivine City,Water,Totodile,6,32.0,32.0,60.9,126.7,2,1.2,263,70.4,2,0,9,838,24,15,6,1,0,0,25,4,1,171.7,176.2,6,0,0,0,,80,76,30.3,78.35,52.39,40.04,Steel,Johto
430,Koji_8841,Olivine City,Fire,Cyndaquil,2,31.3,38.1,71.2,189.2,2,3.8,398,50.9,3,0,4,1305,37,8,11,0,2,0,38,6,0,193.2,203.6,3,0,0,0,,103,76,30.3,100.0,48.12,67.87,Steel,Johto
431,Lance_6013,Mahogany Town,Grass,Chikorita,4,34.6,41.0,59.3,183.5,2,3.0,526,59.0,2,0,3,1132,58,16,7,0,2,1,47,7,1,197.2,197.4,4,0,0,0,,105,49,19.5,79.97,39.21,96.33,Ice,Johto
432,Bugsy_1137,Cherrygrove City,Grass,Chikorita,1,22.9,23.0,33.5,125.1,2,0.8,268,51.8,3,0,8,1401,33,11,2,0,2,1,30,7,1,195.5,228.1,3,0,0,0,,89,40,15.9,100.0,7.68,49.04,None,Johto
433,Karen_5446,Cherrygrove City,Fire,Cyndaquil,2,45.7,53.6,44.2,259.6,3,5.2,461,44.3,3,1,5,1499,48,15,14,1,4,1,52,6,1,196.9,203.2,4,0,0,0,,82,64,25.5,60.56,23.69,81.35,None,Johto
434,Clair_1867,Violet City,Water,Totodile,3,21.8,26.4,69.1,140.8,1,4.4,279,45.5,1,0,2,604,32,4,9,0,3,0,31,7,2,174.9,188.7,1,0,0,0,,103,41,16.3,32.8,50.56,41.12,Flying,Johto
435,Tracey_4995,Olivine City,Water,Totodile,2,31.7,37.7,50.7,285.1,5,1.9,450,53.6,3,1,5,1549,40,17,11,0,3,0,40,5,0,211.8,218.3,4,0,0,0,,55,93,37.1,87.19,47.07,78.8,Steel,Johto
436,Giselle_4572,Ecruteak City,Water,Totodile,5,44.7,54.7,78.2,189.1,1,5.3,340,78.7,3,0,3,1203,30,7,1,0,1,0,33,5,2,138.3,140.3,6,0,0,0,,105,53,21.1,74.33,77.79,61.41,Ghost,Johto
437,Sabrina_3518,Olivine City,Fire,Cyndaquil,2,25.8,25.8,51.1,187.7,1,1.3,396,41.0,3,0,1,1541,39,11,10,0,4,3,37,6,1,147.3,162.9,2,0,0,0,,55,45,17.9,30.6,11.38,71.6,Steel,Johto
438,Stella_4204,Azalea Town,Water,Totodile,4,25.8,26.7,56.9,237.0,3,1.0,463,35.6,2,1,1,730,54,11,3,0,3,0,35,4,2,146.1,174.8,2,0,0,0,,63,60,23.9,20.08,17.43,92.77,Bug,Johto
439,Giovanni_7850,Cianwood City,Fire,Cyndaquil,3,32.6,44.2,62.0,144.2,4,2.9,302,60.8,4,0,3,1997,31,5,0,0,3,0,33,6,3,110.1,126.5,5,0,0,0,,78,32,12.7,58.07,57.01,47.66,Fighting,Johto
440,Blaine_4240,Cianwood City,Fire,Cyndaquil,1,53.1,58.1,65.9,148.2,4,7.7,410,62.2,1,0,2,702,39,12,10,1,0,0,42,8,0,148.2,163.7,6,0,0,0,,143,56,22.3,31.59,47.72,61.25,Fighting,Johto
441,Tracey_2254,Goldenrod City,Water,Totodile,3,32.0,34.2,58.7,143.8,4,1.0,334,72.4,2,0,5,1268,42,11,9,0,0,1,34,8,0,186.0,232.8,5,0,0,0,,93,42,16.7,93.01,71.76,62.06,Normal,Johto
442,Bugsy_4272,Cherrygrove City,Grass,Chikorita,3,22.8,28.8,59.0,98.2,2,1.2,103,65.3,3,0,9,1196,17,3,0,0,1,0,19,6,4,154.7,161.0,4,0,0,0,,69,35,13.9,100.0,17.77,11.34,None,Johto
443,Aya_9816,Olivine City,Fire,Cyndaquil,4,21.7,30.0,72.3,173.8,5,0.2,232,37.3,3,1,3,1140,23,3,4,0,3,1,20,6,2,152.0,158.9,2,0,0,0,,51,38,15.1,30.6,75.84,35.17,Steel,Johto
444,Will_4182,Violet City,Fire,Cyndaquil,3,19.6,22.2,53.0,116.7,1,0.6,126,43.7,2,0,4,558,8,5,3,0,3,2,18,5,0,164.5,182.7,3,0,0,0,,93,32,12.7,100.0,7.21,13.67,Flying,Johto
445,Daisy_3490,Violet City,Water,Totodile,2,22.5,30.5,65.2,258.1,6,0.2,311,66.3,3,1,4,1260,39,10,7,0,3,0,39,8,2,158.1,173.7,5,0,0,0,,63,62,24.7,77.65,68.09,43.96,Flying,Johto
446,Duplica_2515,New Bark Town,Fire,Cyndaquil,6,49.5,55.8,63.8,227.2,3,10.0,284,85.6,2,1,1,1102,44,5,6,0,2,2,30,6,2,170.2,199.0,6,0,0,0,,160,35,13.9,69.85,86.54,52.34,None,Johto
447,Gold_6336,Goldenrod City,Grass,Chikorita,4,26.9,27.4,57.5,90.2,5,2.0,47,58.1,3,0,2,1171,9,2,5,0,2,4,8,10,1,186.1,210.9,4,0,0,0,,103,8,3.2,100.0,29.79,7.55,Normal,Johto
448,Jasmine_1107,Mahogany Town,Fire,Cyndaquil,2,26.8,37.6,62.2,184.2,5,4.5,102,54.8,3,1,4,1261,14,3,5,0,2,2,15,7,1,153.9,198.3,4,0,0,0,,96,45,17.9,68.34,49.27,6.18,Ice,Johto
449,Will_3489,Violet City,Grass,Chikorita,4,22.9,24.9,52.1,194.5,3,1.8,383,66.6,2,1,5,1553,43,8,7,1,3,0,32,9,2,172.3,174.5,5,0,0,0,,49,59,23.5,72.68,46.63,74.81,Flying,Johto
450,Blaine_5592,Ecruteak City,Water,Totodile,4,35.0,37.1,63.8,120.1,4,2.8,195,68.9,3,0,4,1290,17,6,1,1,0,0,27,7,3,162.7,164.7,7,0,0,0,,83,41,16.3,89.42,55.54,31.16,Ghost,Johto
451,Blue_3539,Blackthorn City,Fire,Cyndaquil,5,36.3,38.5,45.8,219.1,5,2.6,302,64.5,3,1,6,1175,24,9,2,0,2,1,40,5,0,123.6,129.8,6,0,0,0,,97,31,12.4,79.83,45.82,40.61,Dragon,Johto
452,Brock_5513,Cianwood City,Fire,Cyndaquil,6,50.4,53.7,59.6,212.0,6,4.0,387,70.4,2,1,6,943,43,7,8,1,2,0,38,6,4,177.4,200.6,7,0,0,0,,103,38,15.1,100.0,55.39,73.74,Fighting,Johto
453,Bill_5748,New Bark Town,Fire,Cyndaquil,3,49.7,51.6,55.4,280.4,6,6.4,556,40.5,4,1,4,2401,51,12,10,0,3,1,61,11,0,182.7,216.5,5,0,0,0,,159,71,28.3,49.05,27.02,95.36,None,Johto
454,AJ_5779,Olivine City,Fire,Cyndaquil,2,50.0,51.0,78.3,198.0,1,6.5,271,51.6,3,1,2,1376,14,7,1,1,0,0,27,10,2,164.4,165.0,4,0,0,0,,96,27,10.8,42.75,66.06,24.47,Steel,Johto
455,Giselle_3753,Violet City,Water,Totodile,6,26.5,28.1,54.1,131.3,1,1.5,174,60.6,4,0,3,2065,31,1,3,0,2,0,22,9,2,173.4,179.5,3,0,0,0,,102,36,14.3,100.0,39.6,29.32,Flying,Johto
456,Blue_7825,Ecruteak City,Grass,Chikorita,2,55.6,57.2,52.8,219.9,2,9.8,330,60.2,2,1,2,1363,20,9,5,0,0,2,22,5,5,141.5,142.2,4,0,0,0,,133,39,15.5,36.54,38.27,30.27,Ghost,Johto
457,Duplica_4373,Olivine City,Fire,Cyndaquil,1,31.0,34.4,71.9,224.1,5,1.7,342,84.1,2,1,5,977,45,10,10,0,4,1,37,8,1,177.8,179.0,6,0,0,0,,130,59,23.5,100.0,66.9,70.92,Steel,Johto
458,Jasmine_4472,Violet City,Fire,Cyndaquil,6,53.1,56.0,61.9,178.1,4,11.3,361,66.1,4,1,7,1433,24,9,12,1,2,3,37,6,4,206.4,255.0,7,0,0,0,,150,53,21.1,96.06,40.96,43.19,Flying,Johto
459,Falkner_6679,Cherrygrove City,Fire,Cyndaquil,6,21.9,26.8,83.4,244.4,1,1.1,416,55.5,1,1,3,483,39,9,9,0,0,1,42,6,0,174.2,185.2,2,0,0,0,,78,36,14.3,22.04,71.25,67.48,None,Johto
460,Aya_8325,Blackthorn City,Water,Totodile,6,19.2,21.0,93.5,95.5,1,2.5,88,77.7,2,0,3,789,23,4,2,0,0,0,16,10,2,143.4,148.5,3,0,0,0,,124,28,11.2,98.02,64.44,9.68,Dragon,Johto
461,Gary_5200,Mahogany Town,Water,Totodile,6,49.2,50.1,47.7,163.9,4,9.2,423,60.4,2,0,1,838,48,5,7,0,1,0,34,3,3,162.4,165.2,7,0,0,0,,124,43,17.1,45.69,31.72,53.73,Ice,Johto
462,Janine_1725,Violet City,Water,Totodile,2,31.9,49.9,59.5,227.2,1,3.8,356,52.3,2,1,5,1274,45,8,3,0,1,0,46,5,1,204.2,208.5,3,0,0,0,,99,33,13.1,85.54,45.85,53.02,Flying,Johto
463,Koji_8337,Goldenrod City,Fire,Cyndaquil,5,26.3,50.9,55.6,136.4,6,0.5,258,60.5,2,0,3,1055,23,9,7,0,3,0,27,6,2,190.6,229.5,6,0,0,0,,81,12,4.8,93.34,26.67,58.33,Normal,Johto
464,Casey_6846,Mahogany Town,Water,Totodile,6,49.3,55.1,74.4,129.8,2,8.0,290,67.6,3,0,2,1051,35,7,5,0,1,1,34,5,0,171.9,219.0,5,0,0,0,,144,24,9.6,30.43,71.56,48.88,Ice,Johto
465,Surge_8308,New Bark Town,Fire,Cyndaquil,3,38.3,39.9,64.2,212.3,4,4.7,151,43.8,1,1,2,589,14,4,0,0,2,0,20,8,1,130.7,131.5,2,0,0,0,,83,26,10.4,32.15,73.73,22.21,None,Johto
466,Casey_9752,Azalea Town,Fire,Cyndaquil,4,23.6,26.3,45.0,176.9,3,2.7,294,43.0,3,1,2,1413,37,6,2,1,2,0,22,4,3,130.4,143.7,2,0,0,0,,92,35,13.9,57.57,9.62,47.28,Bug,Johto
467,Crystal_1233,Mahogany Town,Fire,Cyndaquil,5,42.0,59.6,60.4,229.7,1,5.4,494,54.7,1,1,6,817,57,23,14,0,2,0,43,2,1,184.9,198.6,3,0,0,0,,55,66,26.3,39.8,30.57,86.1,Ice,Johto
468,Erika_6522,Cherrygrove City,Fire,Cyndaquil,3,28.9,33.2,52.2,145.4,3,1.4,256,35.0,2,0,3,969,34,5,8,0,0,1,24,12,0,133.3,141.3,2,0,0,0,,86,36,14.3,28.89,11.67,32.26,None,Johto
469,James_6074,Goldenrod City,Fire,Cyndaquil,4,37.8,71.0,51.2,277.0,1,3.8,545,48.8,4,1,3,1609,48,12,9,0,2,0,46,5,2,181.0,197.0,2,0,0,0,,118,37,14.7,52.42,39.98,91.02,Normal,Johto
470,Jasmine_6403,Ecruteak City,Water,Totodile,3,75.8,78.8,41.2,265.8,2,15.0,340,66.3,3,1,7,1516,23,12,9,0,1,0,36,6,2,190.6,208.8,7,0,0,0,,153,73,29.1,100.0,12.94,44.28,Ghost,Johto
471,Pryce_1840,Goldenrod City,Grass,Chikorita,5,31.4,31.9,63.4,140.7,1,1.7,478,46.9,3,0,8,1436,45,12,3,0,1,0,39,6,4,171.3,171.8,2,0,0,0,,86,60,23.9,98.64,19.43,87.16,Normal,Johto
472,Koga_8248,Cianwood City,Water,Totodile,4,56.1,73.0,77.0,239.2,2,9.6,272,65.9,3,1,2,1529,29,6,6,0,2,1,27,6,3,148.3,176.7,6,0,0,0,,169,19,7.6,26.2,59.17,36.64,Fighting,Johto
473,Lara_2126,Goldenrod City,Grass,Chikorita,4,57.7,67.8,73.9,220.2,2,8.2,547,61.8,3,1,7,906,61,7,12,1,3,0,39,12,0,191.6,200.8,6,0,0,0,,99,83,33.1,66.93,59.1,97.62,Normal,Johto
474,Brock_8360,Ecruteak City,Grass,Chikorita,6,41.5,44.1,56.9,153.3,4,3.5,414,42.7,2,0,2,775,57,7,7,0,0,0,44,3,2,168.7,181.6,3,0,0,0,,114,36,14.3,32.64,50.2,75.88,Ghost,Johto
475,Crystal_1095,New Bark Town,Fire,Cyndaquil,6,60.9,62.5,49.4,213.0,3,15.0,380,77.3,4,1,9,1618,23,10,14,0,3,0,39,4,1,165.6,173.0,7,0,0,0,,194,49,19.5,91.81,25.92,45.53,None,Johto
476,Dario_5098,Olivine City,Water,Totodile,2,30.0,34.2,75.0,187.2,6,1.8,494,68.7,2,0,5,1217,45,14,11,0,0,0,34,6,3,144.8,147.5,5,0,0,0,,95,63,25.1,63.48,99.71,88.0,Steel,Johto
477,Koji_4941,Violet City,Water,Totodile,2,34.7,41.7,67.2,245.9,3,1.0,403,62.2,3,1,1,1335,53,14,12,1,0,2,48,2,2,147.0,186.7,5,0,0,0,,73,58,23.1,61.58,77.29,67.03,Flying,Johto
478,Lance_6046,Olivine City,Fire,Cyndaquil,6,31.1,31.7,73.6,132.3,2,1.5,367,72.5,1,0,10,285,48,11,6,0,0,0,43,6,3,187.7,203.7,4,0,0,0,,95,57,22.7,93.13,83.7,70.78,Steel,Johto
479,Tracey_9945,Azalea Town,Water,Totodile,3,31.0,63.5,85.6,146.2,4,2.6,319,68.4,1,0,6,589,33,4,9,0,3,0,34,6,0,165.4,196.3,4,0,0,0,,109,43,17.1,98.78,82.31,43.42,Bug,Johto
480,Aya_6950,Violet City,Fire,Cyndaquil,6,44.9,45.6,58.0,205.6,5,5.9,361,40.7,2,1,7,1274,32,11,8,0,3,0,36,4,1,166.3,173.7,4,0,0,0,,99,62,24.7,31.72,45.97,61.33,Flying,Johto
481,Gary_1315,Ecruteak City,Fire,Cyndaquil,6,25.3,35.9,44.3,101.5,4,1.4,89,53.8,2,0,4,985,15,3,7,0,0,0,14,13,3,151.7,167.8,4,0,0,0,,73,27,10.8,86.96,3.32,19.01,Ghost,Johto
482,Pryce_1541,Cherrygrove City,Water,Totodile,3,32.5,71.5,64.0,129.1,3,2.9,212,75.0,3,0,2,1315,21,5,7,0,2,0,31,4,0,127.6,144.2,5,0,0,0,,133,31,12.4,45.3,92.57,22.93,None,Johto
483,Brock_1473,Cherrygrove City,Grass,Chikorita,4,37.3,44.9,52.7,183.8,1,2.8,472,53.4,3,1,5,1555,46,14,6,0,2,1,48,10,3,178.1,195.2,4,0,0,0,,80,66,26.3,93.4,0.02,77.94,None,Johto
484,Falkner_5925,Cherrygrove City,Water,Totodile,3,52.4,60.0,60.2,267.0,4,7.0,476,78.3,2,1,1,1343,65,9,13,0,3,0,48,8,2,143.6,168.3,7,0,0,0,,141,54,21.5,80.89,55.3,77.82,None,Johto
485,Surge_2050,Azalea Town,Water,Totodile,5,38.7,58.6,52.4,150.0,4,5.0,156,45.6,2,0,8,833,25,1,3,0,3,0,16,1,3,160.6,168.4,3,0,0,0,,92,33,13.1,48.63,11.24,21.65,Bug,Johto
486,Koga_6133,Goldenrod City,Grass,Chikorita,6,45.1,45.1,57.6,208.0,1,6.9,264,52.3,4,1,2,1871,40,6,13,1,2,1,32,5,0,167.9,195.0,4,0,0,0,,141,35,13.9,52.16,41.59,38.58,Normal,Johto
487,Falkner_4438,Cianwood City,Fire,Cyndaquil,5,38.7,46.0,58.8,197.5,1,2.5,256,45.8,2,1,5,1109,23,3,9,0,2,0,28,8,1,132.1,153.2,2,0,0,0,,90,39,15.5,35.63,29.21,40.43,Fighting,Johto
488,Samurai_4935,Violet City,Water,Totodile,3,36.6,41.3,66.8,245.9,6,5.6,336,75.4,3,1,3,1118,56,10,10,0,3,1,33,9,2,145.9,162.5,7,0,0,0,,130,40,15.9,83.5,84.98,60.51,Flying,Johto
489,Aya_7776,Azalea Town,Grass,Chikorita,2,44.6,53.8,71.8,239.1,2,0.3,485,64.2,2,1,4,129,34,14,5,0,2,2,51,8,0,144.1,151.0,5,0,0,0,,83,37,14.7,83.74,86.37,92.7,Bug,Johto
490,Agatha_9689,Ecruteak City,Water,Totodile,5,48.9,55.3,56.7,128.2,1,9.1,230,70.5,2,0,4,976,29,9,5,1,0,0,30,4,2,145.0,152.1,5,0,0,0,,172,31,12.4,79.98,41.02,29.32,Ghost,Johto
491,Jessie_4126,Olivine City,Grass,Chikorita,6,43.3,54.6,67.7,177.3,2,3.9,274,46.5,2,1,3,1360,31,6,5,0,0,0,26,3,1,144.5,159.7,3,0,0,0,,98,21,8.4,34.38,80.51,45.0,Steel,Johto
492,Clair_2398,Ecruteak City,Fire,Cyndaquil,4,17.7,18.9,81.0,127.4,5,2.6,288,74.4,3,0,8,1151,34,5,2,1,0,1,26,7,2,184.3,199.2,5,0,0,0,,76,47,18.7,88.65,88.29,37.31,Ghost,Johto
493,Whitney_9217,Violet City,Grass,Chikorita,2,20.1,20.9,56.5,162.9,5,2.4,146,50.6,3,1,5,1134,12,3,2,0,1,0,12,4,1,138.2,144.9,2,0,0,0,,54,36,14.3,84.48,42.01,13.5,Flying,Johto
494,Green_5257,Olivine City,Fire,Cyndaquil,6,34.4,40.4,66.9,182.5,4,1.7,321,47.2,1,1,4,573,46,11,9,0,1,0,36,3,0,144.0,146.4,3,0,0,0,,36,43,17.1,33.17,58.9,57.64,Steel,Johto
495,Jessie_1183,Violet City,Fire,Cyndaquil,4,26.1,27.0,74.0,120.9,3,2.1,132,59.4,4,0,4,1779,15,5,0,0,0,1,20,4,0,174.5,196.8,3,0,0,0,,129,31,12.4,69.37,78.82,11.5,Flying,Johto
496,James_3313,Cianwood City,Fire,Cyndaquil,3,33.1,33.1,51.2,212.9,3,4.5,384,47.7,3,1,1,1814,34,10,4,0,0,0,34,2,2,172.2,175.4,3,0,0,0,,103,15,6.0,26.39,8.84,58.5,Fighting,Johto
497,Tracey_5577,Goldenrod City,Grass,Chikorita,3,31.1,40.0,76.6,95.0,2,3.0,154,69.0,3,0,8,1829,29,5,3,0,1,1,21,6,1,150.9,157.3,4,0,0,0,,79,26,10.4,68.93,79.34,18.84,Normal,Johto
498,Misty_4407,Ecruteak City,Water,Totodile,6,24.1,26.3,54.4,110.0,2,1.0,203,61.1,1,0,5,104,28,4,6,0,3,0,17,7,2,175.7,180.5,3,0,0,0,,65,27,10.8,93.54,8.83,43.67,Ghost,Johto
499,Agatha_5258,New Bark Town,Fire,Cyndaquil,3,38.6,39.8,80.2,213.1,2,3.6,553,83.8,2,1,7,1236,56,13,9,0,0,0,52,2,1,171.4,200.6,6,0,0,0,,126,74,29.5,53.21,81.96,98.52,None,Johto
500,James_1850,Cianwood City,Grass,Chikorita,2,27.5,49.9,70.3,154.3,2,1.3,407,97.4,2,0,3,965,42,21,7,0,0,0,35,7,1,195.7,200.7,7,0,0,0,,66,73,29.1,100.0,71.49,78.43,Fighting,Johto
501,Morty_4521,Cherrygrove City,Fire,Cyndaquil,6,25.9,31.5,70.7,213.4,6,1.8,386,63.8,1,1,5,645,41,8,8,0,0,0,42,7,2,155.7,188.1,5,0,0,0,,92,60,23.9,64.57,63.17,67.54,None,Johto
502,Bill_1438,Blackthorn City,Grass,Chikorita,4,29.5,58.2,82.8,120.6,2,1.2,140,51.6,3,0,1,979,20,4,5,0,1,1,19,5,0,132.7,144.5,3,0,0,0,,73,18,7.2,26.96,92.23,33.38,Dragon,Johto
503,James_1747,Mahogany Town,Water,Totodile,3,34.6,37.7,70.4,221.2,3,1.1,540,44.9,3,1,3,1273,49,14,11,0,2,0,59,7,4,157.6,159.3,3,0,0,0,,118,41,16.3,41.28,45.38,96.1,Ice,Johto
504,Chuck_9146,Ecruteak City,Grass,Chikorita,6,30.4,38.8,48.6,256.8,4,1.3,506,50.6,3,1,8,1557,66,11,7,1,1,0,49,11,1,168.4,196.3,4,0,0,0,,53,60,23.9,76.43,7.58,89.44,Ghost,Johto
505,Lorelei_1486,Olivine City,Water,Totodile,4,43.1,44.5,74.7,153.4,6,6.4,218,69.0,2,0,5,1084,29,4,14,0,3,1,29,3,1,135.5,142.5,6,0,0,0,,131,31,12.4,36.0,85.14,39.43,Steel,Johto
506,Gold_9583,Cianwood City,Fire,Cyndaquil,2,28.0,48.1,68.4,155.6,1,1.3,389,78.4,3,0,6,1180,44,11,8,0,2,1,40,5,2,165.6,177.7,5,0,0,0,,83,63,25.1,85.36,68.22,70.4,Fighting,Johto
507,Agatha_7273,Violet City,Fire,Cyndaquil,2,38.2,39.2,77.9,197.1,3,3.4,398,75.3,3,1,3,1491,43,12,5,0,1,0,34,5,0,137.3,161.3,6,0,0,0,,121,55,21.9,34.36,92.69,65.69,Flying,Johto
508,Giovanni_8046,Olivine City,Water,Totodile,4,32.3,43.4,75.4,164.8,4,3.0,467,74.0,2,0,5,974,55,19,10,0,1,1,37,3,2,170.5,182.0,5,0,0,0,,64,64,25.5,80.05,69.49,92.07,Steel,Johto
509,Clair_8486,Ecruteak City,Fire,Cyndaquil,4,36.1,37.3,43.3,196.1,4,1.4,325,48.1,4,1,2,1806,30,9,6,0,6,1,32,6,0,172.0,176.1,4,0,0,0,,106,45,17.9,87.1,22.57,71.01,Ghost,Johto
510,Crystal_6904,Violet City,Water,Totodile,4,30.0,41.2,67.8,230.0,1,3.7,325,56.1,2,1,2,1020,41,8,9,0,1,1,30,4,3,121.1,127.2,4,0,0,0,,122,48,19.1,24.22,67.54,62.14,Flying,Johto
511,Duplica_7494,Olivine City,Fire,Cyndaquil,2,27.8,33.5,73.9,135.2,3,1.9,218,63.1,3,0,3,813,24,9,8,1,3,0,26,5,3,191.5,213.4,4,0,0,0,,63,35,13.9,78.07,93.67,28.13,Steel,Johto
512,Misty_2376,Violet City,Grass,Chikorita,3,30.8,31.9,73.2,148.1,1,1.7,382,62.4,3,0,4,1352,43,7,8,0,1,1,42,6,0,138.9,160.6,4,0,0,0,,95,46,18.3,59.57,67.33,67.79,Flying,Johto
513,Todd_9474,Cherrygrove City,Water,Totodile,2,19.7,23.6,66.1,149.4,4,2.4,127,53.3,2,1,3,741,25,4,0,1,1,0,17,4,0,136.6,144.9,3,0,0,0,,70,11,4.4,31.59,78.7,11.2,None,Johto
514,Misty_6714,Ecruteak City,Water,Totodile,2,42.4,66.5,61.3,217.8,1,4.3,357,64.2,4,1,6,1755,45,7,13,0,3,0,33,6,3,151.6,152.1,4,0,0,0,,107,47,18.7,71.34,48.78,67.15,Ghost,Johto
515,Bugsy_8777,New Bark Town,Grass,Chikorita,5,29.2,34.5,70.8,217.8,2,3.0,224,64.9,3,1,1,1167,34,9,4,0,1,0,25,6,2,132.1,139.5,3,0,0,0,,42,30,12.0,42.7,85.36,29.09,None,Johto
516,Morty_5773,Blackthorn City,Water,Totodile,4,19.7,28.5,60.7,241.7,4,0.3,201,67.2,1,1,5,869,22,6,4,0,0,0,20,9,1,123.0,127.7,4,0,0,0,,54,38,15.1,96.67,91.78,32.02,Dragon,Johto
517,Gold_8226,Azalea Town,Water,Totodile,3,44.9,77.6,38.9,171.2,1,7.2,476,44.7,2,0,2,1133,43,6,10,0,5,0,43,3,6,126.6,157.9,3,0,0,0,,90,57,22.7,30.38,18.25,77.55,Bug,Johto
518,Richie_2228,Ecruteak City,Fire,Cyndaquil,1,24.1,30.4,75.7,130.0,1,1.3,123,64.4,2,0,5,1251,9,6,3,0,4,0,12,10,1,145.3,159.7,2,0,0,0,,44,50,19.9,68.26,85.75,6.48,Ghost,Johto
519,Joe_7346,Violet City,Fire,Cyndaquil,1,42.8,44.8,62.7,193.7,3,4.4,473,62.5,3,1,7,1792,48,9,10,0,2,0,48,4,2,158.3,164.2,4,0,0,0,,92,63,25.1,70.97,81.72,94.31,Flying,Johto
520,Koga_9298,Azalea Town,Water,Totodile,2,45.2,51.0,61.4,192.7,2,7.1,379,61.9,3,0,4,1435,44,9,11,0,1,0,37,6,2,192.9,221.7,6,0,0,0,,100,50,19.9,98.7,35.35,70.62,Bug,Johto
521,Gold_1274,Olivine City,Water,Totodile,6,54.3,55.5,44.4,243.1,5,13.2,168,69.8,2,1,5,793,16,6,4,0,1,0,18,4,2,159.0,161.1,5,0,0,0,,203,33,13.1,100.0,18.24,16.24,Steel,Johto
522,James_9574,New Bark Town,Fire,Cyndaquil,4,25.5,36.0,84.8,167.5,4,0.4,284,65.8,1,0,5,282,44,11,10,0,0,0,31,8,0,175.9,235.9,5,0,0,0,,28,39,15.5,69.43,86.29,66.4,None,Johto
523,Stella_8200,Goldenrod City,Water,Totodile,4,37.2,41.3,60.9,201.5,1,2.3,512,61.3,4,1,8,1669,45,9,7,1,1,1,42,10,2,192.2,217.0,4,0,0,0,,74,69,27.5,100.0,8.48,90.71,Normal,Johto
524,Crystal_8043,Goldenrod City,Grass,Chikorita,6,26.8,35.5,41.9,170.4,3,1.6,174,62.4,4,1,3,1713,28,6,4,0,2,0,22,3,6,170.3,173.2,3,0,0,0,,57,44,17.5,40.13,41.02,21.4,Normal,Johto
525,Dario_1165,Olivine City,Fire,Cyndaquil,2,25.5,27.7,76.3,212.2,4,1.7,446,66.7,2,1,3,1311,62,7,9,0,0,0,34,4,2,166.1,167.6,3,0,0,0,,76,53,21.1,74.13,65.37,92.12,Steel,Johto
526,Silver_5778,Azalea Town,Water,Totodile,1,39.0,48.6,76.5,117.3,4,5.7,277,74.9,2,0,5,999,25,3,5,0,2,0,27,5,0,158.5,165.6,6,0,0,0,,97,57,22.7,94.16,31.67,55.17,Bug,Johto
527,Tracey_1742,Goldenrod City,Water,Totodile,4,36.1,36.9,67.7,140.0,1,0.2,423,63.1,3,0,4,1696,60,9,4,0,1,0,45,6,2,152.8,163.7,4,0,0,0,,78,57,22.7,47.3,61.95,82.68,Normal,Johto
528,Pryce_4836,Ecruteak City,Grass,Chikorita,6,31.4,36.0,97.1,163.5,3,2.0,341,70.1,2,0,1,790,45,13,5,0,0,2,49,4,2,167.6,174.4,4,0,0,0,,84,49,19.5,26.31,97.77,75.47,Ghost,Johto
529,Gary_5476,Ecruteak City,Fire,Cyndaquil,6,58.2,58.3,59.8,256.0,4,11.8,423,75.7,2,1,8,1201,38,11,5,0,1,2,50,8,1,169.6,171.0,7,0,0,0,,140,60,23.9,100.0,48.48,58.61,Ghost,Johto
530,Janine_5605,Cherrygrove City,Fire,Cyndaquil,4,13.5,19.6,51.1,111.4,5,0.1,132,43.1,3,0,4,895,12,1,1,0,3,1,23,6,2,176.0,206.2,2,0,0,0,,57,32,12.7,79.8,14.69,10.51,None,Johto
531,Surge_4991,Olivine City,Fire,Cyndaquil,2,35.7,45.0,46.8,128.8,2,2.6,405,71.9,1,0,5,487,45,6,6,0,2,2,50,9,2,184.1,200.7,5,0,0,0,,82,82,32.7,93.31,44.58,70.55,Steel,Johto
532,Misty_1416,Ecruteak City,Fire,Cyndaquil,6,10.2,10.3,72.5,185.4,1,0.9,130,59.4,3,1,6,1463,20,1,3,1,1,0,19,5,1,165.6,176.6,2,0,0,0,,73,32,12.7,35.16,89.43,10.66,Ghost,Johto
533,Dario_6970,New Bark Town,Water,Totodile,6,23.7,31.7,64.6,156.7,2,1.1,376,50.2,2,0,0,432,43,5,8,1,0,0,37,5,1,146.4,156.2,2,0,0,0,,54,39,15.5,27.86,41.75,67.57,None,Johto
534,Giovanni_5457,Ecruteak City,Grass,Chikorita,5,22.3,44.9,63.6,178.5,4,0.9,268,72.2,1,0,6,651,38,8,12,0,1,0,25,9,2,164.7,165.7,4,0,0,0,,76,37,14.7,86.1,97.69,47.0,Ghost,Johto
535,Crystal_6418,Goldenrod City,Water,Totodile,3,21.9,27.6,66.8,275.8,3,0.1,437,42.0,1,1,4,519,41,13,8,0,1,1,41,8,1,143.7,147.1,1,0,0,0,,39,54,21.5,65.34,24.04,75.56,Normal,Johto
536,Todd_7650,Goldenrod City,Fire,Cyndaquil,5,39.4,56.5,50.4,208.2,2,4.0,176,33.5,3,1,4,912,24,1,3,1,3,1,31,7,1,180.8,197.5,2,0,0,0,,87,41,16.3,58.42,23.16,22.95,Normal,Johto
537,Casey_6781,New Bark Town,Grass,Chikorita,4,40.2,50.1,37.9,194.3,4,6.6,469,60.6,2,1,7,1522,48,9,10,1,2,1,55,6,2,192.4,197.4,6,0,0,0,,146,80,31.9,100.0,13.81,73.48,None,Johto
538,James_9812,New Bark Town,Grass,Chikorita,4,20.2,23.9,53.2,180.9,1,1.3,153,48.6,3,1,2,1588,18,4,2,1,0,0,14,3,1,122.9,128.4,2,0,0,0,,39,19,7.6,49.66,36.39,11.4,None,Johto
539,Blaine_8916,Azalea Town,Fire,Cyndaquil,6,30.4,38.2,59.1,227.4,1,0.0,382,52.8,3,1,4,1460,51,9,6,0,1,0,42,9,0,182.9,186.7,2,0,0,0,,75,41,16.3,81.42,55.13,81.34,Bug,Johto
540,Tracey_7451,Azalea Town,Grass,Chikorita,5,23.0,27.0,60.4,240.9,1,0.6,552,56.9,1,1,9,890,54,15,7,0,2,1,46,9,0,186.9,190.0,2,0,0,0,,70,70,27.9,75.67,72.6,92.34,Bug,Johto
541,Dario_7575,Cherrygrove City,Fire,Cyndaquil,5,44.0,49.3,79.7,123.2,1,5.0,339,71.8,2,0,1,1474,29,8,5,0,0,0,32,6,1,117.1,135.2,5,0,0,0,,125,38,15.1,33.06,93.98,42.32,None,Johto
542,Dario_9066,Ecruteak City,Water,Totodile,5,33.2,33.9,75.0,221.8,4,4.8,310,50.9,1,1,7,772,38,7,11,0,1,0,34,10,2,163.2,171.8,4,0,0,0,,108,47,18.7,61.81,87.65,53.36,Ghost,Johto
543,Whitney_9693,Ecruteak City,Water,Totodile,3,14.4,17.4,58.9,128.9,5,1.1,260,55.1,2,0,4,894,27,4,6,0,3,0,31,7,2,166.3,195.0,2,0,0,0,,87,35,13.9,99.49,36.26,44.54,Ghost,Johto
544,Janine_7671,Blackthorn City,Fire,Cyndaquil,4,32.7,37.7,70.3,125.2,3,3.7,262,79.0,2,0,6,703,17,6,7,1,2,0,23,6,0,110.8,112.6,6,0,0,0,,88,34,13.5,70.45,82.17,32.51,Dragon,Johto
545,Koga_9289,Olivine City,Fire,Cyndaquil,1,31.0,33.8,49.3,139.6,1,1.3,416,48.7,3,0,4,1482,46,8,2,0,0,1,37,8,2,129.5,136.2,2,0,0,0,,122,48,19.1,51.58,11.98,85.37,Steel,Johto
546,Lara_1601,Ecruteak City,Grass,Chikorita,2,27.4,33.2,45.7,163.4,1,0.4,377,58.7,1,0,4,504,51,14,3,0,0,1,46,9,1,180.5,190.2,2,0,0,0,,42,54,21.5,97.73,12.89,70.68,Ghost,Johto
547,Agatha_4089,Violet City,Grass,Chikorita,4,37.3,42.9,87.8,228.6,4,3.1,537,58.1,2,1,1,1468,61,10,8,0,2,1,41,5,1,129.9,139.0,4,0,0,0,,120,49,19.5,21.42,91.6,90.76,Flying,Johto
548,Chuck_3220,Goldenrod City,Grass,Chikorita,3,19.1,21.6,58.6,227.7,1,0.3,411,42.0,2,1,1,932,43,10,8,0,4,0,51,6,1,136.0,136.8,2,0,0,0,,52,49,19.5,20.71,23.94,64.83,Normal,Johto
549,Jessie_5321,Mahogany Town,Grass,Chikorita,6,22.7,37.7,51.7,73.8,2,0.4,81,55.1,3,0,2,1453,12,2,4,0,3,0,19,5,2,201.6,212.4,2,0,0,0,,71,20,8.0,76.23,24.35,16.99,Ice,Johto
550,Sabrina_2457,Ecruteak City,Grass,Chikorita,3,37.7,43.0,77.6,194.9,3,2.2,508,86.2,3,0,7,1436,57,9,8,0,1,0,47,5,1,173.2,179.8,6,0,0,0,,118,72,28.7,100.0,96.89,84.09,Ghost,Johto
551,Stella_9829,Cherrygrove City,Grass,Chikorita,3,28.3,28.4,50.9,189.0,1,4.2,276,28.7,3,1,5,1554,26,9,2,0,0,0,28,5,2,131.0,133.6,1,0,0,0,,93,43,17.1,48.05,29.98,37.21,None,Johto
552,Chuck_8419,Cherrygrove City,Fire,Cyndaquil,6,32.0,38.6,65.7,126.2,6,1.8,419,63.6,3,0,3,1395,49,7,5,0,0,2,47,9,4,156.3,178.8,6,0,0,0,,107,28,11.2,46.21,61.21,74.86,None,Johto
553,AJ_2271,Violet City,Water,Totodile,6,46.1,48.2,80.7,115.6,1,6.8,255,60.9,3,0,0,1215,32,9,3,0,2,0,24,6,0,166.3,185.2,5,0,0,0,,100,27,10.8,24.94,81.66,29.99,Flying,Johto
554,Koji_2553,Cherrygrove City,Grass,Chikorita,6,26.7,31.3,79.7,100.8,1,0.3,89,61.0,3,0,6,1246,20,4,6,0,0,1,17,3,2,155.7,174.7,3,0,0,0,,135,35,13.9,71.4,94.87,17.2,None,Johto
555,Koga_8315,Azalea Town,Grass,Chikorita,5,51.1,68.6,72.4,200.5,2,11.7,301,72.9,3,1,3,1193,22,3,5,0,1,0,28,4,4,143.3,157.7,5,0,0,0,,163,67,26.7,64.37,60.98,16.86,Bug,Johto
556,Green_2642,Olivine City,Water,Totodile,6,31.2,35.5,73.9,171.3,3,0.3,341,73.1,1,0,6,545,28,13,7,0,1,0,25,8,1,181.0,195.8,5,0,0,0,,71,51,20.3,96.15,78.84,64.15,Steel,Johto
557,Misty_5895,Goldenrod City,Water,Totodile,6,71.6,76.5,59.0,233.5,4,15.0,411,66.3,4,1,3,1719,38,11,11,1,4,0,39,10,0,162.4,172.4,8,1,1,1,426.0,166,57,22.7,43.5,32.96,62.45,Normal,Johto
558,Bruno_8780,Cherrygrove City,Fire,Cyndaquil,6,30.9,54.5,52.4,256.9,2,1.9,532,78.2,3,1,7,1633,55,12,8,0,5,0,48,9,0,177.6,178.8,6,0,0,0,,91,71,28.3,100.0,37.43,96.47,None,Johto
559,Silver_2968,Violet City,Grass,Chikorita,5,25.5,26.5,75.8,154.9,3,0.8,321,74.4,3,0,7,1067,46,8,5,1,3,0,40,5,1,141.0,148.0,6,0,0,0,,135,60,23.9,53.97,97.91,49.8,Flying,Johto
560,Jessie_6327,Cianwood City,Fire,Cyndaquil,5,29.2,34.3,70.0,240.9,3,2.6,408,65.4,3,1,3,1679,44,13,8,1,0,0,46,10,0,178.6,189.6,5,0,0,0,,75,36,14.3,43.04,81.23,65.7,Fighting,Johto
561,Bruno_2329,Blackthorn City,Fire,Cyndaquil,6,32.5,54.7,79.7,231.6,6,0.4,402,68.5,2,1,9,777,48,9,8,1,1,1,24,7,1,178.5,206.1,7,0,0,0,,65,66,26.3,99.44,89.93,72.96,Dragon,Johto
562,Duplica_5811,Ecruteak City,Fire,Cyndaquil,4,30.7,35.0,74.5,111.8,6,1.2,77,75.9,3,0,6,1106,8,5,4,0,4,4,12,10,4,183.8,184.9,6,0,0,0,,110,26,10.4,86.52,54.95,10.27,Ghost,Johto
563,Agatha_2888,Violet City,Fire,Cyndaquil,6,31.9,37.6,58.3,50.7,2,3.9,142,64.5,3,0,2,1513,6,2,6,0,3,1,20,6,2,145.6,146.8,5,0,0,0,,72,14,5.6,36.86,55.58,11.13,Flying,Johto
564,Clair_7285,Azalea Town,Fire,Cyndaquil,6,54.6,56.1,74.6,174.9,1,11.0,279,58.0,2,0,3,1009,25,5,7,0,1,1,28,1,2,141.9,148.7,5,0,0,0,,166,44,17.5,24.28,85.22,27.64,Bug,Johto
565,Lara_4176,Cianwood City,Grass,Chikorita,5,53.2,53.6,45.4,209.9,4,12.3,353,62.4,3,1,4,1163,28,14,9,0,2,0,42,6,5,170.1,184.5,5,0,0,0,,168,38,15.1,83.34,13.59,49.31,Fighting,Johto
566,Richie_1344,Goldenrod City,Grass,Chikorita,5,20.4,25.6,54.8,211.2,1,0.2,251,50.4,2,1,6,499,37,9,6,0,4,0,36,9,4,173.0,185.8,2,0,0,0,,25,50,19.9,78.27,20.73,38.77,Normal,Johto
567,Samurai_6192,Ecruteak City,Water,Totodile,5,22.1,28.1,46.2,178.7,6,1.0,137,62.8,1,1,6,171,8,5,0,0,2,0,21,8,0,151.2,166.7,4,0,0,0,,62,22,8.8,63.49,9.28,22.46,Ghost,Johto
568,Yellow_4478,Mahogany Town,Fire,Cyndaquil,6,20.9,21.6,62.4,235.2,3,0.3,143,51.8,2,1,7,648,27,3,7,1,1,0,17,3,1,148.7,159.7,3,0,0,0,,82,39,15.5,58.08,52.4,19.79,Ice,Johto
569,Bill_2270,Blackthorn City,Fire,Cyndaquil,6,65.5,68.7,61.3,210.4,2,13.0,395,69.3,2,1,3,1190,47,7,5,0,3,1,32,4,3,141.6,150.9,7,0,0,0,,123,31,12.4,28.57,73.87,47.53,Dragon,Johto
570,Gold_3091,Mahogany Town,Fire,Cyndaquil,2,24.6,34.6,74.9,92.9,2,1.3,145,59.8,3,0,2,1529,30,4,2,0,0,0,14,8,0,153.2,164.4,4,0,0,0,,62,27,10.8,45.8,82.79,32.8,Ice,Johto
571,Casey_7215,Azalea Town,Water,Totodile,1,25.7,26.0,57.5,164.7,2,0.8,317,47.0,3,0,3,1477,50,11,0,0,0,0,34,11,3,128.9,139.1,2,0,0,0,,114,41,16.3,36.74,45.76,51.97,Bug,Johto
572,Joe_5372,Blackthorn City,Fire,Cyndaquil,1,19.1,25.7,75.8,149.9,3,1.8,144,68.5,2,0,8,1145,30,4,5,0,1,0,24,8,3,127.9,140.3,4,0,0,0,,90,34,13.5,93.2,82.27,20.79,Dragon,Johto
573,Agatha_5549,Ecruteak City,Water,Totodile,6,31.2,34.6,64.4,224.8,2,2.4,374,72.5,2,1,6,561,31,8,6,0,1,1,31,7,0,161.6,173.6,4,0,0,0,,119,49,19.5,98.47,57.76,61.87,Ghost,Johto
574,Bugsy_7506,Goldenrod City,Grass,Chikorita,5,27.7,29.4,53.7,167.3,2,1.6,344,58.0,3,0,3,1061,42,7,2,0,1,2,38,4,2,158.3,169.6,2,0,0,0,,109,46,18.3,51.55,50.93,68.51,Normal,Johto
575,AJ_3797,Goldenrod City,Water,Totodile,6,33.4,43.4,52.1,117.9,5,1.5,291,55.9,3,0,6,1883,42,5,5,0,2,1,29,4,0,151.0,152.9,5,0,0,0,,86,44,17.5,76.29,31.68,52.0,Normal,Johto
576,Crystal_5255,Olivine City,Grass,Chikorita,5,17.2,19.5,87.7,111.6,2,0.2,158,58.6,3,0,0,1512,32,7,0,0,1,0,22,7,2,156.3,163.7,3,0,0,0,,92,24,9.6,56.04,99.87,23.85,Steel,Johto
577,Surge_7161,Goldenrod City,Grass,Chikorita,3,36.4,37.4,67.1,206.5,1,4.9,315,55.6,3,1,5,1204,33,13,9,0,0,1,38,3,2,160.3,197.6,3,0,0,0,,133,43,17.1,74.77,31.46,43.45,Normal,Johto
578,Koji_2485,Violet City,Fire,Cyndaquil,3,48.8,57.6,72.8,181.4,1,6.2,286,85.0,3,1,3,1554,24,5,8,0,1,1,28,9,1,177.3,189.6,6,0,0,0,,161,39,15.5,99.23,92.61,35.09,Flying,Johto
579,Koji_2077,Ecruteak City,Grass,Chikorita,3,39.5,55.7,88.7,137.6,4,3.7,456,69.1,2,0,6,1051,46,12,14,0,5,1,51,8,2,156.8,169.9,7,0,0,0,,123,68,27.1,26.68,86.66,84.49,Ghost,Johto
580,Tracey_6573,Violet City,Water,Totodile,4,31.2,33.1,51.4,219.7,4,1.6,471,40.8,4,0,3,1308,57,15,4,0,0,2,62,6,1,174.6,177.5,2,0,0,0,,101,47,18.7,38.2,9.93,95.18,Flying,Johto
581,Pryce_3612,Goldenrod City,Fire,Cyndaquil,6,28.2,34.4,81.2,186.2,6,0.1,242,64.6,4,0,9,1584,28,6,8,0,2,0,21,10,1,165.4,175.6,6,0,0,0,,67,55,21.9,76.5,91.63,48.44,Normal,Johto
582,Daisy_3498,Mahogany Town,Water,Totodile,3,19.0,20.0,65.8,161.7,4,1.1,194,31.3,2,1,4,564,25,4,6,0,1,1,19,6,1,139.9,143.8,1,0,0,0,,66,20,8.0,66.36,53.93,24.28,Ice,Johto
583,Duplica_1775,Violet City,Fire,Cyndaquil,5,37.5,57.8,58.6,178.0,2,3.1,338,38.3,1,0,4,646,38,9,9,0,0,0,34,9,3,162.9,196.2,2,0,0,0,,72,55,21.9,48.78,37.16,51.19,Flying,Johto
584,Ash_3892,Azalea Town,Fire,Cyndaquil,4,13.2,13.6,29.5,73.0,5,0.1,174,65.1,3,0,9,1151,31,6,4,0,1,3,31,4,1,159.9,192.8,3,0,0,0,,42,52,20.7,80.89,6.53,37.09,Bug,Johto
585,Blue_2926,Violet City,Water,Totodile,3,20.0,20.6,73.3,54.2,4,0.8,44,74.9,1,0,7,37,14,2,5,0,1,0,9,6,0,166.7,191.1,6,0,0,0,,39,40,15.9,100.0,78.52,15.66,Flying,Johto
586,Aya_3691,Ecruteak City,Grass,Chikorita,6,41.7,55.5,50.3,121.6,1,7.4,241,56.4,2,0,3,663,26,5,5,1,2,1,25,7,1,113.7,124.4,5,0,0,0,,143,38,15.1,51.14,0.26,32.47,Ghost,Johto
587,Gold_9598,Azalea Town,Fire,Cyndaquil,6,28.4,32.1,39.7,233.6,1,0.6,355,47.8,1,1,5,260,44,9,9,0,4,0,33,1,1,146.7,178.7,2,0,0,0,,43,50,19.9,75.32,15.13,58.94,Bug,Johto
588,Gold_8075,Cianwood City,Water,Totodile,1,31.6,32.3,77.4,170.5,5,1.0,359,84.2,3,0,5,749,35,9,5,0,1,0,33,4,2,148.0,151.6,6,0,0,0,,73,52,20.7,100.0,83.19,56.54,Fighting,Johto
589,Agatha_3604,Violet City,Water,Totodile,6,28.2,35.0,56.7,180.0,1,5.7,139,59.0,3,1,4,1269,18,3,0,0,0,0,24,6,2,149.7,172.1,2,0,0,0,,132,24,9.6,35.95,50.8,21.63,Flying,Johto
590,Gary_2816,Mahogany Town,Fire,Cyndaquil,3,40.0,40.9,53.3,148.6,5,3.7,427,63.4,3,0,4,1216,48,4,9,1,1,1,35,10,1,164.5,164.9,5,0,0,0,,113,62,24.7,100.0,35.04,71.66,Ice,Johto
591,Lance_3806,Olivine City,Water,Totodile,2,30.9,39.9,69.5,145.1,3,1.5,422,56.0,2,0,1,1151,55,11,6,0,1,0,47,7,2,164.0,166.1,3,0,0,0,,92,55,21.9,28.02,92.89,78.98,Steel,Johto
592,Dario_2839,Goldenrod City,Water,Totodile,6,33.3,55.0,45.2,181.3,1,3.9,321,48.0,3,0,2,1398,33,6,7,0,1,0,29,7,2,174.3,194.9,3,0,0,0,,105,45,17.9,29.45,32.95,59.15,Normal,Johto
593,Bruno_2517,Azalea Town,Water,Totodile,5,39.2,56.9,64.2,211.3,5,1.6,378,60.7,2,1,4,899,21,8,3,0,2,0,36,5,0,162.5,163.3,5,0,0,0,,57,50,19.9,59.95,66.33,60.93,Bug,Johto
594,Morty_2629,Azalea Town,Fire,Cyndaquil,2,19.4,23.0,63.7,223.1,6,1.6,387,65.6,3,1,5,1443,41,12,7,0,1,0,44,8,1,173.1,193.4,5,0,0,0,,91,54,21.5,76.61,52.25,63.35,Bug,Johto
595,Sabrina_2469,Olivine City,Water,Totodile,3,47.7,49.0,51.2,129.2,3,6.0,511,59.3,3,0,1,1039,49,6,9,1,3,1,47,6,1,167.9,199.2,6,0,0,0,,113,66,26.3,38.91,36.49,78.99,Steel,Johto
596,Brock_8600,New Bark Town,Grass,Chikorita,1,39.2,40.9,58.9,278.1,1,2.5,395,51.4,2,1,1,1196,36,14,4,1,3,1,24,3,0,173.0,189.0,4,0,0,0,,62,46,18.3,57.11,48.54,77.02,None,Johto
597,Jasmine_9906,Olivine City,Grass,Chikorita,6,40.6,43.1,50.7,142.0,3,4.4,312,60.1,2,0,4,580,32,5,8,0,1,0,30,5,2,165.9,176.7,3,0,0,0,,110,63,25.1,100.0,27.11,55.32,Steel,Johto
598,Brock_6517,Cianwood City,Fire,Cyndaquil,5,33.0,33.6,68.3,152.0,1,4.9,155,64.6,3,1,4,1426,24,4,5,1,1,0,14,7,3,131.1,133.7,4,0,0,0,,80,46,18.3,32.53,85.06,25.94,Fighting,Johto
599,Samurai_6551,Olivine City,Water,Totodile,3,40.3,54.5,82.6,142.4,2,5.2,144,72.7,2,1,3,1027,15,3,6,0,1,0,19,4,3,158.9,168.3,6,0,0,0,,78,33,13.1,74.05,89.31,20.81,Steel,Johto
600,Silver_3986,Goldenrod City,Fire,Cyndaquil,4,14.8,29.7,45.6,64.4,1,0.3,179,58.9,4,0,6,1084,17,6,5,1,3,0,16,8,2,180.8,202.0,3,0,0,0,,60,36,14.3,64.19,3.21,24.83,Normal,Johto
601,Richie_4227,Cherrygrove City,Fire,Cyndaquil,4,24.6,33.3,65.8,141.6,3,1.4,227,53.0,4,0,4,1466,23,6,10,1,1,1,28,11,0,164.3,183.5,4,0,0,0,,85,47,18.7,100.0,42.15,40.56,None,Johto
602,Chuck_4419,Azalea Town,Water,Totodile,2,28.8,33.0,66.2,209.0,3,1.4,340,66.2,3,1,6,1017,30,10,12,0,3,1,22,5,3,156.7,210.0,3,0,0,0,,76,60,23.9,69.25,85.39,60.93,Bug,Johto
603,Todd_9225,Violet City,Grass,Chikorita,1,30.0,43.7,35.6,229.4,6,2.5,453,36.2,3,1,6,1395,58,14,9,0,0,0,48,9,3,186.3,197.0,3,0,0,0,,113,74,29.5,100.0,5.89,87.34,Flying,Johto
604,Silver_8854,Cianwood City,Fire,Cyndaquil,5,33.2,34.4,58.9,231.8,3,1.8,369,54.9,1,1,3,501,47,4,5,0,0,1,38,4,0,179.1,179.2,4,0,0,0,,135,39,15.5,99.97,8.29,70.32,Fighting,Johto
605,Richie_4691,Violet City,Fire,Cyndaquil,4,44.6,48.8,76.2,269.1,4,7.6,369,82.9,4,1,6,2007,41,8,5,0,4,2,35,4,0,149.3,155.1,7,0,0,0,,155,73,29.1,77.81,82.87,34.74,Flying,Johto
606,Janine_5545,Olivine City,Fire,Cyndaquil,1,41.8,43.8,80.4,222.4,2,2.7,544,54.5,2,1,2,992,56,12,10,0,0,0,46,4,2,160.7,170.5,4,0,0,0,,95,62,24.7,30.52,85.31,98.72,Steel,Johto
607,James_9519,New Bark Town,Water,Totodile,1,41.4,45.6,51.6,245.2,1,5.1,462,63.2,2,1,7,954,49,12,14,0,3,0,58,7,3,141.9,227.7,4,0,0,0,,148,40,15.9,58.25,20.83,87.88,None,Johto
608,Whitney_2818,Olivine City,Fire,Cyndaquil,6,26.0,26.9,46.2,108.4,3,0.2,134,41.4,2,0,6,709,22,2,3,1,0,0,17,9,0,142.9,178.4,2,0,0,0,,48,44,17.5,67.82,6.45,13.53,Steel,Johto
609,Brock_9443,Cherrygrove City,Water,Totodile,2,50.9,57.9,67.5,123.3,1,11.8,244,79.6,5,0,4,1963,35,9,8,1,3,0,28,11,1,192.4,212.5,6,0,0,0,,143,40,15.9,100.0,99.66,25.88,None,Johto
610,Bruno_1479,Violet City,Fire,Cyndaquil,4,36.6,37.4,53.1,216.4,3,2.9,505,59.5,2,1,4,1312,43,11,11,0,5,0,37,10,3,179.4,192.6,2,0,0,0,,74,49,19.5,77.53,37.96,90.19,Flying,Johto
611,Bugsy_7203,Olivine City,Fire,Cyndaquil,4,64.0,73.7,80.0,274.7,2,14.0,534,80.5,2,1,1,1303,57,6,14,0,0,0,45,5,0,161.9,180.0,8,1,1,1,560.0,238,48,19.1,38.45,90.27,91.64,Steel,Johto
612,Casey_7490,Mahogany Town,Grass,Chikorita,6,35.9,40.8,84.8,144.7,6,4.2,157,83.2,2,1,2,473,24,1,1,0,2,0,20,6,2,141.8,164.7,6,0,0,0,,75,34,13.5,81.55,89.26,21.93,Ice,Johto
613,Clair_7303,Cianwood City,Grass,Chikorita,1,29.3,31.6,64.0,201.9,2,5.1,248,77.8,4,1,6,1639,26,6,7,1,2,0,29,4,4,167.3,184.6,7,0,0,0,,82,55,21.9,82.58,46.82,33.18,Fighting,Johto
614,Todd_3270,Cherrygrove City,Water,Totodile,3,29.1,31.0,60.7,203.8,1,1.1,360,48.2,2,1,5,663,54,14,14,0,2,0,44,6,3,144.5,150.9,2,0,0,0,,97,62,24.7,28.8,70.03,70.69,None,Johto
615,James_4833,New Bark Town,Water,Totodile,2,38.6,42.8,60.6,151.9,5,7.5,328,57.6,2,0,1,1074,53,13,4,0,2,1,49,3,1,116.4,117.3,4,0,0,0,,148,34,13.5,28.88,34.22,39.98,None,Johto
616,Todd_2682,Blackthorn City,Water,Totodile,4,31.8,36.2,45.1,197.5,1,3.7,200,57.9,2,1,3,1047,28,4,4,0,1,2,22,5,0,176.9,204.8,3,0,0,0,,78,34,13.5,51.56,3.73,33.43,Dragon,Johto
617,Giselle_8930,Ecruteak City,Fire,Cyndaquil,4,32.3,44.1,43.6,228.7,4,3.2,350,53.4,3,1,10,1438,45,15,8,0,1,2,30,4,2,138.2,138.9,4,0,0,0,,67,55,21.9,90.47,9.57,60.61,Ghost,Johto
618,Giovanni_1683,Mahogany Town,Water,Totodile,6,65.9,72.0,70.4,255.6,2,15.0,540,76.4,2,1,5,914,57,8,11,1,1,1,60,1,1,182.9,197.0,8,1,1,1,550.0,172,67,26.7,81.03,85.15,84.15,Ice,Johto
619,Bruno_4979,Goldenrod City,Fire,Cyndaquil,6,27.4,38.2,37.8,241.7,3,1.4,436,39.8,2,1,4,1186,49,17,9,1,1,1,52,4,0,179.3,181.7,3,0,0,0,,59,59,23.5,39.41,5.53,84.49,Normal,Johto
620,Duplica_5412,New Bark Town,Water,Totodile,2,19.0,31.3,52.7,135.3,1,1.0,191,49.8,3,0,5,1365,19,2,2,0,2,1,27,11,1,157.4,162.5,1,0,0,0,,127,55,21.9,59.44,46.63,23.65,None,Johto
621,Ash_9018,Ecruteak City,Water,Totodile,3,23.8,27.2,66.3,106.4,3,0.1,158,64.1,3,0,10,1071,15,6,0,0,4,0,22,11,2,147.7,173.5,5,0,0,0,,71,58,23.1,100.0,30.48,13.87,Ghost,Johto
622,Todd_2266,Blackthorn City,Fire,Cyndaquil,3,34.9,41.7,56.3,153.7,1,4.5,274,66.1,3,0,1,1075,36,6,9,0,1,1,32,5,1,130.8,147.7,4,0,0,0,,125,32,12.7,42.24,62.64,57.28,Dragon,Johto
623,Will_8601,Cherrygrove City,Water,Totodile,6,37.0,47.2,61.0,181.9,1,0.2,329,50.6,3,0,8,1359,40,11,11,0,2,0,33,5,0,173.0,173.4,3,0,0,0,,68,38,15.1,72.98,31.41,62.29,None,Johto
624,Bill_6754,Cianwood City,Grass,Chikorita,2,26.9,34.4,50.1,114.9,1,1.3,224,45.0,3,0,9,1620,28,4,6,1,3,0,24,6,0,152.0,154.9,3,0,0,0,,61,51,20.3,64.1,13.73,28.13,Fighting,Johto
625,Will_1736,Cianwood City,Grass,Chikorita,4,19.7,34.0,60.0,250.4,6,0.9,422,66.3,4,1,4,1925,51,14,9,1,3,0,45,7,0,152.7,161.4,6,0,0,0,,117,36,14.3,67.05,46.7,73.31,Fighting,Johto
626,Green_4829,Ecruteak City,Fire,Cyndaquil,6,27.9,32.9,87.5,131.1,2,1.8,184,68.0,2,0,5,1181,32,5,1,1,1,1,24,7,1,150.5,154.5,7,0,0,0,,74,53,21.1,42.75,88.72,26.11,Ghost,Johto
627,Clair_6671,Goldenrod City,Fire,Cyndaquil,3,27.4,31.5,48.2,177.5,1,1.0,119,38.8,3,1,4,1189,32,2,0,0,3,1,16,6,1,174.4,195.2,1,0,0,0,,42,34,13.5,81.51,16.03,30.13,Normal,Johto
628,Dario_2150,Cianwood City,Fire,Cyndaquil,3,52.0,70.2,57.8,200.3,3,8.0,373,35.5,4,1,3,1176,32,8,13,0,0,0,39,6,1,153.7,209.6,3,0,0,0,,172,44,17.5,30.85,15.25,64.99,Fighting,Johto
629,Misty_4656,Ecruteak City,Water,Totodile,3,33.0,40.0,78.1,143.9,2,0.3,278,70.8,3,0,3,1857,31,8,5,0,0,0,33,10,1,145.9,191.6,4,0,0,0,,76,17,6.8,38.71,77.54,57.98,Ghost,Johto
630,Brock_6696,Violet City,Grass,Chikorita,3,40.9,41.9,84.1,142.2,4,6.1,130,73.9,2,0,2,802,11,5,3,0,1,1,14,1,1,142.1,149.2,5,0,0,0,,114,30,12.0,49.0,92.89,9.47,Flying,Johto
631,Gold_2175,Cherrygrove City,Fire,Cyndaquil,5,32.0,45.0,44.5,230.3,1,0.6,492,35.3,4,1,6,1749,62,10,4,1,0,2,50,9,2,137.5,147.9,3,0,0,0,,102,51,20.3,56.24,5.6,92.42,None,Johto
632,Duplica_2232,Mahogany Town,Grass,Chikorita,6,49.2,50.0,42.7,210.1,1,5.7,503,53.1,1,0,3,898,54,10,12,0,1,0,45,5,3,147.5,157.1,4,0,0,0,,131,62,24.7,20.64,38.32,89.62,Ice,Johto
633,Agatha_9828,Violet City,Fire,Cyndaquil,4,27.1,29.4,55.2,156.5,2,2.3,347,62.0,3,0,8,1131,33,8,5,1,1,0,31,8,2,163.5,164.2,4,0,0,0,,114,52,20.7,100.0,26.7,51.62,Flying,Johto
634,Morty_7851,Cherrygrove City,Fire,Cyndaquil,6,46.4,47.1,60.7,191.4,4,3.9,435,61.5,2,0,7,1262,41,6,11,0,3,0,54,5,1,183.1,185.1,6,0,0,0,,147,51,20.3,100.0,28.46,82.23,None,Johto
635,Koga_7744,Cianwood City,Fire,Cyndaquil,5,30.9,34.1,47.9,192.4,4,2.6,228,52.8,4,1,7,1306,25,5,9,1,1,0,26,7,0,182.1,202.5,4,0,0,0,,71,24,9.6,90.88,33.01,32.52,Fighting,Johto
636,Janine_8240,Blackthorn City,Water,Totodile,2,52.7,58.4,40.3,278.0,1,9.8,555,35.7,3,1,2,1331,65,11,12,0,4,0,49,5,2,141.7,181.6,3,0,0,0,,195,37,14.7,30.55,12.1,96.75,Dragon,Johto
637,Duplica_8074,Ecruteak City,Fire,Cyndaquil,6,36.4,41.0,47.7,181.6,3,1.5,314,25.2,3,1,4,997,43,11,3,1,0,3,38,6,1,178.7,183.8,1,0,0,0,,79,42,16.7,54.45,3.27,68.85,Ghost,Johto
638,Silver_9782,Cherrygrove City,Water,Totodile,6,26.1,56.2,70.7,149.0,3,3.3,198,68.5,2,0,5,840,31,6,0,0,2,1,18,8,1,176.9,183.0,5,0,0,0,,75,26,10.4,100.0,81.72,26.54,None,Johto
639,Blaine_5893,Cianwood City,Fire,Cyndaquil,5,37.6,39.1,53.2,224.3,5,2.6,434,43.1,1,1,3,659,56,7,7,1,0,0,44,5,0,161.9,169.4,4,0,0,0,,64,52,20.7,53.54,24.53,78.82,Fighting,Johto
640,Pryce_9469,Mahogany Town,Fire,Cyndaquil,3,18.5,26.3,35.8,107.7,6,0.7,109,53.1,3,0,4,2016,19,5,1,1,2,0,9,10,2,127.7,171.1,4,0,0,0,,74,34,13.5,100.0,1.51,12.46,Ice,Johto
641,Samurai_5618,Azalea Town,Water,Totodile,6,33.5,35.3,86.4,218.4,5,1.4,301,81.6,2,1,8,1197,37,5,3,1,3,1,30,8,1,176.9,178.2,8,1,1,1,310.0,75,40,15.9,100.0,96.7,57.96,Bug,Johto
642,Bill_9280,Azalea Town,Grass,Chikorita,6,67.2,77.5,73.9,250.5,5,13.6,439,73.6,1,1,4,752,46,14,9,0,0,1,47,4,4,157.1,176.8,7,0,0,0,,180,65,25.9,47.78,63.8,59.02,Bug,Johto
643,Joe_7186,Cianwood City,Fire,Cyndaquil,5,20.6,26.7,40.5,160.6,4,0.8,261,37.7,2,0,7,926,23,13,10,1,2,1,26,6,1,174.6,185.0,3,0,0,0,,48,46,18.3,94.58,9.06,44.85,Fighting,Johto
644,Aya_3389,Olivine City,Fire,Cyndaquil,3,38.9,39.1,70.4,239.3,1,4.6,309,63.7,2,1,5,738,32,9,9,1,0,0,24,5,0,162.7,183.5,5,0,0,0,,161,51,20.3,27.24,74.15,46.61,Steel,Johto
645,Yellow_2035,Olivine City,Grass,Chikorita,6,67.4,69.7,55.4,212.0,1,15.0,456,87.0,3,1,1,1300,36,8,9,1,3,0,57,9,2,181.3,204.7,8,1,1,1,472.0,204,43,17.1,90.79,31.39,62.03,Steel,Johto
646,Koga_7192,Cherrygrove City,Grass,Chikorita,3,37.5,46.3,51.5,197.5,3,4.2,513,45.6,3,0,2,1824,49,13,8,0,1,0,45,2,2,173.1,191.7,2,0,0,0,,101,46,18.3,52.92,39.22,99.59,None,Johto
647,Bill_3929,Mahogany Town,Grass,Chikorita,3,31.0,31.8,53.1,205.8,6,0.6,340,68.5,1,1,6,537,46,7,3,0,3,0,43,7,1,159.8,174.8,6,0,0,0,,64,52,20.7,96.21,72.64,68.98,Ice,Johto
648,Stella_9593,Ecruteak City,Fire,Cyndaquil,6,30.2,43.6,73.8,138.1,2,2.5,285,75.5,4,0,5,1370,45,5,5,0,3,0,37,7,3,174.7,189.2,5,0,0,0,,100,38,15.1,72.78,89.84,49.88,Ghost,Johto
649,James_5266,Olivine City,Water,Totodile,6,53.9,60.2,49.9,187.6,1,10.8,314,78.4,2,1,6,1066,11,9,9,0,5,0,36,10,6,172.0,176.0,5,0,0,0,,144,49,19.5,79.55,13.65,35.8,Steel,Johto
650,Bill_3764,Cianwood City,Water,Totodile,4,39.9,42.2,68.4,233.2,5,5.8,273,74.4,1,1,2,273,38,5,4,0,2,0,25,2,0,187.8,191.3,6,0,0,0,,99,28,11.2,73.75,44.04,42.13,Fighting,Johto
651,Lara_3366,Cianwood City,Grass,Chikorita,2,19.6,22.5,45.5,117.3,4,3.7,80,50.8,4,0,1,1461,18,1,0,0,1,0,10,10,1,149.1,169.5,3,0,0,0,,40,12,4.8,56.91,12.08,16.3,Fighting,Johto
652,Agatha_3948,Ecruteak City,Water,Totodile,6,35.0,35.2,50.0,162.5,3,3.4,385,71.1,2,0,9,1202,47,9,7,0,4,0,27,6,2,184.8,255.0,5,0,0,0,,116,69,27.5,100.0,22.85,80.65,Ghost,Johto
653,Crystal_9386,Cherrygrove City,Grass,Chikorita,3,31.9,32.0,61.1,189.4,2,2.2,515,53.8,3,0,3,1521,57,12,16,0,2,0,45,8,0,187.9,215.8,4,0,0,0,,47,78,31.1,43.95,42.38,98.88,None,Johto
654,Joe_1041,Mahogany Town,Grass,Chikorita,2,29.1,30.0,65.4,148.1,1,1.2,438,66.6,3,0,3,1048,56,14,13,0,3,2,35,6,1,168.4,171.6,3,0,0,0,,98,50,19.9,73.92,68.03,86.86,Ice,Johto
655,Silver_7609,New Bark Town,Water,Totodile,6,37.9,42.9,61.1,109.6,1,4.4,157,36.9,2,0,2,859,16,7,2,0,1,0,22,5,0,125.3,141.8,2,0,0,0,,49,21,8.4,27.84,23.07,30.88,None,Johto
656,Richie_6031,New Bark Town,Fire,Cyndaquil,6,45.9,46.1,80.7,142.5,6,4.5,325,66.5,2,0,3,1066,44,7,11,0,4,1,30,10,0,160.5,164.4,7,0,0,0,,77,33,13.1,46.02,87.01,38.68,None,Johto
657,Aya_4512,Cianwood City,Grass,Chikorita,5,28.5,31.2,67.0,115.1,2,2.8,336,74.8,3,0,5,1507,43,2,5,0,1,0,28,13,2,192.3,198.1,5,0,0,0,,97,55,21.9,97.06,66.13,69.6,Fighting,Johto
658,Gold_7121,Goldenrod City,Fire,Cyndaquil,3,35.7,36.0,70.3,129.5,2,5.5,331,66.7,3,0,3,1807,35,11,11,0,1,1,35,9,3,169.6,171.8,4,0,0,0,,143,41,16.3,73.5,64.41,45.13,Normal,Johto
659,Sabrina_7807,Blackthorn City,Water,Totodile,4,39.1,58.9,63.5,152.8,5,4.8,243,50.3,3,0,10,1154,37,6,2,0,1,2,23,6,2,197.6,198.2,3,0,0,0,,153,53,21.1,76.06,5.75,45.61,Dragon,Johto
660,Falkner_4249,Olivine City,Fire,Cyndaquil,2,14.8,16.4,50.3,43.5,6,0.4,11,63.0,2,0,8,1033,2,2,0,0,0,0,11,7,0,152.6,183.7,4,0,0,0,,24,28,11.2,91.18,17.82,9.72,Steel,Johto
661,Misty_6274,Violet City,Water,Totodile,3,48.9,63.9,73.1,223.3,1,8.2,444,63.1,2,1,1,983,58,13,13,1,1,1,30,6,5,158.6,158.8,5,0,0,0,,109,71,28.3,22.85,91.07,83.62,Flying,Johto
662,Green_1290,Azalea Town,Fire,Cyndaquil,6,26.9,32.7,86.3,100.0,1,1.8,143,68.5,4,0,5,1658,28,5,3,0,0,1,13,4,2,145.3,181.0,3,0,0,0,,90,31,12.4,31.4,93.13,23.29,Bug,Johto
663,Gold_6048,New Bark Town,Grass,Chikorita,5,26.2,43.1,79.8,162.3,1,2.2,228,74.2,2,1,3,576,32,9,3,0,2,2,26,5,0,166.4,170.3,5,0,0,0,,57,32,12.7,52.25,98.0,43.23,None,Johto
664,Gold_3507,Goldenrod City,Water,Totodile,4,26.7,27.4,46.3,128.5,2,1.7,50,44.5,3,1,6,1198,15,3,0,0,1,0,13,7,2,128.3,154.1,2,0,0,0,,52,39,15.5,48.03,20.99,6.19,Normal,Johto
665,Erika_5802,Azalea Town,Water,Totodile,1,45.3,48.3,59.9,272.8,2,7.6,577,50.4,1,1,2,1050,42,14,8,1,1,0,59,8,2,185.7,200.4,5,0,0,0,,146,70,27.9,72.63,3.0,99.3,Bug,Johto
666,Green_9222,Cherrygrove City,Water,Totodile,1,19.5,20.2,72.0,210.5,1,0.6,358,65.4,3,1,6,1377,34,4,8,0,3,0,47,3,1,158.5,158.6,2,0,0,0,,79,68,27.1,82.76,83.34,67.29,None,Johto
667,Clair_4359,Ecruteak City,Fire,Cyndaquil,4,24.3,25.8,53.7,197.1,3,0.9,539,55.7,3,0,5,1347,52,13,13,0,3,2,44,3,0,141.2,156.5,3,0,0,0,,46,51,20.3,29.25,46.97,91.91,Ghost,Johto
668,Morty_6694,Cianwood City,Fire,Cyndaquil,5,39.1,51.8,72.7,153.5,3,3.0,419,59.4,3,0,4,1465,42,12,7,0,2,3,31,3,2,174.5,186.3,4,0,0,0,,75,67,26.7,60.75,69.96,85.5,Fighting,Johto
669,Clair_4321,New Bark Town,Fire,Cyndaquil,4,29.9,30.0,63.6,161.0,2,1.7,216,64.2,1,1,6,547,22,4,10,1,3,0,24,6,1,173.0,175.4,5,0,0,0,,74,32,12.7,64.05,49.54,29.68,None,Johto
670,Jasmine_3844,Violet City,Fire,Cyndaquil,2,43.8,44.7,72.0,267.2,1,6.0,535,86.1,2,1,9,832,52,15,8,1,1,1,45,6,1,168.0,178.6,7,0,0,0,,148,81,32.3,98.23,72.23,99.92,Flying,Johto
671,Giselle_3166,Violet City,Fire,Cyndaquil,3,37.1,51.8,77.6,245.7,2,4.0,475,62.3,3,1,4,1352,41,7,16,0,2,0,48,10,1,157.3,222.8,4,0,0,0,,84,48,19.1,44.94,74.02,84.31,Flying,Johto
672,James_3879,New Bark Town,Grass,Chikorita,6,35.7,40.3,58.5,162.2,2,4.9,245,45.3,3,0,5,1497,18,8,5,0,1,1,22,10,0,126.1,157.6,3,0,0,0,,104,42,16.7,44.56,55.42,29.17,None,Johto
673,Giovanni_5419,Mahogany Town,Water,Totodile,4,41.3,42.7,45.4,173.9,2,1.9,454,48.9,4,1,2,1940,50,11,6,1,3,1,32,6,2,158.5,182.0,4,0,0,0,,69,50,19.9,83.99,9.53,89.13,Ice,Johto
674,Clair_8086,Violet City,Water,Totodile,6,29.7,30.9,64.9,141.0,4,2.4,171,57.1,2,0,1,948,15,5,5,1,1,1,26,4,1,170.6,190.2,5,0,0,0,,85,18,7.2,63.7,67.84,24.47,Flying,Johto
675,Gary_8069,Blackthorn City,Fire,Cyndaquil,6,34.7,41.4,40.3,182.4,2,3.2,450,43.4,3,0,5,1371,62,12,11,0,4,0,38,3,1,176.1,200.2,4,0,0,0,,66,51,20.3,50.77,37.82,80.86,Dragon,Johto
676,AJ_8679,Cianwood City,Fire,Cyndaquil,2,47.0,49.1,68.8,212.5,4,8.1,466,64.4,2,1,6,557,47,16,11,0,2,0,37,4,2,197.1,241.5,5,0,0,0,,166,67,26.7,62.9,48.63,81.68,Fighting,Johto
677,Gold_9957,Olivine City,Grass,Chikorita,4,37.8,51.5,75.2,184.9,1,4.4,235,65.8,2,1,6,1214,28,8,5,1,1,0,24,7,1,164.2,166.7,5,0,0,0,,107,33,13.1,86.3,96.56,38.44,Steel,Johto
678,Will_9357,Azalea Town,Water,Totodile,6,42.3,47.1,80.2,234.1,3,5.5,441,65.4,2,1,3,949,40,4,8,1,2,1,47,8,3,145.5,148.8,7,0,0,0,,90,47,18.7,38.13,98.83,79.53,Bug,Johto
679,Gary_8516,Violet City,Fire,Cyndaquil,4,24.2,75.7,75.2,169.4,1,0.5,275,70.7,4,1,6,2014,45,6,6,0,3,0,35,7,1,127.2,138.1,4,0,0,0,,122,35,13.9,92.47,95.3,55.07,Flying,Johto
680,Morty_5968,Goldenrod City,Water,Totodile,6,31.8,34.6,83.5,175.1,2,1.0,506,69.4,3,0,4,1422,60,15,9,0,1,0,65,8,1,172.6,175.0,4,0,0,0,,90,62,24.7,78.81,96.2,98.0,Normal,Johto
681,Tracey_4617,Violet City,Water,Totodile,2,28.0,29.1,58.7,166.0,1,1.9,353,50.8,3,0,0,1657,51,12,9,1,2,0,44,3,4,127.8,133.3,2,0,0,0,,67,20,8.0,22.88,14.77,63.06,Flying,Johto
682,Jessie_3718,New Bark Town,Water,Totodile,6,22.2,24.8,41.5,207.7,2,0.9,364,34.0,1,1,3,655,32,11,10,0,3,0,41,12,2,186.9,191.1,0,0,0,0,,86,52,20.7,65.34,2.08,65.73,None,Johto
683,Giovanni_1125,Blackthorn City,Water,Totodile,6,46.0,54.6,32.3,240.1,1,7.6,462,58.3,2,1,4,1088,52,11,12,0,0,0,42,9,0,159.9,162.3,3,0,0,0,,109,53,21.1,98.63,21.16,71.6,Dragon,Johto
684,Gary_5558,Cianwood City,Water,Totodile,6,32.7,37.8,52.1,164.3,3,3.5,389,51.9,2,0,13,930,53,4,5,0,0,0,55,8,1,164.1,183.4,3,0,0,0,,131,81,32.3,95.1,21.24,61.34,Fighting,Johto
685,Janine_6541,Cherrygrove City,Grass,Chikorita,1,26.2,27.9,67.7,148.1,2,0.8,221,69.8,3,0,6,1690,34,9,7,0,1,0,17,8,1,134.0,136.3,3,0,0,0,,82,47,18.7,88.52,63.5,32.67,None,Johto
686,Ash_7715,Mahogany Town,Water,Totodile,6,29.3,31.6,91.2,178.3,3,1.8,373,79.7,2,0,5,942,48,11,9,0,2,1,28,6,2,144.1,146.9,4,0,0,0,,79,51,20.3,100.0,88.39,66.48,Ice,Johto
687,Bugsy_3348,Ecruteak City,Fire,Cyndaquil,4,35.8,42.8,56.8,196.6,1,2.1,510,43.1,5,1,3,1951,50,13,7,1,3,0,38,5,0,177.4,184.1,3,0,0,0,,83,50,19.9,25.48,41.78,89.57,Ghost,Johto
688,Duplica_1639,Azalea Town,Water,Totodile,3,36.0,42.3,59.1,134.7,1,9.5,213,60.4,2,0,1,1244,30,3,10,0,1,1,23,1,3,125.5,142.3,4,0,0,0,,123,39,15.5,36.52,23.51,20.04,Bug,Johto
689,Blaine_4281,Azalea Town,Water,Totodile,3,27.7,29.0,78.4,209.5,3,1.8,423,61.3,4,1,4,1676,58,11,10,1,0,0,41,6,0,132.7,146.0,5,0,0,0,,84,51,20.3,76.77,83.85,76.2,Bug,Johto
690,Aya_8114,Azalea Town,Fire,Cyndaquil,4,37.9,38.9,68.6,104.5,1,6.5,158,64.6,2,0,8,995,30,6,4,0,1,0,19,6,1,123.2,132.4,4,0,0,0,,106,31,12.4,89.12,52.17,12.79,Bug,Johto
691,Lorelei_1078,Cianwood City,Grass,Chikorita,6,26.6,32.8,47.5,74.6,1,1.6,60,64.9,2,0,6,1074,17,3,3,1,0,0,16,9,1,161.7,194.0,4,0,0,0,,78,28,11.2,98.6,37.25,5.79,Fighting,Johto
692,Dario_5779,Mahogany Town,Water,Totodile,5,38.2,55.7,38.8,141.9,1,2.2,273,54.7,2,0,4,515,34,9,6,0,1,0,29,8,1,168.1,172.9,4,0,0,0,,65,45,17.9,99.8,18.08,52.46,Ice,Johto
693,Crystal_1645,Goldenrod City,Water,Totodile,4,30.7,36.8,55.3,197.1,1,2.1,526,39.0,3,0,3,1562,50,12,15,1,1,0,35,14,2,168.5,174.8,1,0,0,0,,36,52,20.7,57.42,25.5,96.71,Normal,Johto
694,Jasmine_9614,Ecruteak City,Water,Totodile,2,28.5,28.6,50.7,114.6,3,2.4,227,46.1,4,0,0,1472,17,8,10,0,5,1,18,8,2,161.7,172.0,4,0,0,0,,56,31,12.4,46.43,33.38,33.11,Ghost,Johto
695,Blue_2787,Cherrygrove City,Fire,Cyndaquil,4,43.9,46.4,60.1,227.4,3,4.6,377,44.5,3,1,2,1235,43,17,9,0,3,2,33,1,2,165.1,177.2,3,0,0,0,,106,40,15.9,37.53,25.96,74.99,None,Johto
696,Sabrina_6800,Olivine City,Fire,Cyndaquil,4,23.7,28.3,79.5,212.4,6,2.2,205,72.5,2,1,3,609,18,7,1,0,1,0,24,4,3,140.4,147.1,6,0,0,0,,105,29,11.6,92.98,73.56,23.63,Steel,Johto
697,Casey_7147,New Bark Town,Water,Totodile,6,54.5,66.9,31.6,165.3,5,11.7,471,46.7,3,0,4,1391,49,11,4,1,2,1,37,9,1,140.2,190.6,5,0,0,0,,125,65,25.9,75.31,6.24,59.63,None,Johto
698,Duplica_7495,Ecruteak City,Water,Totodile,4,25.8,45.2,66.4,185.1,4,1.5,370,60.3,2,1,4,1251,44,8,8,0,1,2,33,7,1,162.2,193.8,6,0,0,0,,81,45,17.9,60.85,35.68,73.01,Ghost,Johto
699,Misty_4230,Violet City,Fire,Cyndaquil,6,47.9,52.3,60.5,247.6,4,8.7,265,77.5,2,1,1,989,33,7,5,0,1,0,31,4,1,127.6,143.7,6,0,0,0,,114,38,15.1,36.08,62.95,29.42,Flying,Johto
700,AJ_6394,Mahogany Town,Grass,Chikorita,1,27.3,27.4,67.4,173.6,2,0.7,206,74.9,4,1,8,1793,20,4,0,1,3,1,30,6,0,149.7,216.3,6,0,0,0,,59,60,23.9,79.96,51.32,44.13,Ice,Johto
701,Daisy_9215,Blackthorn City,Fire,Cyndaquil,2,32.0,32.4,56.8,114.9,6,3.3,361,69.5,1,0,4,804,35,2,0,0,1,0,26,7,3,165.0,166.5,7,0,0,0,,126,43,17.1,100.0,47.12,70.42,Dragon,Johto
702,Duplica_4784,Mahogany Town,Fire,Cyndaquil,5,28.5,32.1,72.9,151.5,3,0.4,336,39.6,1,0,0,1021,40,8,5,1,0,2,31,3,1,149.0,155.7,4,0,0,0,,86,30,12.0,22.62,38.57,66.41,Ice,Johto
703,Falkner_2382,Goldenrod City,Water,Totodile,2,28.9,34.2,65.2,172.3,3,0.6,386,67.9,2,0,4,1388,45,7,6,0,2,0,36,4,0,188.6,203.9,4,0,0,0,,49,53,21.1,78.33,65.0,71.9,Normal,Johto
704,Green_8210,Cianwood City,Water,Totodile,1,34.6,42.9,75.6,143.9,3,4.6,330,79.1,2,0,11,1025,26,8,5,0,1,1,38,7,0,173.5,197.0,7,0,0,0,,83,62,24.7,100.0,85.3,48.15,Fighting,Johto
705,Ash_2626,Olivine City,Fire,Cyndaquil,4,46.1,54.5,44.3,183.0,5,8.7,264,65.8,3,1,8,1285,24,3,3,1,0,0,28,10,0,190.2,201.2,6,0,0,0,,134,45,17.9,88.01,28.69,32.05,Steel,Johto
706,Yellow_6238,Cianwood City,Water,Totodile,3,20.9,24.5,76.8,235.7,2,1.0,298,81.4,4,1,4,1112,26,4,1,0,2,0,45,5,2,170.2,217.5,5,0,0,0,,86,56,22.3,76.17,68.4,48.84,Fighting,Johto
707,Jasmine_6577,Cianwood City,Water,Totodile,4,37.4,40.9,73.2,106.5,3,4.0,264,57.5,2,0,1,1189,35,5,6,0,2,0,26,7,1,152.1,171.1,4,0,0,0,,94,22,8.8,53.11,75.28,33.99,Fighting,Johto
708,Casey_7476,Ecruteak City,Fire,Cyndaquil,3,22.3,27.3,82.8,140.1,2,1.1,111,48.2,3,0,0,1338,9,8,2,0,2,0,18,4,1,156.1,160.9,3,0,0,0,,87,4,1.6,20.23,93.44,13.89,Ghost,Johto
709,Erika_1198,Violet City,Fire,Cyndaquil,5,25.2,34.6,32.5,218.1,1,1.4,314,40.7,3,1,0,1356,33,7,3,0,2,1,31,11,1,151.3,155.9,1,0,0,0,,83,34,13.5,21.52,2.8,61.3,Flying,Johto
710,Will_8382,Mahogany Town,Grass,Chikorita,2,50.5,52.8,72.8,253.4,2,8.1,314,88.7,2,1,4,575,37,6,9,0,1,0,36,12,0,171.0,194.3,7,0,0,0,,132,33,13.1,100.0,72.94,35.94,Ice,Johto
711,Brock_2191,Ecruteak City,Water,Totodile,2,59.2,85.4,37.4,284.3,3,12.4,537,53.3,1,1,7,854,56,13,10,1,1,1,41,7,5,166.0,169.1,5,0,0,0,,184,79,31.5,68.68,3.53,83.23,Ghost,Johto
712,Bruno_9871,Azalea Town,Fire,Cyndaquil,4,24.8,27.5,71.7,151.1,2,1.2,153,60.5,2,0,10,709,13,2,5,0,1,0,18,12,1,128.3,152.7,4,0,0,0,,26,56,22.3,94.96,79.89,15.73,Bug,Johto
713,Crystal_9251,Cianwood City,Water,Totodile,2,17.6,24.1,38.1,187.4,2,0.5,166,29.9,2,1,4,669,25,7,0,0,0,1,26,6,2,150.2,167.0,2,0,0,0,,47,28,11.2,64.6,7.04,27.28,Fighting,Johto
714,Yellow_7272,Azalea Town,Fire,Cyndaquil,2,22.2,25.7,41.1,145.9,1,1.0,112,52.5,2,0,5,366,9,2,2,0,0,1,16,7,0,147.4,155.7,2,0,0,0,,100,49,19.5,55.4,6.1,23.86,Bug,Johto
715,Yellow_8967,Mahogany Town,Water,Totodile,3,27.8,32.8,59.0,223.4,2,0.5,382,73.8,1,1,1,541,47,8,8,0,2,3,28,3,0,188.4,191.0,5,0,0,0,,77,47,18.7,96.85,51.67,65.16,Ice,Johto
716,Tracey_3711,Cianwood City,Grass,Chikorita,4,27.6,64.0,43.5,264.8,2,1.3,557,42.7,2,1,1,1213,46,14,11,0,1,0,52,6,1,160.1,160.8,2,0,0,0,,40,43,17.1,33.09,25.15,97.03,Fighting,Johto
717,Erika_5148,Cherrygrove City,Water,Totodile,6,49.1,50.2,85.3,199.7,1,12.6,276,86.0,2,1,3,485,15,9,10,1,1,1,27,3,2,136.2,145.8,7,0,0,0,,202,31,12.4,36.28,94.75,26.23,None,Johto
718,Brock_7922,Blackthorn City,Grass,Chikorita,2,26.4,28.6,86.5,192.9,5,1.5,291,70.0,2,1,4,1042,21,9,9,0,0,0,28,2,2,160.8,178.2,5,0,0,0,,30,53,21.1,50.05,89.47,37.44,Dragon,Johto
719,Dario_8705,Goldenrod City,Fire,Cyndaquil,5,27.4,28.9,78.8,166.6,1,0.7,336,47.1,1,0,2,180,46,4,9,0,4,0,35,5,0,142.5,183.0,2,0,0,0,,74,57,22.7,63.3,58.95,76.18,Normal,Johto
720,Red_6959,Azalea Town,Fire,Cyndaquil,6,39.5,53.5,72.3,212.7,4,7.5,286,53.6,1,1,5,631,21,6,6,0,2,2,29,7,2,152.3,160.2,3,0,0,0,,190,36,14.3,38.12,82.67,33.04,Bug,Johto
721,Lance_9026,Violet City,Grass,Chikorita,6,33.1,33.2,53.5,145.9,4,1.5,149,49.6,3,0,3,1443,20,3,2,1,1,0,21,9,2,166.7,237.3,4,0,0,0,,71,12,4.8,74.87,26.72,17.32,Flying,Johto
722,Daisy_7033,Mahogany Town,Fire,Cyndaquil,4,18.3,23.0,75.0,102.7,1,1.0,112,60.5,3,0,5,1106,21,5,0,0,0,0,17,1,4,140.3,144.9,3,0,0,0,,38,31,12.4,58.51,83.97,14.07,Ice,Johto
723,Erika_7895,Olivine City,Grass,Chikorita,6,32.0,35.3,74.3,150.1,1,2.5,155,67.0,3,1,5,1467,10,4,5,0,1,1,11,7,2,151.0,202.3,3,0,0,0,,70,37,14.7,100.0,62.78,17.09,Steel,Johto
724,James_5959,Goldenrod City,Fire,Cyndaquil,3,28.5,43.5,53.4,254.0,4,1.0,526,60.8,2,1,13,1098,47,11,13,1,1,0,44,9,3,188.3,191.4,6,0,0,0,,59,66,26.3,97.48,48.42,98.64,Normal,Johto
725,Gold_4796,Blackthorn City,Water,Totodile,6,73.7,84.8,57.6,261.2,1,15.0,521,83.9,4,1,3,1932,48,10,11,1,1,2,52,8,4,164.8,188.4,7,0,0,0,,190,56,22.3,67.5,34.9,79.29,Dragon,Johto
726,Red_2147,Cianwood City,Fire,Cyndaquil,4,15.2,25.5,83.8,189.9,3,0.1,260,78.5,3,1,4,1778,20,13,0,0,1,1,31,6,0,163.0,172.2,5,0,0,0,,100,36,14.3,55.99,94.39,37.74,Fighting,Johto
727,Bugsy_9088,Goldenrod City,Water,Totodile,1,24.1,36.2,49.2,128.7,2,0.9,353,21.9,3,0,1,1012,46,8,10,0,1,0,39,3,2,169.1,178.0,1,0,0,0,,87,32,12.7,22.41,1.19,87.06,Normal,Johto
728,Giovanni_8827,Ecruteak City,Fire,Cyndaquil,6,31.8,38.0,67.0,182.8,1,3.4,319,72.7,3,0,3,1451,25,5,5,0,0,0,34,9,3,169.3,182.4,4,0,0,0,,121,45,17.9,68.07,52.87,43.05,Ghost,Johto
729,Todd_5139,Azalea Town,Fire,Cyndaquil,3,26.1,33.5,44.7,157.4,2,0.9,422,36.3,2,0,4,842,39,7,6,1,2,0,50,11,4,145.8,158.1,2,0,0,0,,27,36,14.3,77.03,3.8,69.79,Bug,Johto
730,Agatha_4661,Azalea Town,Water,Totodile,6,35.2,39.3,49.3,133.8,6,4.5,121,31.6,2,0,4,984,17,3,4,0,0,0,17,4,1,161.9,167.8,3,0,0,0,,98,31,12.4,43.8,1.54,10.26,Bug,Johto
731,Stella_1847,Olivine City,Water,Totodile,3,42.1,46.3,80.7,244.6,3,3.0,398,74.1,1,1,8,694,45,11,14,0,2,0,52,9,5,187.2,187.3,6,0,0,0,,59,45,17.9,75.87,84.03,75.08,Steel,Johto
732,Gary_6720,Ecruteak City,Fire,Cyndaquil,4,41.6,42.5,56.4,225.0,6,5.1,309,67.2,2,1,6,856,28,8,8,0,2,0,36,8,1,193.4,199.9,5,0,0,0,,89,47,18.7,100.0,51.02,42.66,Ghost,Johto
733,Duplica_9789,Cianwood City,Fire,Cyndaquil,1,20.2,36.1,66.3,160.9,3,0.2,133,75.9,3,1,2,1262,23,5,6,0,2,1,21,13,1,146.3,147.6,4,0,0,0,,81,27,10.8,91.71,69.87,18.75,Fighting,Johto
734,Joe_2923,New Bark Town,Grass,Chikorita,6,49.2,51.5,56.4,139.5,5,8.3,495,52.8,2,0,2,1120,61,13,14,1,1,0,50,8,3,179.1,181.9,6,0,0,0,,138,67,26.7,55.94,8.62,89.49,None,Johto
735,Brock_9160,Ecruteak City,Fire,Cyndaquil,6,21.8,24.2,49.7,128.3,6,1.3,446,63.1,3,0,5,878,38,11,9,0,0,1,41,6,2,172.5,203.4,5,0,0,0,,117,51,20.3,97.07,18.02,79.73,Ghost,Johto
736,Clair_2521,New Bark Town,Water,Totodile,4,30.9,33.0,52.8,105.1,2,0.3,94,49.4,1,0,1,157,3,3,4,0,1,1,14,4,1,142.5,151.3,2,0,0,0,,53,23,9.2,46.06,35.11,29.69,None,Johto
737,Giovanni_4673,Goldenrod City,Fire,Cyndaquil,4,44.6,45.1,58.9,246.8,5,6.7,387,68.1,3,1,6,1562,37,9,6,0,2,0,47,11,1,185.0,201.1,6,0,0,0,,149,39,15.5,91.52,53.24,65.07,Normal,Johto
738,Karen_6608,Violet City,Grass,Chikorita,6,29.6,34.2,55.4,160.7,6,0.1,287,63.8,2,0,9,1033,36,8,9,0,1,0,32,10,1,170.1,198.0,5,0,0,0,,93,49,19.5,97.14,25.15,57.3,Flying,Johto
739,Tracey_5788,Goldenrod City,Fire,Cyndaquil,2,27.0,29.2,67.8,74.8,3,0.1,151,70.7,3,0,4,1175,10,6,10,0,2,0,12,8,1,151.5,154.8,3,0,0,0,,81,44,17.5,93.57,76.62,22.82,Normal,Johto
740,Green_4584,Blackthorn City,Grass,Chikorita,2,34.1,35.3,85.3,127.5,2,2.8,218,57.6,2,0,4,1134,34,5,5,0,2,0,24,8,3,160.0,167.2,4,0,0,0,,113,31,12.4,46.56,99.25,28.83,Dragon,Johto
741,Pryce_1526,Ecruteak City,Grass,Chikorita,3,33.4,34.9,53.4,135.8,1,0.0,344,46.9,1,0,7,361,33,3,2,0,1,0,36,5,1,173.9,187.7,2,0,0,0,,51,46,18.3,85.59,12.98,68.98,Ghost,Johto
742,Joe_7906,New Bark Town,Water,Totodile,5,67.0,82.5,69.8,250.5,3,12.5,570,57.1,3,1,4,1619,54,11,12,1,1,0,49,7,4,150.7,164.1,7,0,0,0,,159,71,28.3,40.81,64.19,89.13,None,Johto
743,Gary_8170,Cherrygrove City,Fire,Cyndaquil,4,22.1,25.1,41.7,109.0,1,1.4,239,43.2,2,0,7,274,30,7,5,0,3,1,24,9,1,149.3,150.6,1,0,0,0,,64,43,17.1,66.8,2.31,36.05,None,Johto
744,Casey_3529,Ecruteak City,Fire,Cyndaquil,6,41.6,42.1,45.7,117.6,6,5.3,226,45.2,3,0,5,1103,36,8,6,1,2,0,31,4,1,149.1,198.4,5,0,0,0,,76,44,17.5,45.48,0.34,24.92,Ghost,Johto
745,Yellow_9098,Olivine City,Water,Totodile,3,50.2,57.5,69.6,126.3,1,8.3,169,75.4,3,1,6,1897,11,8,3,0,1,0,19,6,1,112.5,130.0,6,0,0,0,,173,56,22.3,41.35,90.41,7.77,Steel,Johto
746,Bugsy_5325,New Bark Town,Fire,Cyndaquil,1,52.9,62.1,85.9,240.3,4,7.3,453,85.3,2,1,8,1133,40,7,15,0,1,0,44,7,3,154.9,176.3,7,0,0,0,,119,73,29.1,97.21,96.89,95.67,None,Johto
747,Brock_2043,Mahogany Town,Fire,Cyndaquil,1,31.1,34.6,68.7,176.9,2,0.5,365,50.6,3,0,5,997,55,11,6,1,0,1,31,6,1,169.6,181.5,3,0,0,0,,70,57,22.7,73.65,36.75,86.76,Ice,Johto
748,Erika_8542,Azalea Town,Water,Totodile,4,31.5,63.0,70.2,198.5,2,1.7,345,64.4,1,0,4,658,22,6,8,1,0,1,37,11,1,172.1,192.9,5,0,0,0,,77,52,20.7,85.24,62.39,50.76,Bug,Johto
749,Falkner_9336,Blackthorn City,Water,Totodile,5,48.5,49.9,87.4,124.8,4,10.7,116,85.3,2,0,7,830,7,3,5,0,1,1,17,13,2,149.2,182.5,6,0,0,0,,137,22,8.8,100.0,97.43,5.07,Dragon,Johto
750,Green_6868,Violet City,Grass,Chikorita,3,24.7,27.7,66.6,152.5,1,0.1,179,56.1,2,0,6,832,3,7,12,0,3,0,20,4,0,125.5,137.7,2,0,0,0,,101,35,13.9,81.25,86.77,15.89,Flying,Johto
751,Jessie_6954,Mahogany Town,Grass,Chikorita,1,30.6,40.9,90.1,246.6,6,0.8,441,60.7,3,1,7,1342,51,12,4,1,1,0,48,4,0,167.0,170.3,6,0,0,0,,65,60,23.9,100.0,94.45,83.39,Ice,Johto
752,Surge_8278,Violet City,Grass,Chikorita,4,23.7,28.1,67.2,126.2,3,0.8,187,50.8,2,0,6,1118,25,5,4,0,0,1,21,6,1,121.6,138.4,2,0,0,0,,73,42,16.7,40.04,60.01,21.18,Flying,Johto
753,Giovanni_4431,Violet City,Water,Totodile,2,52.7,53.1,68.3,264.0,1,8.2,499,56.9,4,1,4,1835,46,17,9,0,3,0,46,4,0,148.2,177.0,3,0,0,0,,117,57,22.7,53.15,59.69,79.48,Flying,Johto
754,Lorelei_5017,Mahogany Town,Water,Totodile,6,13.8,24.5,48.9,154.3,2,0.7,371,45.3,2,0,4,998,40,8,12,0,2,0,37,10,3,179.7,184.8,2,0,0,0,,74,48,19.1,73.43,8.25,64.68,Ice,Johto
755,Koga_4451,Cherrygrove City,Grass,Chikorita,2,31.9,34.1,61.5,206.4,2,0.1,350,45.9,1,1,4,684,35,8,6,0,1,0,30,5,0,188.4,206.9,3,0,0,0,,72,57,22.7,50.97,48.2,58.4,None,Johto
756,Red_1165,New Bark Town,Fire,Cyndaquil,3,17.4,20.6,63.5,100.2,2,0.0,147,43.0,3,0,3,1294,18,4,8,0,3,1,12,5,2,159.8,195.6,2,0,0,0,,32,38,15.1,84.63,53.49,20.45,None,Johto
757,Todd_9443,Olivine City,Fire,Cyndaquil,4,34.2,34.6,79.9,171.8,2,0.9,364,55.3,2,0,6,802,35,21,8,0,1,0,33,3,0,181.6,218.0,3,0,0,0,,69,51,20.3,21.43,80.04,68.3,Steel,Johto
758,Karen_7088,Goldenrod City,Grass,Chikorita,4,19.2,20.0,74.5,90.5,3,0.6,163,54.3,4,0,3,911,24,7,10,1,4,1,19,4,1,167.1,182.4,2,0,0,0,,74,16,6.4,42.58,63.78,13.02,Normal,Johto
759,Lara_5055,Olivine City,Water,Totodile,5,33.7,36.4,69.5,83.6,6,2.0,135,58.0,1,0,4,69,33,5,0,0,0,0,16,6,2,152.5,205.7,4,0,0,0,,97,7,2.8,28.04,77.64,18.32,Steel,Johto
760,Bill_3384,Violet City,Water,Totodile,4,29.8,39.8,75.8,119.0,4,2.4,175,61.2,1,0,4,763,9,7,3,0,1,0,22,4,1,146.0,169.9,5,0,0,0,,90,13,5.2,70.71,76.14,16.49,Flying,Johto
761,Lorelei_9460,Mahogany Town,Water,Totodile,3,26.8,35.6,64.8,239.9,6,0.8,373,76.1,3,1,1,1485,53,16,7,0,0,0,31,6,6,155.1,155.2,6,0,0,0,,108,44,17.5,75.08,98.03,83.95,Ice,Johto
762,Lance_7230,New Bark Town,Water,Totodile,6,25.3,30.9,51.7,101.4,2,2.5,222,61.0,2,0,6,1065,36,6,5,0,1,1,27,3,0,159.7,160.9,3,0,0,0,,89,60,23.9,95.17,36.48,39.79,None,Johto
763,Agatha_4517,Cianwood City,Fire,Cyndaquil,4,42.4,51.6,33.5,245.0,1,3.9,376,48.9,2,1,7,956,45,6,15,0,1,0,45,6,2,165.7,167.0,3,0,0,0,,127,56,22.3,71.87,8.02,70.25,Fighting,Johto
764,Daisy_6794,Blackthorn City,Grass,Chikorita,6,24.1,26.2,81.1,129.1,4,4.6,132,62.2,3,0,1,1341,20,7,1,1,2,0,21,5,5,153.5,187.8,6,0,0,0,,124,32,12.7,35.32,89.95,6.85,Dragon,Johto
765,Stella_1838,Cianwood City,Fire,Cyndaquil,6,36.0,37.2,51.8,196.8,3,2.1,466,69.1,3,1,4,1327,61,13,11,0,1,0,34,1,1,173.9,185.0,5,0,0,0,,103,61,24.3,47.75,49.18,94.85,Fighting,Johto
766,Jessie_8097,Ecruteak City,Water,Totodile,1,30.1,34.5,81.5,217.9,2,3.3,187,82.3,2,1,5,744,23,6,9,0,2,0,24,12,0,184.0,207.8,6,0,0,0,,75,17,6.8,89.17,91.18,35.62,Ghost,Johto
767,Erika_5669,Olivine City,Fire,Cyndaquil,2,62.2,66.5,42.8,235.4,3,6.9,560,36.3,3,1,4,1147,55,5,11,0,5,1,39,9,0,142.0,147.1,4,0,0,0,,132,76,30.3,35.25,13.35,97.78,Steel,Johto
768,Whitney_7536,Blackthorn City,Fire,Cyndaquil,6,25.3,27.0,75.8,145.9,1,1.4,160,62.4,4,0,1,1894,17,5,5,0,0,0,17,7,3,147.0,158.2,3,0,0,0,,82,17,6.8,40.43,62.64,12.28,Dragon,Johto
769,Gary_5786,Cianwood City,Fire,Cyndaquil,6,21.2,52.1,46.0,85.1,4,0.4,44,41.1,2,0,2,829,10,2,0,0,0,0,6,10,0,168.6,170.4,2,0,0,0,,82,13,5.2,83.02,26.89,10.33,Fighting,Johto
770,Surge_6270,Mahogany Town,Fire,Cyndaquil,4,42.4,56.3,60.7,120.2,3,5.1,209,72.9,2,0,5,646,25,8,9,0,1,0,34,5,2,137.2,181.1,5,0,0,0,,144,40,15.9,70.49,76.19,39.07,Ice,Johto
771,Clair_2631,Goldenrod City,Fire,Cyndaquil,6,36.9,41.2,64.6,243.4,1,1.7,457,53.8,3,1,3,1566,56,11,10,1,2,0,45,2,0,165.3,240.8,3,0,0,0,,83,67,26.7,38.79,45.61,91.95,Normal,Johto
772,Gary_4689,Ecruteak City,Water,Totodile,4,32.6,36.0,43.2,100.1,1,3.2,134,33.8,4,0,8,1689,24,4,4,0,1,0,27,7,2,162.8,185.7,2,0,0,0,,69,45,17.9,37.6,6.85,17.03,Ghost,Johto
773,Whitney_6875,Mahogany Town,Grass,Chikorita,2,23.7,33.5,44.1,166.7,5,0.0,417,39.1,3,0,3,1480,37,6,12,0,0,0,45,7,0,176.9,180.4,2,0,0,0,,52,63,25.1,44.54,21.25,78.72,Ice,Johto
774,Gold_5597,Cianwood City,Fire,Cyndaquil,2,35.6,44.4,70.5,174.9,2,5.6,237,70.5,2,1,4,637,37,7,8,0,2,1,21,5,2,144.9,145.1,5,0,0,0,,68,46,18.3,60.05,97.58,30.86,Fighting,Johto
775,Misty_5644,Olivine City,Grass,Chikorita,3,23.0,26.3,73.9,206.1,6,0.8,428,56.2,2,1,4,1036,57,9,6,0,1,0,36,5,0,150.8,168.0,4,0,0,0,,53,51,20.3,64.76,78.67,84.16,Steel,Johto
776,Agatha_4489,Cherrygrove City,Water,Totodile,3,35.0,38.8,55.7,168.2,2,2.7,181,52.0,3,1,3,1115,24,5,3,1,1,0,31,13,3,153.8,156.9,4,0,0,0,,86,32,12.7,75.57,60.9,14.26,None,Johto
777,Surge_1866,Violet City,Fire,Cyndaquil,2,33.6,45.9,36.8,140.2,3,4.7,133,54.3,3,1,2,1367,23,6,0,1,2,1,20,6,4,150.4,156.1,4,0,0,0,,148,20,8.0,28.46,10.54,15.61,Flying,Johto
778,Karen_4321,Azalea Town,Grass,Chikorita,6,25.9,28.3,54.6,125.9,5,3.3,157,59.8,2,0,2,866,18,0,5,0,0,2,15,7,0,166.3,185.3,4,0,0,0,,89,36,14.3,66.19,21.69,27.38,Bug,Johto
779,Blaine_5301,New Bark Town,Fire,Cyndaquil,1,23.6,25.8,72.3,169.1,2,2.6,130,62.5,1,1,4,222,12,2,9,0,0,0,13,4,1,154.2,198.9,3,0,0,0,,60,33,13.1,46.68,92.08,20.05,None,Johto
780,Surge_5201,Azalea Town,Fire,Cyndaquil,1,42.9,44.4,89.2,255.4,1,1.6,476,66.1,2,1,3,1221,53,12,12,0,3,0,47,4,2,164.8,199.3,4,0,0,0,,111,70,27.9,25.02,99.68,90.9,Bug,Johto
781,AJ_3639,Violet City,Fire,Cyndaquil,1,19.0,23.1,47.5,125.2,1,0.1,55,36.1,2,0,2,843,13,1,2,0,0,0,17,4,1,147.0,175.2,0,0,0,0,,65,29,11.6,51.88,26.02,11.46,Flying,Johto
782,James_7567,Mahogany Town,Water,Totodile,2,30.5,58.0,45.1,202.3,2,1.7,318,51.7,4,1,2,1556,41,11,4,1,1,0,36,8,4,134.8,154.2,3,0,0,0,,96,28,11.2,66.49,5.39,59.16,Ice,Johto
783,Casey_9241,Azalea Town,Water,Totodile,5,23.1,24.3,53.0,131.4,1,0.5,214,32.0,2,0,4,1132,34,5,6,0,2,2,27,9,1,157.8,159.3,1,0,0,0,,92,29,11.6,46.11,0.83,46.69,Bug,Johto
784,Lorelei_7117,New Bark Town,Fire,Cyndaquil,4,42.3,43.5,80.0,218.9,6,3.3,309,59.3,2,1,3,1176,39,8,3,0,1,0,26,1,1,163.3,170.2,5,0,0,0,,86,44,17.5,62.51,87.04,57.66,None,Johto
785,Crystal_6670,Mahogany Town,Grass,Chikorita,3,29.4,41.7,57.0,153.1,3,1.2,314,45.1,4,0,7,1879,37,8,4,0,1,1,29,7,0,201.7,232.3,2,0,0,0,,97,61,24.3,100.0,12.99,58.4,Ice,Johto
786,Pryce_1373,Ecruteak City,Grass,Chikorita,5,38.2,41.1,69.8,198.7,6,0.5,459,45.0,1,1,5,1162,58,11,11,1,1,0,40,5,0,159.1,182.0,4,0,0,0,,53,52,20.7,79.26,48.4,86.46,Ghost,Johto
787,Silver_9442,Blackthorn City,Water,Totodile,5,20.7,22.0,90.0,167.8,3,0.9,223,52.8,2,1,6,1027,27,0,6,0,1,2,32,4,2,164.9,167.1,3,0,0,0,,15,62,24.7,70.87,90.59,41.99,Dragon,Johto
788,Todd_5514,Goldenrod City,Fire,Cyndaquil,6,26.3,27.3,84.4,137.9,1,0.6,282,77.6,4,0,7,1468,48,8,15,0,2,0,24,4,1,157.6,183.0,5,0,0,0,,97,56,22.3,98.82,87.0,72.69,Normal,Johto
789,Samurai_2895,New Bark Town,Grass,Chikorita,6,32.2,33.7,81.9,221.2,4,1.8,316,72.3,3,1,2,1123,38,10,7,1,2,2,32,10,2,185.9,201.2,6,0,0,0,,68,57,22.7,50.32,97.62,55.33,None,Johto
790,Will_2095,Violet City,Fire,Cyndaquil,3,30.7,51.2,88.7,158.5,2,0.8,385,62.8,4,0,8,1938,49,12,10,1,3,0,29,7,0,193.3,224.8,5,0,0,0,,73,67,26.7,98.71,67.33,78.91,Flying,Johto
791,Duplica_7406,Mahogany Town,Fire,Cyndaquil,2,43.1,49.1,27.3,232.0,3,2.1,414,27.7,1,1,1,566,53,16,6,0,0,0,37,9,2,148.2,162.0,2,0,0,0,,67,44,17.5,29.2,13.01,92.48,Ice,Johto
792,Giovanni_3883,New Bark Town,Fire,Cyndaquil,6,40.2,47.7,64.2,97.9,3,1.1,349,81.6,1,0,5,553,34,10,8,0,0,1,34,15,0,165.0,222.5,6,0,0,0,,57,66,26.3,84.77,70.24,81.72,None,Johto
793,Will_8608,Blackthorn City,Grass,Chikorita,5,43.8,48.0,61.6,221.8,3,2.8,500,70.4,1,1,8,325,51,8,12,1,2,1,47,8,0,186.8,190.9,6,0,0,0,,120,69,27.5,100.0,64.45,93.01,Dragon,Johto
794,Giselle_6937,Goldenrod City,Grass,Chikorita,3,31.6,49.4,79.0,109.4,2,1.4,211,44.9,5,0,4,1974,25,4,4,1,1,0,27,6,1,127.9,153.6,3,0,0,0,,82,49,19.5,38.79,99.29,46.87,Normal,Johto
795,Green_2798,New Bark Town,Grass,Chikorita,6,52.9,58.9,64.6,261.0,2,7.0,495,52.1,3,1,3,1689,53,9,13,1,3,0,38,8,1,133.6,167.2,6,0,0,0,,111,55,21.9,30.35,32.59,84.88,None,Johto
796,Silver_2895,Violet City,Fire,Cyndaquil,2,34.0,39.3,63.4,175.6,1,2.3,383,71.0,2,1,8,1123,45,7,9,0,3,0,43,4,1,147.6,149.8,4,0,0,0,,65,58,23.1,83.08,56.0,81.13,Flying,Johto
797,Janine_2043,Goldenrod City,Water,Totodile,6,25.7,27.0,48.8,122.8,6,1.3,109,45.2,4,0,7,1581,24,6,0,0,2,1,11,5,1,155.8,157.6,4,0,0,0,,73,27,10.8,58.28,3.81,9.53,Normal,Johto
798,Surge_1906,Goldenrod City,Fire,Cyndaquil,6,29.3,34.8,77.9,208.5,2,0.2,221,56.2,3,1,4,1378,21,4,6,0,3,0,34,8,1,159.9,165.4,3,0,0,0,,66,33,13.1,59.84,98.18,40.63,Normal,Johto
799,Bugsy_8760,Goldenrod City,Water,Totodile,4,27.7,37.4,71.0,102.5,5,4.5,118,64.1,2,0,5,1240,12,5,6,0,1,1,20,6,2,138.6,144.2,5,0,0,0,,97,43,17.1,63.06,80.85,6.73,Normal,Johto
800,Clair_4482,New Bark Town,Fire,Cyndaquil,5,28.0,33.5,77.7,151.2,3,2.0,339,54.2,2,0,2,1039,31,6,5,0,1,0,42,5,0,160.5,172.0,2,0,0,0,,71,35,13.9,31.69,71.0,56.36,None,Johto
801,Morty_3960,New Bark Town,Fire,Cyndaquil,5,30.3,40.9,53.3,222.4,2,3.5,272,22.5,1,1,2,649,27,8,0,0,1,1,26,6,1,196.7,210.8,1,0,0,0,,59,40,15.9,47.29,13.44,46.07,None,Johto
802,Chuck_7768,Violet City,Grass,Chikorita,5,20.4,24.1,83.4,181.6,4,0.3,103,64.1,3,1,3,737,14,4,3,0,0,1,15,10,2,183.3,189.5,4,0,0,0,,89,35,13.9,79.0,83.75,14.19,Flying,Johto
803,Misty_1767,Goldenrod City,Grass,Chikorita,5,29.0,32.9,86.0,89.9,6,1.4,207,72.4,2,0,7,1065,36,3,7,0,2,0,29,7,2,124.9,141.7,5,0,0,0,,98,52,20.7,44.4,99.29,42.18,Normal,Johto
804,Blue_4939,Ecruteak City,Fire,Cyndaquil,6,40.2,45.4,73.3,164.3,1,6.8,298,46.7,1,0,3,387,28,6,12,0,2,0,26,0,2,111.3,118.0,3,0,0,0,,106,56,22.3,26.45,37.58,35.62,Ghost,Johto
805,Koji_6077,Ecruteak City,Water,Totodile,6,20.6,40.1,64.9,130.0,2,1.5,259,58.0,3,0,3,1434,28,6,0,0,0,0,20,5,0,139.5,146.9,3,0,0,0,,92,47,18.7,20.6,65.53,33.95,Ghost,Johto
806,Jasmine_6211,Azalea Town,Grass,Chikorita,2,27.7,37.9,53.8,233.4,5,1.3,270,43.9,2,1,5,678,48,12,3,0,2,0,22,9,1,138.8,148.7,4,0,0,0,,69,37,14.7,40.35,24.79,48.02,Bug,Johto
807,Karen_2224,Olivine City,Water,Totodile,4,33.4,38.5,58.1,231.8,1,3.0,383,47.1,3,1,3,1292,52,9,11,1,1,0,32,5,3,162.4,184.6,4,0,0,0,,61,38,15.1,43.36,55.93,80.82,Steel,Johto
808,Green_9236,Goldenrod City,Water,Totodile,3,44.9,46.1,73.7,204.8,4,6.9,462,71.4,2,1,3,1189,43,4,10,0,1,0,47,6,0,171.4,222.9,6,0,0,0,,98,66,26.3,72.24,69.43,73.53,Normal,Johto
809,Misty_8442,New Bark Town,Fire,Cyndaquil,5,25.9,28.4,76.8,223.2,6,1.8,180,52.5,1,1,7,302,37,4,6,0,0,0,30,7,2,152.9,153.7,5,0,0,0,,82,49,19.5,73.27,35.98,32.84,None,Johto
810,Lara_9183,Ecruteak City,Fire,Cyndaquil,2,22.2,45.5,74.0,69.9,3,0.3,87,66.6,4,0,4,1985,14,3,3,1,2,1,5,4,1,151.4,180.4,5,0,0,0,,72,26,10.4,77.24,71.38,9.52,Ghost,Johto
811,Will_1277,Goldenrod City,Water,Totodile,4,23.2,29.7,64.8,173.6,3,1.4,256,59.4,2,0,11,376,38,8,0,0,2,0,25,6,0,151.1,152.9,3,0,0,0,,88,52,20.7,96.89,69.84,41.04,Normal,Johto
812,Todd_4902,Azalea Town,Water,Totodile,6,55.5,59.9,86.9,237.7,1,10.4,508,66.8,3,1,5,1503,49,21,6,0,1,0,40,5,3,119.6,122.1,5,0,0,0,,177,70,27.9,41.03,79.91,73.72,Bug,Johto
813,Blue_3718,Cianwood City,Water,Totodile,3,55.6,62.0,41.9,224.9,4,12.7,312,49.7,2,1,3,815,26,9,7,0,0,1,37,3,3,167.7,173.5,5,0,0,0,,172,50,19.9,47.2,9.61,33.31,Fighting,Johto
814,Jasmine_4561,Ecruteak City,Fire,Cyndaquil,6,40.5,59.8,47.3,149.2,1,6.9,334,36.7,2,0,5,915,36,12,9,0,0,0,46,4,1,134.9,166.9,2,0,0,0,,147,41,16.3,33.22,5.82,60.43,Ghost,Johto
815,Brock_2626,Blackthorn City,Water,Totodile,5,32.1,33.8,75.7,201.2,6,3.9,284,71.5,3,1,5,1420,30,6,3,0,1,2,32,4,3,185.1,221.4,5,0,0,0,,99,46,18.3,73.07,88.94,50.48,Dragon,Johto
816,Bill_5308,Olivine City,Water,Totodile,6,18.0,18.4,40.9,100.5,1,0.1,152,38.9,2,0,6,1084,27,3,3,0,1,0,22,4,0,149.8,150.3,0,0,0,0,,59,30,12.0,88.71,6.69,23.57,Steel,Johto
817,Silver_4002,Blackthorn City,Grass,Chikorita,6,16.8,25.5,61.1,128.6,1,0.6,237,55.1,2,0,1,601,22,4,4,0,4,0,26,7,1,134.9,141.2,2,0,0,0,,62,31,12.4,61.9,27.4,38.26,Dragon,Johto
818,Erika_1888,Cherrygrove City,Water,Totodile,6,50.7,56.2,62.0,205.1,5,8.5,320,69.2,3,1,6,1676,37,7,14,1,1,0,37,6,0,166.3,239.6,7,0,0,0,,140,43,17.1,44.22,37.97,52.79,None,Johto
819,Casey_7331,Violet City,Water,Totodile,3,31.5,39.6,62.5,120.6,1,5.0,135,71.1,2,0,7,770,13,6,0,0,2,1,18,8,4,156.6,172.0,4,0,0,0,,133,50,19.9,78.58,42.13,6.16,Flying,Johto
820,Red_2138,Blackthorn City,Grass,Chikorita,3,26.4,28.8,59.6,71.4,3,0.7,57,56.8,4,0,0,1328,12,4,0,0,2,0,12,4,1,114.1,135.8,2,0,0,0,,99,22,8.8,40.58,48.16,14.07,Dragon,Johto
821,Clair_6564,Azalea Town,Fire,Cyndaquil,6,31.5,36.8,33.3,183.7,6,0.9,231,37.2,1,1,4,781,28,5,9,0,1,0,22,4,2,170.2,186.5,3,0,0,0,,37,25,10.0,57.9,8.72,47.34,Bug,Johto
822,Samurai_1972,Blackthorn City,Fire,Cyndaquil,4,35.2,37.8,60.2,209.2,1,4.9,461,47.3,3,0,3,1578,47,12,15,1,4,0,40,7,2,145.9,163.0,4,0,0,0,,94,56,22.3,36.69,40.31,81.27,Dragon,Johto
823,James_4566,Cianwood City,Fire,Cyndaquil,2,26.7,28.4,46.5,226.0,1,3.3,447,59.5,2,1,2,721,57,9,6,0,1,0,31,10,1,173.3,213.3,3,0,0,0,,118,57,22.7,72.17,44.52,69.91,Fighting,Johto
824,Dario_3108,Violet City,Water,Totodile,1,24.5,32.3,40.5,209.7,4,0.5,365,43.3,3,1,4,1487,43,3,7,0,1,0,35,3,1,152.1,159.9,2,0,0,0,,65,58,23.1,55.43,7.0,71.67,Flying,Johto
825,Bruno_3469,Goldenrod City,Grass,Chikorita,6,43.7,54.3,37.7,283.5,2,5.7,584,66.7,4,1,2,1895,50,9,13,1,4,0,62,5,1,154.8,161.9,6,0,0,0,,140,62,24.7,67.33,31.08,94.6,Normal,Johto
826,Jessie_9706,Goldenrod City,Grass,Chikorita,5,33.4,34.6,48.5,152.6,1,2.1,253,40.0,3,1,2,1787,26,4,7,0,2,1,23,7,1,156.5,167.2,1,0,0,0,,93,22,8.8,54.4,19.34,33.25,Normal,Johto
827,Aya_4180,New Bark Town,Fire,Cyndaquil,1,47.1,55.9,78.4,254.6,3,8.0,524,68.4,2,1,3,974,58,10,10,0,0,0,55,4,1,154.7,161.6,5,0,0,0,,164,52,20.7,51.18,86.64,90.0,None,Johto
828,Aya_2759,Ecruteak City,Grass,Chikorita,6,28.6,41.0,72.6,126.9,2,5.1,154,71.7,2,0,4,716,22,2,1,0,2,0,11,5,1,146.8,160.4,4,0,0,0,,131,21,8.4,67.28,91.19,16.77,Ghost,Johto
829,Green_8596,New Bark Town,Grass,Chikorita,2,24.9,33.8,37.5,174.6,1,0.9,484,52.3,3,0,5,1480,52,10,10,1,1,0,42,5,1,202.3,224.7,4,0,0,0,,76,69,27.5,65.57,11.79,93.3,None,Johto
830,Blue_8824,Azalea Town,Grass,Chikorita,5,42.4,48.3,54.6,257.0,3,4.1,495,60.0,2,1,9,1363,55,16,11,0,2,0,47,4,2,163.5,166.3,4,0,0,0,,94,76,30.3,70.67,40.67,74.37,Bug,Johto
831,Crystal_5197,Ecruteak City,Water,Totodile,2,28.7,31.3,75.3,118.3,2,4.9,72,63.6,2,0,1,611,5,3,4,1,2,0,7,5,2,154.3,174.2,5,0,0,0,,91,15,6.0,50.52,63.47,5.83,Ghost,Johto
832,Dario_8012,New Bark Town,Water,Totodile,5,31.9,38.9,66.8,233.7,5,2.4,394,50.0,3,1,7,1663,41,10,10,1,3,0,37,9,1,165.3,183.4,5,0,0,0,,94,72,28.7,100.0,45.24,77.23,None,Johto
833,Jasmine_1997,Olivine City,Fire,Cyndaquil,4,35.6,39.1,66.9,206.3,1,5.2,219,40.4,3,1,8,1384,26,7,6,0,5,1,20,5,1,104.7,132.8,3,0,0,0,,87,51,20.3,32.44,14.13,28.31,Steel,Johto
834,Red_4433,Mahogany Town,Water,Totodile,4,39.1,39.3,56.6,243.0,1,8.3,356,74.0,3,1,8,958,54,12,4,0,3,0,42,9,1,185.8,191.4,6,0,0,0,,167,61,24.3,100.0,48.05,50.63,Ice,Johto
835,Falkner_2977,Olivine City,Fire,Cyndaquil,2,37.0,39.4,69.1,141.0,2,7.8,131,55.0,2,0,3,1185,20,9,5,0,1,0,12,4,3,162.2,181.0,2,0,0,0,,136,36,14.3,41.05,36.84,9.76,Steel,Johto
836,Red_9025,Ecruteak City,Grass,Chikorita,6,48.3,63.1,63.4,202.1,3,8.4,337,47.9,3,1,2,1080,37,14,13,0,1,0,33,11,0,156.2,174.9,4,0,0,0,,77,41,16.3,31.02,35.1,64.81,Ghost,Johto
837,Karen_9941,Ecruteak City,Water,Totodile,3,30.8,36.8,82.5,154.0,5,2.6,392,50.0,3,0,8,1279,60,6,4,0,2,0,38,5,2,182.1,215.2,5,0,0,0,,129,77,30.7,50.02,75.91,72.39,Ghost,Johto
838,Koga_9962,Cianwood City,Fire,Cyndaquil,4,32.9,34.7,44.0,284.7,1,0.7,439,34.0,2,1,5,1640,54,10,7,0,1,1,52,5,1,155.6,167.2,1,0,0,0,,37,63,25.1,44.16,25.34,95.9,Fighting,Johto
839,Gold_3425,Mahogany Town,Water,Totodile,4,35.9,38.8,60.8,142.1,1,0.7,136,60.0,4,0,5,1488,25,5,2,0,0,1,14,8,0,125.4,144.3,4,0,0,0,,132,39,15.5,51.41,43.47,17.64,Ice,Johto
840,James_8942,Cherrygrove City,Fire,Cyndaquil,6,28.7,43.8,65.9,109.9,3,1.4,403,61.7,2,0,6,864,52,9,7,0,3,2,40,10,1,166.4,168.5,4,0,0,0,,61,38,15.1,70.96,12.19,89.48,None,Johto
841,Daisy_1194,Olivine City,Grass,Chikorita,3,32.3,38.6,53.3,165.8,2,1.4,460,65.0,3,0,4,705,53,10,11,0,1,0,40,12,0,204.4,210.8,5,0,0,0,,112,63,25.1,81.28,45.04,78.71,Steel,Johto
842,Surge_1929,Blackthorn City,Grass,Chikorita,3,25.9,26.9,63.5,124.1,4,2.5,227,39.0,2,0,2,1235,25,8,7,0,1,0,34,6,1,176.1,234.2,3,0,0,0,,128,28,11.2,31.7,24.03,25.18,Dragon,Johto
843,Erika_1946,Cianwood City,Grass,Chikorita,1,31.2,31.4,54.9,197.4,3,0.5,318,59.2,3,1,2,994,40,6,10,0,4,1,31,5,4,158.5,169.6,4,0,0,0,,81,69,27.5,70.43,74.35,60.53,Fighting,Johto
844,Richie_5949,Azalea Town,Grass,Chikorita,6,23.1,31.2,45.9,163.5,1,2.0,267,45.0,2,1,5,1486,23,5,2,0,0,0,32,8,2,183.4,186.0,1,0,0,0,,82,41,16.3,43.66,1.78,34.76,Bug,Johto
845,Giselle_9077,Goldenrod City,Water,Totodile,3,29.3,41.7,46.1,168.9,6,0.7,330,54.4,3,0,3,1512,30,7,7,0,3,0,31,5,0,164.6,186.0,5,0,0,0,,74,41,16.3,56.1,0.5,46.74,Normal,Johto
846,Silver_8241,Goldenrod City,Grass,Chikorita,1,33.8,34.3,85.6,161.3,5,3.6,397,56.2,3,0,6,694,39,5,10,0,3,1,41,9,1,168.9,175.5,4,0,0,0,,77,70,27.9,42.31,96.16,68.72,Normal,Johto
847,James_1006,Goldenrod City,Grass,Chikorita,6,28.1,37.6,57.8,181.5,3,0.6,253,59.8,3,1,5,1207,34,4,1,1,3,2,34,9,3,167.8,167.9,5,0,0,0,,68,53,21.1,79.37,42.46,41.57,Normal,Johto
848,Lance_9980,Mahogany Town,Fire,Cyndaquil,6,41.8,48.7,44.4,166.0,2,4.4,276,45.1,3,1,5,979,30,7,10,0,0,0,29,5,0,127.3,130.7,4,0,0,0,,92,53,21.1,62.02,3.32,36.4,Ice,Johto
849,Whitney_4818,Azalea Town,Grass,Chikorita,4,31.7,39.3,49.7,222.0,1,3.7,196,38.9,2,1,3,614,19,5,3,0,2,0,16,12,1,130.6,135.5,2,0,0,0,,102,30,12.0,28.48,14.9,23.42,Bug,Johto
850,Jasmine_4245,Goldenrod City,Water,Totodile,3,36.2,56.6,43.6,226.5,2,3.0,533,45.5,4,1,3,1737,63,12,10,0,2,1,50,9,1,179.0,222.6,3,0,0,0,,55,55,21.9,56.33,18.55,92.93,Normal,Johto
851,James_3849,Cherrygrove City,Fire,Cyndaquil,6,19.6,23.6,59.7,153.6,4,0.1,394,42.1,3,0,7,1146,47,8,7,0,0,0,38,5,0,146.9,159.2,3,0,0,0,,83,61,24.3,58.17,33.32,76.11,None,Johto
852,Dario_9867,Violet City,Grass,Chikorita,5,25.6,40.1,52.7,127.3,4,0.6,177,46.7,2,0,5,1317,19,1,7,0,3,0,29,10,4,166.7,179.3,3,0,0,0,,114,24,9.6,70.0,28.48,38.03,Flying,Johto
853,Green_2387,Blackthorn City,Grass,Chikorita,4,28.5,34.2,74.3,245.2,3,0.7,336,75.6,3,1,3,1277,45,11,11,0,1,1,39,5,1,196.6,215.8,6,0,0,0,,109,48,19.1,100.0,82.18,78.15,Dragon,Johto
854,Clair_9281,Mahogany Town,Grass,Chikorita,4,32.5,51.3,70.0,142.9,2,3.0,262,59.3,3,1,2,1298,33,6,4,0,2,0,29,7,2,153.7,157.3,4,0,0,0,,104,39,15.5,74.38,37.46,36.53,Ice,Johto
855,Samurai_8855,Blackthorn City,Grass,Chikorita,5,28.7,30.4,49.9,225.2,3,2.8,328,51.3,2,1,4,928,38,10,6,0,2,0,44,7,0,140.6,141.8,3,0,0,0,,123,47,18.7,52.67,8.18,48.98,Dragon,Johto
856,Joe_5711,New Bark Town,Fire,Cyndaquil,5,41.9,44.5,52.9,175.8,4,3.7,313,66.9,3,1,8,1415,28,13,2,0,0,0,23,9,0,204.1,208.8,5,0,0,0,,56,58,23.1,98.95,34.35,62.78,None,Johto
857,Aya_8456,Olivine City,Water,Totodile,5,33.0,34.3,74.8,139.6,3,3.9,156,70.1,4,0,2,1446,24,6,0,0,4,0,21,3,0,148.6,154.9,5,0,0,0,,104,23,9.2,81.25,58.84,20.63,Steel,Johto
858,Lara_5996,Cherrygrove City,Fire,Cyndaquil,1,39.1,41.5,86.5,175.0,2,3.7,345,71.6,2,1,3,980,51,6,2,0,0,0,33,8,1,145.9,153.8,5,0,0,0,,120,47,18.7,70.27,97.18,67.06,None,Johto
859,Green_9819,Olivine City,Fire,Cyndaquil,3,33.4,35.5,42.1,128.4,5,4.0,121,57.2,2,0,6,650,7,5,3,0,0,0,12,5,2,145.2,150.7,5,0,0,0,,133,22,8.8,94.85,52.22,10.42,Steel,Johto
860,Lorelei_5656,Goldenrod City,Fire,Cyndaquil,5,26.6,35.6,52.4,225.9,1,0.5,434,62.1,3,1,10,1599,49,7,8,0,1,1,45,10,2,157.2,159.7,4,0,0,0,,74,74,29.5,87.3,46.86,76.67,Normal,Johto
861,Dario_8633,Olivine City,Fire,Cyndaquil,5,24.0,44.5,52.1,216.7,4,0.6,308,61.6,2,1,5,485,37,9,11,0,1,0,23,8,1,174.5,183.2,4,0,0,0,,65,43,17.1,68.2,18.76,61.02,Steel,Johto
862,Morty_6342,Cherrygrove City,Water,Totodile,6,49.4,59.5,62.2,300.6,3,6.9,482,65.5,2,1,5,871,53,10,9,0,3,2,60,2,3,160.6,161.6,5,0,0,0,,73,66,26.3,36.27,59.81,87.52,None,Johto
863,Bruno_6961,Olivine City,Fire,Cyndaquil,2,17.1,29.8,77.2,119.0,1,0.4,133,43.5,1,0,0,692,21,2,0,0,3,0,13,3,3,139.2,142.4,0,0,0,0,,26,6,2.4,28.88,91.91,13.08,Steel,Johto
864,AJ_6590,Goldenrod City,Water,Totodile,5,33.8,34.1,75.8,148.1,3,4.6,298,86.9,2,0,11,780,26,13,0,0,0,0,21,7,4,175.2,183.0,6,0,0,0,,130,74,29.5,100.0,78.93,38.0,Normal,Johto
865,Lorelei_9114,Blackthorn City,Grass,Chikorita,5,44.1,45.2,70.7,232.2,3,4.2,402,55.9,2,1,4,556,44,12,5,0,0,1,39,5,3,135.8,136.9,5,0,0,0,,149,38,15.1,20.99,65.53,64.57,Dragon,Johto
866,Karen_9321,Cianwood City,Water,Totodile,4,17.3,25.6,62.4,202.6,3,1.0,260,50.3,3,1,5,1351,23,5,11,0,1,1,26,2,1,167.4,169.0,2,0,0,0,,106,28,11.2,49.47,62.82,34.02,Fighting,Johto
867,Erika_1126,Olivine City,Fire,Cyndaquil,5,38.4,42.9,70.4,217.7,2,4.7,451,58.5,2,1,1,1028,52,10,6,0,3,2,36,3,5,149.9,154.8,3,0,0,0,,95,52,20.7,23.88,71.85,79.72,Steel,Johto
868,Misty_6019,Mahogany Town,Water,Totodile,6,32.4,37.2,69.5,176.1,1,0.9,357,60.4,3,0,4,1273,27,13,8,0,2,0,35,2,1,173.4,178.0,3,0,0,0,,38,47,18.7,64.07,77.03,62.68,Ice,Johto
869,Agatha_4891,Azalea Town,Water,Totodile,4,44.5,46.6,35.4,236.7,6,2.7,486,55.2,1,1,7,642,48,13,4,0,1,0,39,10,2,174.8,188.0,5,0,0,0,,74,70,27.9,93.44,8.97,85.88,Bug,Johto
870,Lance_1794,Blackthorn City,Grass,Chikorita,5,22.2,22.3,60.3,136.1,1,1.0,198,63.8,1,0,2,0,41,8,0,0,2,0,27,4,2,134.1,143.2,3,0,0,0,,65,23,9.2,89.53,29.17,25.5,Dragon,Johto
871,Blaine_9037,Olivine City,Water,Totodile,6,43.2,44.6,77.8,251.1,6,4.9,506,48.7,3,1,6,1474,55,9,9,0,3,0,42,3,2,139.1,145.9,3,0,0,0,,99,58,23.1,30.0,58.69,83.72,Steel,Johto
872,Jessie_6683,Olivine City,Water,Totodile,4,44.7,45.2,75.2,168.8,3,8.2,109,74.4,2,1,3,840,16,5,7,0,0,1,17,5,0,159.7,169.8,5,0,0,0,,92,12,4.8,46.5,97.33,7.25,Steel,Johto
873,Giovanni_4892,New Bark Town,Fire,Cyndaquil,5,26.9,33.7,55.9,96.2,5,1.7,166,67.2,2,0,7,543,8,9,6,0,0,0,19,5,0,175.9,182.7,5,0,0,0,,83,41,16.3,74.06,50.78,22.63,None,Johto
874,Clair_6922,Cianwood City,Water,Totodile,3,33.3,35.3,68.5,210.5,5,2.5,351,69.8,2,1,2,891,43,10,6,0,5,0,42,7,0,162.9,171.6,5,0,0,0,,83,39,15.5,50.45,56.24,77.62,Fighting,Johto
875,Yellow_8787,Ecruteak City,Water,Totodile,6,18.3,32.1,27.7,201.5,3,0.6,218,40.7,3,1,3,1344,28,5,4,0,5,1,29,5,0,152.2,165.4,1,0,0,0,,100,33,13.1,22.25,0.2,36.23,Ghost,Johto
876,Dario_7827,Ecruteak City,Water,Totodile,4,42.8,52.9,24.1,106.7,2,6.7,101,44.9,4,0,5,1065,19,0,1,0,1,0,19,6,1,134.9,159.6,3,0,0,0,,125,29,11.6,29.83,7.67,11.24,Ghost,Johto
877,Erika_3398,Olivine City,Water,Totodile,1,39.7,49.3,65.7,188.1,1,2.5,480,57.9,3,1,10,1224,59,10,7,0,3,1,54,9,0,206.5,228.1,4,0,0,0,,72,84,33.5,91.31,34.3,91.55,Steel,Johto
878,Richie_5091,New Bark Town,Fire,Cyndaquil,2,39.1,44.7,63.5,182.4,2,4.6,435,54.1,2,0,5,1174,53,17,9,1,1,0,54,8,3,160.7,175.2,4,0,0,0,,102,47,18.7,70.94,34.19,80.59,None,Johto
879,Silver_7615,Goldenrod City,Fire,Cyndaquil,1,37.8,39.7,48.6,206.2,2,1.3,448,51.9,2,1,3,637,46,14,5,1,1,1,50,7,1,160.9,165.0,4,0,0,0,,40,49,19.5,31.26,36.45,97.45,Normal,Johto
880,Richie_7275,Cherrygrove City,Water,Totodile,6,33.2,55.9,80.5,73.1,1,2.6,181,66.7,2,0,3,996,24,5,5,0,2,0,15,2,3,147.3,154.2,4,0,0,0,,63,15,6.0,27.31,61.88,31.68,None,Johto
881,Richie_7342,Goldenrod City,Grass,Chikorita,3,32.6,35.5,41.6,206.5,4,2.4,289,36.9,3,1,2,1337,37,6,8,0,1,0,28,2,3,147.9,159.3,2,0,0,0,,69,32,12.7,33.82,14.97,43.87,Normal,Johto
882,Karen_3378,Goldenrod City,Fire,Cyndaquil,4,32.0,47.8,51.6,145.9,1,3.5,147,55.2,5,1,7,1803,28,6,2,0,1,1,20,13,0,148.4,157.5,3,0,0,0,,73,29,11.6,83.48,21.22,16.63,Normal,Johto
883,Will_7154,Olivine City,Water,Totodile,3,36.5,39.5,67.9,228.0,2,5.9,284,81.9,2,1,6,719,31,9,6,0,1,0,30,7,2,150.9,165.1,6,0,0,0,,109,53,21.1,100.0,69.76,54.12,Steel,Johto
884,Dario_5281,Violet City,Fire,Cyndaquil,5,32.7,36.8,76.7,125.8,4,5.1,218,68.7,2,0,3,508,20,4,7,0,0,1,28,6,0,152.3,200.0,5,0,0,0,,95,26,10.4,40.07,84.63,28.39,Flying,Johto
885,Jasmine_8437,Cianwood City,Water,Totodile,1,34.6,50.6,59.5,224.1,1,1.4,444,52.0,2,1,3,1092,58,16,4,0,0,0,41,4,2,158.3,211.9,1,0,0,0,,38,37,14.7,25.07,53.68,96.28,Fighting,Johto
886,Crystal_3257,New Bark Town,Water,Totodile,1,25.6,26.9,81.7,154.0,3,1.6,424,81.6,3,0,9,1062,55,3,9,0,0,0,32,9,0,149.2,151.0,5,0,0,0,,114,48,19.1,100.0,86.23,93.43,None,Johto
887,Bugsy_3605,Olivine City,Water,Totodile,2,31.8,42.6,37.9,163.2,3,2.4,271,54.4,3,0,6,1202,34,9,6,0,1,1,31,7,1,129.9,142.4,4,0,0,0,,151,45,17.9,85.91,1.41,49.53,Steel,Johto
888,Bill_6475,Cianwood City,Grass,Chikorita,4,25.9,26.9,42.8,151.0,3,2.3,284,52.8,3,0,8,1566,27,2,7,0,3,1,32,7,0,200.4,252.4,3,0,0,0,,75,52,20.7,100.0,36.83,55.48,Fighting,Johto
889,Erika_9412,Blackthorn City,Fire,Cyndaquil,6,48.6,51.2,56.6,180.7,3,7.1,403,71.6,3,0,8,1384,42,11,12,0,0,1,44,10,3,171.7,198.1,6,0,0,0,,151,64,25.5,100.0,68.66,60.33,Dragon,Johto
890,Chuck_6751,Goldenrod City,Fire,Cyndaquil,4,28.7,32.0,57.0,100.1,4,2.0,233,82.3,4,0,7,1606,21,6,4,0,2,0,38,8,1,143.2,156.3,7,0,0,0,,63,58,23.1,100.0,79.49,34.07,Normal,Johto
891,Casey_1502,New Bark Town,Grass,Chikorita,6,28.0,28.6,67.1,133.8,3,1.3,272,71.1,2,0,2,1110,31,3,2,1,0,1,29,4,0,148.2,203.7,4,0,0,0,,80,15,6.0,44.42,96.26,47.06,None,Johto
892,Bill_6075,Cianwood City,Fire,Cyndaquil,5,26.1,28.8,65.3,211.0,2,1.0,428,22.8,2,1,3,1157,56,5,7,0,2,0,41,4,3,179.4,186.2,1,0,0,0,,65,28,11.2,38.6,18.91,86.06,Fighting,Johto
893,Samurai_4207,Cianwood City,Fire,Cyndaquil,1,31.7,33.5,86.6,179.4,4,2.9,218,70.2,3,1,1,1728,54,7,10,0,1,2,19,6,3,187.1,204.6,5,0,0,0,,97,49,19.5,91.32,86.99,51.43,Fighting,Johto
894,Brock_2141,New Bark Town,Grass,Chikorita,2,36.3,36.9,60.0,270.9,2,4.5,499,65.6,2,1,2,835,46,16,8,0,1,1,54,6,1,177.7,191.2,4,0,0,0,,147,59,23.5,60.58,74.38,99.92,None,Johto
895,Green_7514,Cianwood City,Fire,Cyndaquil,1,27.3,38.1,51.6,155.1,3,1.2,103,65.2,4,0,4,1448,24,2,3,0,2,2,19,4,2,156.5,162.7,4,0,0,0,,88,24,9.6,77.59,37.04,13.85,Fighting,Johto
896,Giovanni_7850,Ecruteak City,Fire,Cyndaquil,6,23.5,32.1,67.4,192.4,1,2.8,180,41.8,3,0,5,891,21,7,4,0,3,0,26,8,2,161.7,166.8,2,0,0,0,,70,29,11.6,54.46,55.16,19.96,Ghost,Johto
897,Red_7136,Violet City,Grass,Chikorita,5,32.8,33.6,74.7,173.1,5,0.0,423,58.3,3,0,2,1544,42,13,11,1,2,0,35,5,1,170.8,192.3,5,0,0,0,,35,52,20.7,35.55,98.6,80.68,Flying,Johto
898,Pryce_4246,Mahogany Town,Fire,Cyndaquil,1,36.2,46.4,73.3,137.1,2,4.2,198,79.3,4,0,6,1835,31,4,2,1,2,0,27,4,2,161.2,168.2,6,0,0,0,,130,37,14.7,82.59,88.23,30.27,Ice,Johto
899,Agatha_6218,Mahogany Town,Grass,Chikorita,5,45.8,50.2,47.6,202.5,2,6.2,470,66.8,2,1,5,984,46,9,4,0,0,0,36,10,2,128.4,169.9,6,0,0,0,,113,66,26.3,100.0,17.84,63.54,Ice,Johto
900,Will_6561,Goldenrod City,Fire,Cyndaquil,4,38.0,39.0,64.3,212.6,1,4.7,352,80.9,3,1,7,1580,29,9,12,0,0,1,36,7,0,163.6,164.7,5,0,0,0,,126,66,26.3,87.71,53.31,62.64,Normal,Johto
901,Brock_9128,New Bark Town,Grass,Chikorita,5,34.1,35.2,40.5,147.7,2,0.8,291,40.5,1,0,3,865,36,6,9,0,4,0,23,11,1,146.8,188.1,3,0,0,0,,82,38,15.1,69.94,24.62,73.78,None,Johto
902,Morty_1547,Ecruteak City,Water,Totodile,3,16.4,21.9,68.9,99.3,4,1.5,144,65.9,2,0,7,1246,14,5,0,1,1,1,14,11,2,170.1,178.3,4,0,0,0,,108,42,16.7,85.76,67.72,15.07,Ghost,Johto
903,Duplica_1378,Cianwood City,Grass,Chikorita,3,22.6,22.7,62.6,193.5,3,0.8,463,61.8,4,0,6,1574,43,13,9,1,2,2,39,8,2,166.0,166.4,3,0,0,0,,75,70,27.9,78.96,23.22,92.81,Fighting,Johto
904,Stella_7258,Mahogany Town,Fire,Cyndaquil,3,29.6,38.1,76.0,122.3,6,1.6,145,82.0,4,0,5,1929,25,7,7,1,6,2,16,9,1,141.3,188.1,8,1,1,1,183.0,147,54,21.5,82.47,92.1,9.87,Ice,Johto
905,Samurai_4688,Azalea Town,Fire,Cyndaquil,6,56.7,57.4,70.5,233.2,4,9.6,483,92.5,4,1,4,2040,57,17,15,1,2,0,46,8,2,180.6,194.7,8,1,1,1,501.0,117,57,22.7,91.49,67.36,78.64,Bug,Johto
906,Karen_1653,Cherrygrove City,Fire,Cyndaquil,4,22.5,28.8,53.0,230.7,2,0.9,275,66.2,4,1,6,1389,18,13,2,0,1,1,32,8,1,189.9,190.9,3,0,0,0,,81,50,19.9,95.34,55.12,52.42,None,Johto
907,Tracey_9625,Cianwood City,Water,Totodile,4,24.4,37.4,51.8,151.6,1,0.1,70,43.8,3,1,5,1027,18,2,0,0,2,1,11,10,2,182.7,220.9,2,0,0,0,,74,45,17.9,83.49,19.14,17.33,Fighting,Johto
908,Karen_5018,Cherrygrove City,Water,Totodile,2,40.0,49.7,61.3,143.5,4,3.2,442,63.4,1,0,6,711,59,6,13,0,0,0,49,7,1,163.0,165.2,5,0,0,0,,127,56,22.3,100.0,26.0,79.87,None,Johto
909,Gold_3017,Mahogany Town,Water,Totodile,2,28.6,38.2,85.2,260.4,3,1.9,476,82.0,2,1,5,1475,53,5,12,0,0,0,44,11,2,170.2,237.2,6,0,0,0,,73,68,27.1,82.59,91.8,84.4,Ice,Johto
910,Karen_2243,Azalea Town,Water,Totodile,4,31.6,35.5,76.8,256.4,1,2.2,450,64.7,2,1,6,980,46,10,13,0,0,0,34,8,1,154.1,175.0,4,0,0,0,,88,68,27.1,76.48,94.26,77.77,Bug,Johto
911,Gary_7379,Blackthorn City,Water,Totodile,3,40.0,51.6,74.5,131.9,1,3.2,381,63.2,3,0,3,1796,49,9,8,0,0,1,53,7,0,193.3,202.2,4,0,0,0,,82,51,20.3,56.04,91.54,76.69,Dragon,Johto
912,Giovanni_7251,New Bark Town,Fire,Cyndaquil,5,25.1,28.4,74.1,217.1,3,0.3,449,55.1,1,1,4,496,57,9,5,0,3,1,46,5,1,138.9,141.5,4,0,0,0,,90,78,31.1,51.99,87.25,89.74,None,Johto
913,Erika_8058,Cianwood City,Water,Totodile,1,40.9,51.0,59.4,153.1,1,1.0,500,53.8,2,0,3,1213,51,11,8,0,1,0,46,7,2,163.3,229.3,4,0,0,0,,83,53,21.1,71.98,42.6,84.96,Fighting,Johto
914,Green_9884,Mahogany Town,Water,Totodile,2,36.3,38.6,66.3,151.1,4,2.1,318,63.7,3,0,3,1577,38,9,5,0,2,0,26,5,1,215.5,226.0,6,0,0,0,,100,37,14.7,66.42,69.39,57.55,Ice,Johto
915,Lara_2851,New Bark Town,Water,Totodile,2,50.6,58.4,83.4,171.2,1,6.1,477,71.1,1,0,6,211,56,13,11,0,2,1,50,6,1,178.4,188.3,5,0,0,0,,149,74,29.5,72.54,65.72,93.3,None,Johto
916,Janine_3155,New Bark Town,Fire,Cyndaquil,6,18.6,19.2,61.0,127.2,2,1.3,300,60.6,1,0,5,690,30,8,6,0,0,0,23,12,2,200.2,220.5,2,0,0,0,,68,56,22.3,100.0,80.82,52.17,None,Johto
917,Gary_5542,Violet City,Grass,Chikorita,5,24.1,32.9,72.7,140.6,2,0.6,306,76.1,3,0,9,1071,26,9,9,0,5,1,31,9,0,164.8,176.5,4,0,0,0,,68,57,22.7,80.49,88.05,64.88,Flying,Johto
918,Crystal_8822,Azalea Town,Water,Totodile,5,40.1,41.7,46.3,208.2,2,2.5,366,52.8,1,1,4,344,46,12,10,0,2,0,36,6,0,170.9,181.0,3,0,0,0,,76,41,16.3,33.27,16.19,81.28,Bug,Johto
919,Joe_6105,Ecruteak City,Water,Totodile,6,37.6,52.3,47.6,165.1,3,3.3,215,68.6,1,1,3,274,27,6,7,0,2,0,23,9,4,153.7,161.9,5,0,0,0,,93,28,11.2,59.98,47.03,35.23,Ghost,Johto
920,Pryce_5603,Olivine City,Fire,Cyndaquil,2,25.5,27.1,69.9,250.3,2,2.0,404,66.4,4,1,4,1578,46,7,7,0,3,0,45,8,0,149.7,177.7,4,0,0,0,,99,56,22.3,56.17,90.32,88.62,Steel,Johto
921,Will_2993,Mahogany Town,Grass,Chikorita,5,41.7,44.7,57.4,206.6,3,3.7,325,56.8,2,0,8,1084,42,10,8,0,1,0,29,7,1,180.0,180.1,4,0,0,0,,107,73,29.1,100.0,35.7,58.89,Ice,Johto
922,Agatha_5713,Azalea Town,Fire,Cyndaquil,5,35.9,37.3,47.2,174.7,1,5.7,252,48.1,1,0,5,652,14,10,11,0,1,1,32,3,2,136.3,147.9,2,0,0,0,,50,42,16.7,38.47,10.19,31.5,Bug,Johto
923,Stella_9372,Blackthorn City,Fire,Cyndaquil,3,39.6,39.6,73.3,173.0,3,5.2,443,46.3,3,0,1,1650,48,6,11,0,2,0,49,7,0,175.8,188.1,3,0,0,0,,92,58,23.1,46.51,46.99,80.44,Dragon,Johto
924,James_2660,New Bark Town,Water,Totodile,3,33.1,42.8,57.3,213.3,2,3.2,197,39.4,1,1,3,943,22,5,4,0,1,0,28,4,5,148.2,156.9,1,0,0,0,,32,25,10.0,50.41,22.64,33.01,None,Johto
925,Lara_5837,Violet City,Water,Totodile,4,19.4,19.7,44.6,182.5,2,0.6,316,35.6,3,1,1,770,30,5,7,0,2,0,29,6,0,178.3,182.3,2,0,0,0,,102,29,11.6,24.07,29.87,61.48,Flying,Johto
926,Bruno_8035,Cianwood City,Fire,Cyndaquil,6,38.0,47.9,64.9,182.3,2,7.3,265,60.5,1,1,3,729,34,9,2,0,2,0,29,7,1,159.3,164.9,3,0,0,0,,122,30,12.0,36.95,68.97,32.93,Fighting,Johto
927,Dario_6088,Violet City,Water,Totodile,6,30.6,34.4,42.4,122.5,1,3.6,173,21.0,3,0,1,1266,22,1,4,1,2,0,22,4,2,126.8,130.5,1,0,0,0,,80,30,12.0,23.61,12.5,27.54,Flying,Johto
928,Green_5028,Mahogany Town,Water,Totodile,5,37.4,50.6,36.5,208.1,2,3.1,434,42.6,3,1,2,768,36,10,10,1,0,1,34,5,3,158.7,165.9,3,0,0,0,,113,30,12.0,22.38,24.02,84.29,Ice,Johto
929,Bugsy_9442,Azalea Town,Fire,Cyndaquil,1,25.6,26.2,63.6,134.0,4,1.3,176,61.5,1,0,7,412,11,4,5,0,0,0,15,11,1,137.0,139.0,4,0,0,0,,87,32,12.7,100.0,46.15,27.05,Bug,Johto
930,Lance_6898,Cianwood City,Water,Totodile,4,71.6,73.7,51.0,212.9,5,15.0,400,71.6,2,1,3,1101,23,9,6,0,2,0,31,6,2,154.0,164.2,8,1,1,1,415.0,200,42,16.7,37.07,30.41,52.01,Fighting,Johto
931,Giselle_4715,Ecruteak City,Fire,Cyndaquil,6,41.5,41.8,75.7,201.1,4,5.5,230,83.4,3,1,4,896,14,5,4,0,1,0,22,12,2,134.7,143.2,7,0,0,0,,105,56,22.3,100.0,84.27,44.35,Ghost,Johto
932,Bill_9680,Ecruteak City,Water,Totodile,6,46.5,53.3,61.7,217.2,5,7.2,340,58.8,1,1,6,365,47,8,12,0,1,0,33,10,0,188.2,207.5,6,0,0,0,,141,49,19.5,98.99,40.54,51.88,Ghost,Johto
933,Stella_2486,Goldenrod City,Water,Totodile,6,37.6,38.0,71.5,136.9,1,2.9,214,64.9,3,0,2,1144,22,3,2,0,1,1,23,5,1,156.5,167.1,3,0,0,0,,84,34,13.5,24.95,80.75,42.94,Normal,Johto
934,Stella_8594,Violet City,Water,Totodile,5,27.8,43.3,77.2,108.5,6,0.9,141,67.7,1,0,5,942,20,7,2,0,2,0,21,7,1,167.2,181.3,5,0,0,0,,85,26,10.4,73.15,89.09,24.64,Flying,Johto
935,Sabrina_3007,Mahogany Town,Fire,Cyndaquil,5,24.5,25.1,69.0,175.6,1,0.2,291,57.3,2,1,9,1049,45,4,7,0,1,1,26,7,1,172.8,173.3,3,0,0,0,,32,53,21.1,56.67,52.72,61.24,Ice,Johto
936,James_3668,Ecruteak City,Water,Totodile,3,29.5,32.3,52.3,249.6,3,2.3,457,43.8,3,1,2,1462,55,14,8,0,2,0,42,7,3,154.7,184.3,2,0,0,0,,84,40,15.9,29.47,1.15,77.11,Ghost,Johto
937,Ash_3077,Olivine City,Water,Totodile,6,30.7,44.1,57.4,232.6,1,1.9,388,42.5,3,1,5,1747,30,12,8,0,3,1,52,4,0,179.0,212.4,2,0,0,0,,103,45,17.9,31.51,12.66,62.07,Steel,Johto
938,Blaine_8152,Olivine City,Water,Totodile,6,30.0,32.2,28.7,121.3,2,2.0,96,58.3,1,0,1,13,16,2,6,0,0,0,12,4,0,139.3,145.9,3,0,0,0,,28,30,12.0,91.02,9.2,11.36,Steel,Johto
939,Giselle_5776,Goldenrod City,Water,Totodile,2,53.7,76.0,79.0,152.2,1,9.8,379,71.4,4,0,10,1588,43,16,8,0,1,2,35,7,2,179.8,182.7,6,0,0,0,,133,73,29.1,89.01,88.52,68.27,Normal,Johto
940,Dario_8633,New Bark Town,Fire,Cyndaquil,6,30.5,32.2,38.4,254.6,3,2.3,340,43.6,3,1,6,1541,37,9,6,1,2,1,26,6,1,156.5,180.7,3,0,0,0,,128,41,16.3,74.17,12.63,56.75,None,Johto
941,Jessie_5797,Ecruteak City,Fire,Cyndaquil,5,22.7,28.5,46.6,223.1,2,3.9,174,58.1,4,1,6,1608,32,3,1,0,1,0,25,1,1,188.6,202.0,3,0,0,0,,111,46,18.3,83.48,20.94,23.63,Ghost,Johto
942,Green_5621,Olivine City,Fire,Cyndaquil,4,34.4,34.8,55.5,137.0,2,0.4,184,36.5,3,0,5,1065,25,4,1,0,4,1,19,4,3,162.5,166.2,1,0,0,0,,49,36,14.3,55.6,28.01,45.84,Steel,Johto
943,Red_2358,Ecruteak City,Water,Totodile,6,37.2,51.7,78.1,142.5,3,5.9,241,63.0,3,0,4,1793,32,8,0,0,1,0,21,11,2,180.9,186.1,5,0,0,0,,120,43,17.1,99.49,79.6,26.55,Ghost,Johto
944,Dario_4648,New Bark Town,Water,Totodile,3,40.6,50.6,48.9,202.5,1,6.7,301,60.5,2,1,4,805,49,7,10,0,3,0,18,7,2,170.0,171.8,5,0,0,0,,145,43,17.1,67.14,17.85,50.22,None,Johto
945,Erika_9916,Goldenrod City,Grass,Chikorita,5,33.8,37.0,66.7,178.0,2,1.9,476,55.2,3,0,0,1363,43,9,8,1,0,1,41,10,2,167.3,167.4,4,0,0,0,,26,34,13.5,32.01,60.9,79.81,Normal,Johto
946,Blaine_8274,Cianwood City,Water,Totodile,3,33.1,33.8,65.7,252.7,3,0.1,368,54.6,3,1,3,1801,37,12,1,0,0,0,39,8,1,170.7,190.9,3,0,0,0,,128,50,19.9,37.7,79.95,69.83,Fighting,Johto
947,Lance_6449,Mahogany Town,Grass,Chikorita,3,30.2,30.9,60.1,158.3,5,1.4,250,58.0,2,1,2,952,24,8,0,0,2,1,29,6,2,156.6,201.2,4,0,0,0,,65,40,15.9,66.84,24.35,54.19,Ice,Johto
948,Red_5822,New Bark Town,Water,Totodile,2,51.2,51.6,59.9,162.2,2,7.8,457,61.0,2,0,0,999,47,11,11,0,3,1,57,4,0,163.4,164.5,6,0,0,0,,124,30,12.0,31.56,49.75,84.53,None,Johto
949,Joe_5892,Azalea Town,Water,Totodile,1,24.0,34.0,70.3,185.1,2,2.2,197,67.5,3,1,6,1260,30,10,6,0,1,0,23,5,1,137.7,145.9,5,0,0,0,,23,52,20.7,46.63,62.85,30.9,Bug,Johto
950,Blue_9711,Azalea Town,Water,Totodile,6,40.3,45.9,64.1,149.0,1,5.8,131,55.2,2,0,3,393,22,2,0,1,1,1,20,3,4,159.6,180.4,4,0,0,0,,120,34,13.5,49.02,60.67,16.21,Bug,Johto
951,Duplica_3559,Goldenrod City,Grass,Chikorita,2,30.7,33.0,57.3,152.3,3,1.0,346,52.3,2,0,3,752,41,8,8,1,0,1,33,8,1,182.2,193.4,3,0,0,0,,51,44,17.5,69.91,44.27,59.76,Normal,Johto
952,Bruno_4073,Goldenrod City,Water,Totodile,6,25.2,26.4,59.4,226.6,1,0.3,281,42.2,3,1,4,1555,40,7,11,0,1,0,29,3,4,160.9,169.6,2,0,0,0,,49,47,18.7,35.17,40.87,55.71,Normal,Johto
953,Whitney_2563,Cianwood City,Water,Totodile,6,50.1,74.3,68.8,221.7,5,9.6,328,62.7,1,1,2,342,39,13,7,0,2,0,31,2,1,111.9,112.1,6,0,0,0,,115,35,13.9,26.74,90.56,49.35,Fighting,Johto
954,Lara_5647,Cianwood City,Water,Totodile,3,44.0,57.1,65.1,219.0,2,5.8,426,52.9,2,1,4,1163,49,11,9,0,1,0,42,2,1,148.7,163.7,4,0,0,0,,96,55,21.9,26.68,28.03,86.31,Fighting,Johto
955,Brock_5741,Ecruteak City,Water,Totodile,6,40.1,40.5,73.5,239.7,2,4.8,452,46.3,2,1,1,956,52,11,7,0,2,0,47,9,0,167.2,174.3,3,0,0,0,,78,34,13.5,24.26,89.36,92.21,Ghost,Johto
956,Agatha_3759,Azalea Town,Water,Totodile,6,31.0,32.7,42.0,171.0,1,0.2,451,37.3,3,0,3,1490,44,11,7,0,2,0,52,8,0,137.9,141.7,2,0,0,0,,79,53,21.1,33.32,11.64,92.7,Bug,Johto
957,Blue_2719,Blackthorn City,Grass,Chikorita,4,19.0,24.4,61.3,192.9,4,2.3,234,68.7,3,1,3,1257,24,10,5,0,1,2,26,10,2,171.3,199.6,4,0,0,0,,144,43,17.1,97.91,59.02,35.92,Dragon,Johto
958,Will_7145,Mahogany Town,Fire,Cyndaquil,5,34.8,42.0,49.7,217.7,4,4.2,55,74.6,2,1,7,786,11,3,0,0,3,0,13,7,3,130.4,179.4,5,0,0,0,,105,40,15.9,100.0,38.47,10.41,Ice,Johto
959,Chuck_3108,Cherrygrove City,Fire,Cyndaquil,6,51.8,55.7,44.7,194.7,2,6.0,331,55.3,3,0,4,1395,42,12,9,0,3,0,17,9,0,214.4,224.2,5,0,0,0,,128,62,24.7,97.66,7.02,54.58,None,Johto
960,Janine_8962,Cherrygrove City,Fire,Cyndaquil,2,32.4,43.0,71.6,242.0,5,2.9,385,74.6,4,1,8,1798,47,8,12,0,2,1,38,11,0,174.3,197.0,6,0,0,0,,61,65,25.9,93.27,78.78,79.56,None,Johto
961,Yellow_9455,Azalea Town,Water,Totodile,4,32.4,48.1,75.9,194.3,2,1.3,379,50.8,2,0,7,936,44,5,9,0,1,0,34,8,0,158.5,165.4,3,0,0,0,,74,41,16.3,51.61,89.01,72.97,Bug,Johto
962,Bugsy_2428,Mahogany Town,Fire,Cyndaquil,6,38.7,41.1,62.4,176.7,5,7.7,277,54.7,3,1,1,1151,26,6,3,0,0,0,25,2,2,159.0,160.4,4,0,0,0,,152,33,13.1,48.8,35.9,26.83,Ice,Johto
963,Whitney_6419,Mahogany Town,Grass,Chikorita,4,20.7,22.2,58.6,124.4,1,0.7,248,56.6,2,0,5,1039,32,6,9,0,0,0,28,11,1,162.7,170.0,2,0,0,0,,56,37,14.7,63.72,43.24,50.74,Ice,Johto
964,Brock_8101,Goldenrod City,Fire,Cyndaquil,6,57.6,63.6,47.0,209.2,5,10.5,326,61.1,4,1,2,1553,42,13,7,1,3,0,24,5,3,161.9,165.2,6,0,0,0,,143,51,20.3,39.87,39.94,46.16,Normal,Johto
965,AJ_6668,Olivine City,Water,Totodile,3,40.4,42.1,76.7,198.7,1,6.2,361,72.5,2,1,2,1485,36,10,8,0,3,1,37,7,0,152.9,156.2,6,0,0,0,,114,45,17.9,42.06,89.23,49.01,Steel,Johto
966,Jasmine_2946,Olivine City,Fire,Cyndaquil,4,35.6,39.5,82.0,194.3,3,2.0,254,58.9,2,1,2,622,16,8,9,1,1,0,29,4,2,176.1,177.8,4,0,0,0,,59,12,4.8,21.79,69.85,37.32,Steel,Johto
967,Erika_8175,Violet City,Fire,Cyndaquil,2,19.9,20.7,71.1,150.5,1,0.2,169,78.9,3,0,0,1784,21,6,8,1,1,0,11,10,1,177.1,183.3,5,0,0,0,,68,35,13.9,94.69,84.66,25.34,Flying,Johto
968,Agatha_1898,Cherrygrove City,Water,Totodile,4,26.6,28.1,81.5,148.7,5,1.2,302,76.3,4,0,6,2247,31,5,11,1,3,1,35,7,0,138.5,145.1,6,0,0,0,,109,59,23.5,92.66,96.21,51.44,None,Johto
969,Bill_5770,Goldenrod City,Fire,Cyndaquil,6,48.9,53.3,64.7,219.9,3,8.9,334,80.3,3,1,6,1254,49,6,8,1,1,0,30,8,0,174.4,234.3,7,0,0,0,,126,63,25.1,90.73,65.46,50.34,Normal,Johto
970,Surge_1729,Blackthorn City,Water,Totodile,4,26.3,49.0,77.1,166.1,2,1.1,132,55.9,3,1,4,1353,7,7,5,0,2,0,18,11,0,142.7,147.9,3,0,0,0,,72,20,8.0,74.31,71.99,18.1,Dragon,Johto
971,Lorelei_1937,New Bark Town,Water,Totodile,1,22.1,27.5,75.9,81.9,1,2.3,110,65.3,2,0,8,948,27,4,2,1,1,1,18,5,0,190.5,197.8,2,0,0,0,,82,35,13.9,100.0,95.28,22.78,None,Johto
972,Morty_5340,Azalea Town,Fire,Cyndaquil,4,12.5,14.1,65.7,193.8,4,1.1,308,65.0,3,1,11,1444,40,5,0,1,4,0,39,11,3,183.3,207.7,4,0,0,0,,44,74,29.5,94.51,37.63,53.57,Bug,Johto
973,Todd_2836,New Bark Town,Fire,Cyndaquil,3,42.2,47.7,81.0,206.6,1,6.3,319,70.8,3,1,3,1129,38,8,5,0,0,4,34,7,0,156.2,166.0,5,0,0,0,,108,32,12.7,47.13,99.72,53.7,None,Johto
974,Aya_6198,Violet City,Water,Totodile,2,26.1,44.9,86.3,128.0,5,1.0,99,61.2,2,0,6,997,7,4,5,0,3,0,21,11,0,162.2,168.2,4,0,0,0,,45,32,12.7,100.0,89.08,17.98,Flying,Johto
975,Duplica_8871,Azalea Town,Grass,Chikorita,3,29.2,34.9,60.9,169.2,4,3.5,231,69.7,1,1,5,959,24,6,9,0,3,0,27,8,1,176.3,188.1,5,0,0,0,,105,50,19.9,85.45,46.74,40.45,Bug,Johto
976,Will_4296,Mahogany Town,Water,Totodile,2,35.9,37.7,50.2,121.1,2,4.2,210,38.6,2,0,4,1310,25,5,4,0,3,1,24,6,2,162.7,170.4,2,0,0,0,,124,46,18.3,20.46,14.55,25.4,Ice,Johto
977,Surge_8096,Azalea Town,Water,Totodile,4,40.6,49.8,68.2,254.4,5,6.7,498,83.5,2,1,6,1208,54,13,6,0,3,1,53,7,1,160.6,176.2,7,0,0,0,,107,81,32.3,100.0,64.35,89.76,Bug,Johto
978,Lance_5687,Blackthorn City,Grass,Chikorita,3,34.7,39.8,49.8,253.0,3,2.8,459,36.2,2,1,2,1003,40,5,4,0,3,0,37,5,1,152.5,170.4,2,0,0,0,,63,42,16.7,52.67,12.58,67.77,Dragon,Johto
979,Koji_7924,Blackthorn City,Fire,Cyndaquil,1,35.7,40.4,39.3,241.4,2,1.4,441,19.8,2,1,5,1338,56,4,7,0,1,2,40,5,0,192.3,207.9,1,0,0,0,,64,57,22.7,41.76,2.72,92.11,Dragon,Johto
980,Misty_9291,Blackthorn City,Grass,Chikorita,6,29.7,39.5,50.1,118.4,2,1.9,244,46.7,1,0,2,473,24,3,6,0,1,0,27,13,0,130.4,138.4,3,0,0,0,,52,42,16.7,71.24,11.31,44.99,Dragon,Johto
981,Will_7581,Goldenrod City,Fire,Cyndaquil,4,41.2,43.3,67.7,239.7,4,7.5,494,79.5,2,1,2,724,59,9,11,0,0,0,44,6,4,170.8,172.3,7,0,0,0,,134,67,26.7,100.0,92.55,86.45,Normal,Johto
982,Casey_8540,Goldenrod City,Water,Totodile,6,27.7,31.7,92.1,195.8,3,2.5,325,54.5,2,0,4,516,18,2,8,1,0,0,28,8,1,134.1,146.5,4,0,0,0,,76,53,21.1,20.29,89.15,38.93,Normal,Johto
983,Koji_5029,Mahogany Town,Grass,Chikorita,5,34.1,35.1,41.7,236.2,2,1.5,467,34.1,2,1,2,1029,47,16,2,1,3,0,41,7,2,154.8,227.3,3,0,0,0,,80,57,22.7,41.31,3.7,80.6,Ice,Johto
984,Daisy_9255,New Bark Town,Fire,Cyndaquil,4,58.1,60.6,69.6,110.9,4,9.3,269,77.2,1,0,4,653,36,7,9,1,1,0,30,7,0,157.7,186.2,7,0,0,0,,129,38,15.1,40.39,93.84,45.92,None,Johto
985,Sabrina_1249,Azalea Town,Water,Totodile,3,36.2,47.3,84.0,129.3,6,4.8,222,82.5,2,0,4,784,21,4,4,0,4,1,23,9,0,213.3,249.9,7,0,0,0,,77,45,17.9,85.41,78.1,26.13,Bug,Johto
986,AJ_2782,Goldenrod City,Grass,Chikorita,6,14.1,19.4,60.0,149.6,3,1.1,51,53.7,3,0,1,1537,20,2,2,0,3,0,7,5,3,166.0,172.1,1,0,0,0,,91,16,6.4,38.38,51.82,11.08,Normal,Johto
987,Jasmine_3722,Cianwood City,Fire,Cyndaquil,4,51.1,54.0,78.1,199.0,1,8.1,393,66.6,3,1,0,1486,42,5,7,0,3,0,51,8,2,166.0,194.0,5,0,0,0,,91,55,21.9,26.86,79.14,56.88,Fighting,Johto
988,Agatha_2591,Azalea Town,Grass,Chikorita,2,40.1,62.8,74.5,306.2,5,4.7,529,59.8,1,1,4,263,49,14,6,0,1,0,50,4,0,162.1,192.0,5,0,0,0,,160,52,20.7,69.32,54.91,85.56,Bug,Johto
989,Clair_7301,Cianwood City,Fire,Cyndaquil,5,23.4,24.1,73.5,128.2,2,0.1,268,58.3,2,0,2,1211,37,8,3,0,3,0,25,7,1,164.5,175.0,3,0,0,0,,20,37,14.7,31.6,74.94,59.27,Fighting,Johto
990,Silver_9334,Goldenrod City,Fire,Cyndaquil,6,26.1,26.5,79.4,161.2,2,2.0,133,54.2,3,1,2,1198,17,2,4,0,1,0,14,5,1,143.9,158.4,2,0,0,0,,42,26,10.4,44.21,69.67,17.0,Normal,Johto
991,James_3472,Azalea Town,Grass,Chikorita,4,29.1,33.3,69.9,95.7,2,0.8,154,54.9,3,0,8,1368,26,1,0,0,1,0,18,8,2,165.1,176.0,3,0,0,0,,29,26,10.4,78.89,61.44,35.29,Bug,Johto
992,Janine_2209,New Bark Town,Water,Totodile,6,45.5,56.2,32.7,221.5,2,6.0,460,37.6,2,1,2,1020,46,10,8,1,1,0,47,5,5,180.6,193.8,4,0,0,0,,72,56,22.3,53.18,14.79,77.47,None,Johto
993,Samurai_9431,Mahogany Town,Water,Totodile,6,42.0,42.0,73.2,157.2,1,5.7,247,72.6,2,0,5,944,25,6,7,0,2,0,27,2,2,161.8,166.9,5,0,0,0,,95,47,18.7,47.28,86.03,22.48,Ice,Johto
994,Gary_7875,Cherrygrove City,Water,Totodile,2,58.2,87.9,79.2,261.3,5,10.9,545,90.6,2,1,7,780,58,17,9,1,4,0,57,12,2,169.1,176.3,8,1,1,1,561.0,144,73,29.1,90.5,87.61,90.46,None,Johto
995,Lance_9017,Olivine City,Water,Totodile,4,25.8,40.2,50.9,174.4,1,2.1,35,72.7,3,1,7,1110,10,0,9,1,2,0,9,10,0,187.0,203.6,5,0,0,0,,46,31,12.4,90.29,54.27,5.43,Steel,Johto
996,Jasmine_4240,New Bark Town,Water,Totodile,4,48.0,49.8,55.6,165.9,1,7.7,443,40.8,2,0,4,770,52,10,10,1,3,1,35,7,2,177.3,182.7,3,0,0,0,,170,64,25.5,59.9,2.48,75.13,None,Johto
997,Red_3585,Violet City,Fire,Cyndaquil,4,24.7,27.3,51.3,92.9,5,1.5,133,43.5,2,0,4,997,25,4,5,0,0,1,20,6,0,172.4,190.7,3,0,0,0,,107,31,12.4,74.94,21.82,22.32,Flying,Johto
998,Janine_1732,Violet City,Fire,Cyndaquil,5,24.8,36.1,47.9,95.9,3,2.4,117,33.4,2,0,5,837,12,4,3,0,0,0,15,4,3,135.4,135.8,1,0,0,0,,73,42,16.7,41.56,14.76,6.76,Flying,Johto
999,Giselle_2302,New Bark Town,Water,Totodile,2,19.2,21.6,34.7,87.6,1,0.5,130,12.2,4,0,3,1462,22,5,2,0,1,0,15,7,1,142.0,147.7,0,0,0,0,,52,23,9.2,26.17,5.91,10.11,None,Johto
1000,Bugsy_6965,Ecruteak City,Grass,Chikorita,4,44.0,48.1,86.6,273.6,4,5.0,418,59.0,3,1,2,1197,41,17,13,0,2,0,45,7,3,181.8,185.1,4,0,0,0,,88,45,17.9,41.68,51.01,82.64,Ghost,Johto
