trainer_id,trainer_name,hometown,starter_type,starter_species,team_size,team_level_avg,team_level_max,team_avg_iv_total,team_avg_ev_total,type_diversity,trainer_experience,play_hours,strategy_score,wealth,cave_training,safari_zone_visits,dept_store_spending,potions_purchased,revives_used,tm_count,exp_share_used,held_item_count,rare_candy_used,gym_pokemon_center_visits,fishing_attempts,traded_pokemon_count,team_happiness_avg,team_friendship_max,badges,elite_four_attempted,elite_four_wins,champion_defeated,hall_of_fame_time,total_battles_won,total_pokemon_caught,pokedex_completion,patience,natural_talent,dedication,hometown_gym_type,region
1,Morty_6903,Lavender Town,Fire,Charmander,6,28.5,34.8,67.5,147.9,2,1.7,249,41.0,2,0,1,1463,29,12,3,0,2,0,28,4,1,112.8,115.8,1,0,0,0,,81,57,37.7,54.22,35.67,34.91,Ghost,Kanto
2,Giselle_6997,Viridian City,Fire,Charmander,6,34.2,52.0,82.4,309.1,2,0.2,566,55.8,4,1,2,1926,81,7,16,0,3,0,70,2,2,136.1,139.1,3,0,0,0,,125,80,53.0,10.98,80.8,95.46,Ground,Kanto
3,Gold_3163,Celadon City,Water,Squirtle,4,56.7,69.4,68.9,281.7,3,10.0,404,78.0,3,1,4,2419,42,10,12,1,3,0,71,5,1,178.5,182.2,7,0,0,0,,125,68,45.0,87.54,39.05,40.27,Grass,Kanto
4,Richie_2605,Cinnabar Island,Grass,Bulbasaur,5,34.9,38.2,19.1,176.7,4,3.8,247,57.0,3,1,6,1924,37,6,13,1,1,1,31,5,1,164.4,167.1,5,0,0,0,,72,58,38.4,72.76,23.14,32.02,Fire,Kanto
5,Silver_8159,Cinnabar Island,Water,Squirtle,2,48.5,48.6,74.8,210.3,5,2.6,621,35.7,4,0,1,2076,78,14,15,0,6,0,74,7,1,127.3,140.0,4,0,0,0,,130,74,49.0,7.86,60.95,97.43,Fire,Kanto
6,Whitney_5999,Saffron City,Water,Squirtle,6,40.5,58.5,47.5,220.0,1,4.9,337,74.6,4,1,5,1661,56,5,10,1,1,2,46,9,2,146.5,150.3,5,0,0,0,,159,63,41.7,85.03,55.42,57.86,Psychic,Kanto
7,Daisy_3521,Vermilion City,Water,Squirtle,6,42.1,50.3,65.5,115.3,2,7.1,117,50.7,3,0,1,1556,16,2,7,1,1,1,19,8,3,176.1,193.3,4,0,0,0,,142,33,21.9,34.97,25.58,4.96,Electric,Kanto
8,Bugsy_6883,Cinnabar Island,Water,Squirtle,2,46.2,60.6,36.0,236.9,1,5.2,460,43.3,4,0,6,2268,64,10,17,1,1,0,55,4,2,153.9,166.0,4,0,0,0,,126,71,47.0,70.11,2.28,70.14,Fire,Kanto
9,Dario_3637,Saffron City,Water,Squirtle,4,33.2,49.1,55.9,130.2,1,2.1,161,42.8,3,0,1,1507,26,7,5,1,2,0,30,7,5,112.3,168.5,2,0,0,0,,108,11,7.3,21.03,38.08,18.6,Psychic,Kanto
10,AJ_6763,Vermilion City,Grass,Bulbasaur,5,48.2,49.1,49.1,224.0,3,7.5,156,55.2,3,1,2,2228,21,0,5,0,1,1,26,5,3,137.2,146.3,6,0,0,0,,123,40,26.5,29.21,9.44,26.64,Electric,Kanto
11,Erika_5718,Vermilion City,Grass,Bulbasaur,6,38.2,41.9,85.2,206.3,2,0.5,346,62.1,4,0,0,2083,56,9,17,0,2,2,30,0,0,168.9,172.6,4,0,0,0,,86,50,33.1,33.24,99.82,71.02,Electric,Kanto
12,AJ_3827,Pewter City,Grass,Bulbasaur,3,36.0,37.6,68.6,223.0,1,3.2,420,40.6,3,1,1,1963,52,12,12,1,4,0,44,0,2,137.6,162.0,3,0,0,0,,152,54,35.8,15.44,51.92,72.94,Rock,Kanto
13,Blaine_1233,Viridian City,Water,Squirtle,6,49.3,51.1,64.0,290.5,2,5.3,412,61.5,4,1,6,2262,56,11,6,1,2,1,53,6,0,159.7,162.7,6,0,0,0,,97,63,41.7,74.86,70.45,56.37,Ground,Kanto
14,Ash_3064,Cerulean City,Water,Squirtle,5,60.4,71.9,38.0,276.1,3,11.1,614,57.0,3,1,4,1794,71,13,20,1,2,0,58,7,2,140.5,165.5,7,0,0,0,,180,85,56.3,74.79,18.86,89.27,Water,Kanto
15,Koga_8217,Saffron City,Grass,Bulbasaur,4,36.9,45.2,53.6,274.0,3,5.1,311,49.9,3,1,3,1477,35,9,7,0,1,1,40,1,0,157.3,166.4,3,0,0,0,,171,47,31.1,56.24,38.52,26.88,Psychic,Kanto
16,Green_8766,Fuchsia City,Water,Squirtle,6,38.7,40.1,79.7,274.1,4,1.5,493,56.7,4,1,3,1660,58,11,12,0,1,0,48,9,2,154.5,171.1,4,0,0,0,,143,66,43.7,77.63,74.83,81.82,Poison,Kanto
17,Misty_8457,Cerulean City,Grass,Bulbasaur,6,20.5,21.3,53.0,158.1,1,1.8,72,45.9,2,0,2,1719,15,6,0,1,2,0,13,3,1,134.9,142.6,2,0,0,0,,77,29,19.2,63.8,18.56,5.58,Water,Kanto
18,Todd_2142,Celadon City,Grass,Bulbasaur,6,43.1,50.8,92.5,198.7,4,5.4,283,69.0,3,1,4,1770,33,10,6,0,1,0,34,3,2,133.4,144.4,6,0,0,0,,184,50,33.1,39.49,97.63,36.11,Grass,Kanto
19,Bugsy_1469,Vermilion City,Fire,Charmander,3,39.5,42.5,55.5,270.3,5,2.9,422,48.9,3,1,4,1504,51,6,11,0,2,1,55,5,3,156.1,161.7,3,0,0,0,,110,76,50.3,76.42,4.54,76.59,Electric,Kanto
20,AJ_8883,Cerulean City,Water,Squirtle,4,55.8,61.0,42.9,227.9,2,8.9,236,71.8,4,1,3,2418,16,6,4,0,4,1,32,4,1,141.1,143.2,6,0,0,0,,78,46,30.5,89.02,7.25,13.78,Water,Kanto
21,Bill_2920,Vermilion City,Fire,Charmander,6,42.3,54.7,44.5,248.2,3,4.6,405,41.0,3,1,4,1610,51,12,10,0,5,0,69,6,0,87.8,108.4,2,0,0,0,,111,71,47.0,29.23,26.71,52.69,Electric,Kanto
22,Gary_9954,Cinnabar Island,Grass,Bulbasaur,6,58.3,67.5,94.5,285.5,3,7.2,423,83.3,3,1,7,1909,44,7,12,1,3,0,48,3,0,154.7,155.5,7,0,0,0,,148,49,32.5,75.89,93.71,67.67,Fire,Kanto
23,Misty_2203,Celadon City,Water,Squirtle,2,58.9,64.0,79.2,308.9,1,7.9,590,54.1,4,1,1,2515,80,13,12,0,2,1,69,5,3,117.2,124.6,4,0,0,0,,147,57,37.7,16.08,74.67,95.89,Grass,Kanto
24,Silver_1069,Viridian City,Grass,Bulbasaur,6,39.7,46.2,47.8,135.0,2,3.9,274,51.9,2,0,6,1132,32,9,4,0,2,0,30,6,2,115.6,117.5,2,0,0,0,,109,64,42.4,87.93,47.41,31.63,Ground,Kanto
25,Jessie_9599,Cinnabar Island,Fire,Charmander,5,45.5,51.5,78.1,271.7,2,4.4,450,78.2,3,1,4,1813,59,7,12,1,2,2,59,4,3,161.2,211.9,7,0,0,0,,103,66,43.7,68.53,86.19,83.68,Fire,Kanto
26,Stella_7548,Saffron City,Water,Squirtle,6,32.1,49.6,90.5,274.9,3,1.0,396,53.7,3,1,1,1325,51,10,9,0,4,2,50,3,4,158.2,159.9,3,0,0,0,,70,45,29.8,32.73,81.87,62.77,Psychic,Kanto
27,Agatha_5032,Celadon City,Fire,Charmander,4,39.8,47.2,63.2,272.9,1,1.8,496,43.1,3,1,4,1374,82,12,13,1,0,1,61,9,1,113.4,118.9,3,0,0,0,,77,73,48.3,44.57,44.85,87.34,Grass,Kanto
28,Todd_6075,Fuchsia City,Fire,Charmander,3,44.3,45.1,48.5,347.6,3,0.9,510,20.2,2,1,2,1325,62,17,9,1,2,1,57,2,1,168.2,170.1,3,0,0,0,,86,69,45.7,10.01,4.21,79.24,Poison,Kanto
29,Koji_8713,Fuchsia City,Fire,Charmander,6,30.4,32.5,53.0,257.6,5,1.6,343,32.4,3,1,2,1608,39,13,8,0,3,3,35,5,0,141.0,142.6,3,0,0,0,,91,44,29.1,32.58,22.6,52.46,Poison,Kanto
30,Giovanni_4835,Pallet Town,Fire,Charmander,5,24.9,33.2,36.3,175.4,1,0.1,181,44.4,3,1,5,1869,16,3,0,0,3,0,27,6,1,149.4,154.3,0,0,0,0,,33,40,26.5,80.4,1.74,12.83,None,Kanto
31,Tracey_1150,Cerulean City,Water,Squirtle,3,37.6,57.1,63.0,167.2,2,7.3,320,56.0,4,0,4,1908,43,10,9,1,2,2,35,4,5,169.7,187.9,3,0,0,0,,75,41,27.2,96.35,23.73,31.96,Water,Kanto
32,Crystal_7823,Lavender Town,Water,Squirtle,5,68.1,83.5,72.4,253.5,3,14.3,500,70.4,4,1,3,1661,52,13,14,0,3,2,51,5,0,156.9,159.4,6,0,0,0,,245,53,35.1,76.71,58.8,48.2,Ghost,Kanto
33,Blaine_7548,Saffron City,Fire,Charmander,6,24.0,45.6,73.5,227.4,4,1.3,350,77.2,4,1,6,2266,45,7,7,0,1,0,45,9,2,170.7,187.4,5,0,0,0,,123,61,40.4,90.06,78.2,75.52,Psychic,Kanto
34,Bugsy_4717,Celadon City,Water,Squirtle,4,38.3,39.6,48.9,252.2,1,3.8,213,57.0,4,1,6,2653,30,8,7,0,4,1,22,12,0,171.2,171.5,3,0,0,0,,106,60,39.7,63.28,49.64,31.91,Grass,Kanto
35,Karen_5994,Vermilion City,Fire,Charmander,5,31.8,51.2,84.1,266.0,6,0.5,445,60.9,3,1,2,1795,63,10,13,1,1,0,55,9,1,175.5,207.3,5,0,0,0,,45,68,45.0,85.3,66.58,73.16,Electric,Kanto
36,Green_9137,Vermilion City,Fire,Charmander,5,42.9,51.7,38.1,309.9,4,3.6,437,35.8,4,1,0,2178,54,7,21,0,3,1,38,3,1,124.3,147.1,4,0,0,0,,144,50,33.1,17.38,9.86,79.83,Electric,Kanto
37,Lara_5841,Celadon City,Water,Squirtle,5,34.4,38.3,68.0,252.7,5,1.8,324,30.9,4,1,0,2384,43,10,9,1,2,0,38,7,1,146.8,147.4,3,0,0,0,,124,51,33.8,31.23,22.28,44.42,Grass,Kanto
38,Gary_5272,Cinnabar Island,Grass,Bulbasaur,6,46.7,47.0,87.2,172.5,2,3.9,429,61.9,3,0,2,1986,53,8,5,0,3,1,45,4,1,168.4,170.0,5,0,0,0,,93,38,25.2,24.76,77.3,73.58,Fire,Kanto
39,Crystal_5152,Celadon City,Fire,Charmander,3,34.1,37.1,47.8,248.3,3,2.3,502,28.3,5,1,1,2364,65,11,9,1,2,0,72,5,1,170.0,174.3,2,0,0,0,,21,68,45.0,13.1,31.92,87.57,Grass,Kanto
40,Crystal_2070,Celadon City,Grass,Bulbasaur,6,39.1,40.4,63.2,233.6,5,3.7,532,48.9,5,0,3,2738,64,12,17,1,2,1,63,2,0,148.8,153.9,5,0,0,0,,110,72,47.7,28.53,22.57,86.98,Grass,Kanto
41,Surge_8779,Celadon City,Grass,Bulbasaur,6,30.5,37.0,87.0,141.8,1,1.5,175,65.2,2,0,4,1134,20,3,0,0,3,0,22,1,1,133.6,139.5,4,0,0,0,,127,37,24.5,30.36,96.44,15.19,Grass,Kanto
42,Daisy_4763,Pewter City,Water,Squirtle,5,59.9,70.4,40.6,310.1,1,9.2,487,34.4,3,1,4,1645,52,9,12,0,3,0,57,7,2,159.4,192.2,4,0,0,0,,126,67,44.4,72.09,0.3,54.77,Rock,Kanto
43,Bruno_4590,Cerulean City,Water,Squirtle,5,24.8,28.1,37.3,94.3,2,1.8,118,50.8,3,0,3,1378,16,4,6,0,2,2,25,2,0,159.2,180.8,2,0,0,0,,87,35,23.2,75.38,4.98,1.1,Water,Kanto
44,Lorelei_8672,Vermilion City,Fire,Charmander,6,71.2,78.9,69.1,175.0,4,10.0,465,38.0,4,0,0,2392,60,13,14,1,2,2,59,4,0,169.5,175.3,6,0,0,0,,149,42,27.8,44.24,50.04,76.51,Electric,Kanto
45,Sabrina_7162,Cerulean City,Water,Squirtle,5,52.3,70.3,83.0,251.4,2,4.8,238,56.3,2,1,2,1256,35,8,12,0,3,0,33,6,0,150.6,164.4,5,0,0,0,,124,34,22.5,75.66,86.7,29.35,Water,Kanto
46,Ash_4712,Vermilion City,Fire,Charmander,3,35.3,35.7,56.2,90.4,3,2.4,108,27.4,3,0,0,1485,7,4,6,0,3,0,19,3,2,140.2,172.0,1,0,0,0,,89,25,16.6,13.58,17.89,2.47,Electric,Kanto
47,Yellow_3380,Vermilion City,Grass,Bulbasaur,6,56.7,74.2,41.5,268.8,1,9.4,422,49.0,3,1,0,1646,51,11,10,1,1,2,46,7,0,139.2,142.4,4,0,0,0,,104,48,31.8,3.92,9.9,58.41,Electric,Kanto
48,Giovanni_7011,Cinnabar Island,Fire,Charmander,6,33.3,46.3,66.4,246.9,2,4.1,361,56.9,3,1,4,1812,48,8,10,1,3,1,39,6,2,126.5,137.1,5,0,0,0,,53,65,43.0,91.2,50.24,58.81,Fire,Kanto
49,Will_6745,Celadon City,Fire,Charmander,6,25.3,41.5,49.3,158.8,4,0.5,259,46.1,4,0,2,2956,39,5,4,0,1,4,43,6,0,150.9,174.8,3,0,0,0,,64,41,27.2,72.35,21.07,32.43,Grass,Kanto
50,Bill_4845,Pallet Town,Grass,Bulbasaur,3,20.7,32.1,59.7,213.3,2,0.3,149,39.5,2,1,1,830,19,2,5,1,0,0,22,7,0,140.0,145.9,2,0,0,0,,62,19,12.6,54.98,24.28,22.94,None,Kanto
51,Red_9183,Pewter City,Water,Squirtle,3,52.9,66.3,55.8,243.7,2,8.1,483,44.8,4,1,0,2221,46,17,11,1,4,1,48,5,3,123.9,146.4,5,0,0,0,,135,48,31.8,28.14,29.26,65.92,Rock,Kanto
52,Lance_5278,Saffron City,Grass,Bulbasaur,6,37.1,38.4,92.2,170.8,2,0.7,437,40.5,4,0,3,2222,52,9,10,0,2,2,43,4,1,156.7,158.3,2,0,0,0,,71,65,43.0,21.81,76.96,89.33,Psychic,Kanto
53,Misty_6407,Pallet Town,Water,Squirtle,6,46.2,50.7,62.1,233.3,2,5.8,466,71.3,3,1,4,1440,60,11,10,1,2,1,50,12,3,116.8,133.3,7,0,0,0,,132,72,47.7,91.03,40.37,71.09,None,Kanto
54,Janine_8320,Celadon City,Fire,Charmander,5,25.4,31.9,63.4,165.4,2,0.5,365,54.0,2,0,3,1602,42,4,6,1,2,0,61,8,0,147.7,148.3,4,0,0,0,,99,51,33.8,33.35,84.05,56.79,Grass,Kanto
55,James_1775,Cinnabar Island,Water,Squirtle,6,72.6,76.5,47.1,243.1,5,13.0,630,60.4,3,1,4,1733,58,15,10,0,0,2,74,4,3,176.8,188.8,6,0,0,0,,153,97,64.2,65.39,32.44,86.32,Fire,Kanto
56,Erika_9208,Pallet Town,Fire,Charmander,3,39.2,43.0,43.5,223.9,2,4.0,483,39.5,4,0,4,2456,60,8,9,1,3,1,72,10,0,118.3,124.2,4,0,0,0,,144,79,52.3,21.94,23.99,77.29,None,Kanto
57,Erika_8602,Cinnabar Island,Water,Squirtle,1,84.0,84.7,54.8,236.8,4,15.0,535,59.0,4,1,1,2340,63,16,15,0,4,2,72,2,0,117.5,167.6,7,0,0,0,,232,52,34.4,49.68,2.02,67.77,Fire,Kanto
58,Brock_4865,Saffron City,Fire,Charmander,5,39.0,42.6,89.6,235.5,3,3.1,379,42.4,2,1,0,1558,51,9,7,0,2,0,52,1,3,103.1,108.6,3,0,0,0,,87,43,28.5,5.84,89.96,58.34,Psychic,Kanto
59,Aya_7744,Cinnabar Island,Fire,Charmander,3,34.8,35.1,55.2,240.5,4,0.7,401,47.7,4,1,2,2983,47,11,10,0,1,2,38,5,0,109.9,116.8,3,0,0,0,,65,48,31.8,77.81,7.55,66.25,Fire,Kanto
60,Jasmine_6565,Lavender Town,Water,Squirtle,5,74.4,78.1,53.7,263.5,6,15.0,597,94.9,2,1,3,1214,70,14,7,1,3,0,70,6,0,144.1,157.2,8,1,1,1,618.0,189,72,47.7,98.35,64.66,80.47,Ghost,Kanto
61,Jasmine_9099,Vermilion City,Grass,Bulbasaur,6,42.0,45.3,77.0,79.4,6,7.9,163,71.4,3,0,5,1516,22,7,7,0,0,3,33,1,1,127.8,135.0,7,0,0,0,,163,52,34.4,74.27,78.1,22.28,Electric,Kanto
62,Red_2366,Vermilion City,Grass,Bulbasaur,3,41.8,42.9,58.1,187.4,4,1.0,121,60.5,4,1,5,2408,38,8,4,1,2,2,27,2,1,132.2,142.7,7,0,0,0,,107,23,15.2,73.65,54.22,22.8,Electric,Kanto
63,Red_4661,Cinnabar Island,Fire,Charmander,6,15.6,16.6,70.7,150.8,2,0.6,350,73.5,3,0,4,1447,47,6,11,0,1,0,35,6,3,156.2,165.2,4,0,0,0,,66,57,37.7,74.65,76.45,61.59,Fire,Kanto
64,Sabrina_2377,Viridian City,Water,Squirtle,3,46.6,71.3,68.4,281.6,2,5.1,469,60.2,4,1,1,2140,52,6,10,1,3,3,47,5,0,144.0,157.8,6,0,0,0,,57,56,37.1,18.02,63.09,68.26,Ground,Kanto
65,Duplica_4559,Lavender Town,Water,Squirtle,5,25.7,31.9,90.1,153.2,3,0.3,350,38.4,3,0,3,1554,48,8,7,1,2,2,48,4,0,133.1,148.3,2,0,0,0,,29,60,39.7,24.79,95.46,70.6,Ghost,Kanto
66,Clair_8519,Vermilion City,Grass,Bulbasaur,6,25.6,27.7,85.6,244.1,2,0.4,444,58.6,3,1,3,1370,69,5,10,0,2,0,53,7,1,175.0,194.4,2,0,0,0,,125,59,39.1,72.68,89.36,81.16,Electric,Kanto
67,Crystal_7381,Pewter City,Fire,Charmander,6,44.5,52.2,56.7,214.9,3,3.8,301,44.1,4,0,0,1861,44,11,10,1,1,1,35,2,2,135.0,149.5,5,0,0,0,,113,29,19.2,10.54,9.52,49.85,Rock,Kanto
68,Karen_9391,Pewter City,Fire,Charmander,1,39.8,73.6,44.4,136.8,3,2.3,278,19.2,4,0,1,2631,52,6,9,1,2,0,45,2,2,133.9,170.6,2,0,0,0,,112,29,19.2,5.67,0.22,35.86,Rock,Kanto
69,Lara_5460,Cinnabar Island,Water,Squirtle,6,35.5,37.1,46.2,152.6,2,4.5,165,49.9,4,0,5,1826,28,4,0,1,4,4,20,3,1,160.1,178.0,4,0,0,0,,95,36,23.8,64.8,17.88,17.5,Fire,Kanto
70,Bill_8922,Fuchsia City,Water,Squirtle,6,30.9,58.8,43.9,83.0,3,1.0,67,36.9,2,0,4,1343,15,1,0,0,1,0,13,2,2,146.1,165.3,1,0,0,0,,91,32,21.2,31.6,11.9,2.29,Poison,Kanto
71,Bugsy_1128,Pewter City,Fire,Charmander,5,49.1,52.5,43.6,216.8,2,7.0,382,31.5,5,1,0,2930,37,10,6,0,3,2,31,5,0,131.4,136.9,2,0,0,0,,99,34,22.5,5.06,9.4,44.27,Rock,Kanto
72,Silver_9220,Vermilion City,Grass,Bulbasaur,6,28.5,35.9,51.8,200.2,4,4.0,113,48.8,2,1,3,775,18,8,8,1,2,0,19,4,2,157.0,162.4,4,0,0,0,,134,25,16.6,34.02,33.12,7.47,Electric,Kanto
73,Blaine_7602,Cinnabar Island,Grass,Bulbasaur,6,52.9,55.5,66.0,270.0,5,8.5,441,42.2,3,1,3,1505,54,12,9,1,0,0,53,1,2,124.1,132.7,5,0,0,0,,82,61,40.4,51.4,17.7,67.68,Fire,Kanto
74,Lara_5120,Cinnabar Island,Fire,Charmander,6,39.9,73.9,67.8,272.7,1,5.3,464,51.4,5,1,1,2807,49,10,11,1,2,1,61,5,1,117.7,125.2,5,0,0,0,,98,81,53.6,8.01,35.57,67.21,Fire,Kanto
75,Giselle_1402,Pewter City,Fire,Charmander,5,47.4,48.4,47.2,232.1,1,1.8,483,50.8,4,0,4,2400,64,14,11,1,5,0,42,5,3,158.3,195.3,7,0,0,0,,69,75,49.7,61.06,29.07,87.52,Rock,Kanto
76,Giovanni_9725,Celadon City,Grass,Bulbasaur,6,30.2,33.5,59.2,167.4,3,4.6,219,45.5,3,0,1,2385,28,7,10,0,1,1,33,4,0,158.8,160.8,3,0,0,0,,97,18,11.9,10.84,55.49,32.69,Grass,Kanto
77,Green_6270,Pallet Town,Fire,Charmander,6,34.0,40.8,46.4,115.4,1,2.1,273,63.9,1,0,7,571,51,11,2,0,1,1,33,11,0,177.6,195.2,4,0,0,0,,71,60,39.7,88.85,25.76,44.73,None,Kanto
78,Bugsy_1687,Saffron City,Grass,Bulbasaur,3,41.4,46.1,77.3,310.5,2,1.8,638,49.4,5,1,3,2465,71,21,15,0,5,1,65,0,1,148.8,151.3,3,0,0,0,,62,87,57.6,26.35,91.29,94.63,Psychic,Kanto
79,Sabrina_1360,Lavender Town,Fire,Charmander,3,30.7,40.4,44.4,251.5,2,0.5,434,21.1,3,1,5,1329,50,8,15,1,2,0,39,3,2,126.5,128.7,2,0,0,0,,76,56,37.1,39.54,5.88,78.05,Ghost,Kanto
80,Gold_1900,Vermilion City,Grass,Bulbasaur,4,21.2,32.9,68.7,228.7,3,0.6,526,58.6,3,0,1,1534,56,9,13,1,2,3,61,1,1,139.0,140.0,4,0,0,0,,99,63,41.7,16.54,92.2,94.22,Electric,Kanto
81,Surge_2287,Pallet Town,Water,Squirtle,6,56.5,64.5,58.9,247.8,1,14.0,404,65.0,1,1,4,525,34,9,5,0,3,0,55,3,3,135.1,138.3,6,0,0,0,,174,81,53.6,50.12,60.74,43.24,None,Kanto
82,Aya_7599,Pallet Town,Grass,Bulbasaur,3,50.4,60.3,60.1,246.8,3,3.1,403,42.9,3,1,6,1845,49,9,8,1,6,1,50,7,1,161.3,165.4,5,0,0,0,,89,74,49.0,53.93,17.16,79.15,None,Kanto
83,Morty_8446,Celadon City,Fire,Charmander,4,71.3,75.2,59.5,386.1,4,15.0,663,74.3,5,1,1,2965,90,20,18,1,0,2,74,5,1,134.0,134.9,7,0,0,0,,157,82,54.3,30.71,60.67,93.95,Grass,Kanto
84,Chuck_9953,Vermilion City,Grass,Bulbasaur,4,46.1,65.8,80.6,249.3,3,6.4,364,68.5,3,1,7,1222,51,9,4,0,2,0,44,5,1,135.8,163.8,6,0,0,0,,67,59,39.1,30.11,96.74,53.94,Electric,Kanto
85,Ash_3600,Cinnabar Island,Grass,Bulbasaur,5,20.7,56.4,81.6,118.5,1,0.7,163,65.9,3,0,3,2320,20,8,7,0,2,1,25,6,0,164.1,168.4,4,0,0,0,,124,53,35.1,78.76,95.9,18.13,Fire,Kanto
86,Samurai_5243,Cerulean City,Fire,Charmander,6,41.1,44.2,90.4,214.7,3,4.4,378,60.8,3,0,0,1721,52,7,11,0,0,1,53,9,3,143.8,168.5,5,0,0,0,,84,60,39.7,72.01,94.31,63.04,Water,Kanto
87,Aya_2151,Vermilion City,Fire,Charmander,6,38.2,43.8,47.6,230.0,2,2.3,316,45.4,2,1,6,1184,43,5,6,0,0,0,33,5,1,174.0,175.6,3,0,0,0,,81,58,38.4,67.72,29.55,39.65,Electric,Kanto
88,Silver_6537,Pallet Town,Water,Squirtle,2,44.4,54.2,71.4,215.1,6,0.8,420,67.6,2,1,8,1279,48,11,9,0,0,0,56,7,2,138.2,143.1,7,0,0,0,,96,65,43.0,78.87,50.79,69.55,None,Kanto
89,Morty_3058,Viridian City,Water,Squirtle,4,42.3,46.0,71.5,228.5,3,1.8,421,65.1,4,1,6,1665,54,15,9,0,3,1,45,6,2,171.4,181.3,5,0,0,0,,94,60,39.7,98.57,61.1,77.25,Ground,Kanto
90,Misty_8389,Celadon City,Water,Squirtle,3,21.5,31.0,67.4,75.4,1,1.2,10,43.4,3,0,2,2146,16,3,4,0,4,2,8,2,3,132.8,137.8,1,0,0,0,,70,26,17.2,41.36,40.36,1.0,Grass,Kanto
91,Duplica_1647,Pallet Town,Fire,Charmander,5,40.9,54.3,53.8,257.5,1,1.8,413,37.3,3,1,1,1716,61,10,11,0,4,0,47,3,1,153.4,156.6,2,0,0,0,,35,56,37.1,40.37,27.41,83.41,None,Kanto
92,Giovanni_7830,Lavender Town,Water,Squirtle,3,37.0,40.0,49.0,135.2,1,2.5,107,70.7,3,0,4,1503,19,3,3,1,4,1,24,11,2,169.1,175.6,6,0,0,0,,101,37,24.5,88.88,55.17,3.56,Ghost,Kanto
93,Giselle_3746,Viridian City,Fire,Charmander,4,49.0,60.5,80.2,205.0,4,5.0,469,49.0,4,0,4,1504,72,13,8,1,3,1,64,5,0,134.0,162.3,6,0,0,0,,76,69,45.7,30.42,67.03,66.48,Ground,Kanto
94,James_2369,Fuchsia City,Water,Squirtle,6,46.9,47.3,60.6,316.7,3,0.3,498,61.0,3,1,5,2069,58,11,10,1,4,1,67,5,0,177.2,180.0,6,0,0,0,,93,72,47.7,26.7,82.28,82.57,Poison,Kanto
95,Giselle_2266,Viridian City,Water,Squirtle,6,37.2,43.0,46.8,135.3,3,5.7,233,43.6,2,0,3,694,24,11,10,0,0,2,32,2,2,114.3,125.3,2,0,0,0,,110,35,23.2,25.99,17.47,21.91,Ground,Kanto
96,Gary_4117,Pallet Town,Water,Squirtle,5,43.5,63.0,68.9,258.7,2,4.7,259,58.0,4,1,7,2362,43,9,9,1,1,1,30,4,2,135.7,168.1,4,0,0,0,,116,44,29.1,54.33,79.72,42.15,None,Kanto
97,Karen_7630,Pewter City,Fire,Charmander,2,38.6,41.3,58.1,110.8,2,1.2,138,54.9,4,0,4,1599,26,3,4,0,1,2,18,8,4,160.2,170.7,4,0,0,0,,115,41,27.2,91.89,15.37,12.67,Rock,Kanto
98,Samurai_1594,Lavender Town,Fire,Charmander,1,20.0,23.7,33.4,93.2,3,0.6,229,24.2,2,0,1,1601,38,8,4,0,2,0,18,6,0,166.0,175.2,1,0,0,0,,57,50,33.1,53.57,0.28,39.9,Ghost,Kanto
99,Todd_3038,Lavender Town,Fire,Charmander,5,41.2,48.3,63.0,256.1,3,1.3,327,37.4,2,1,1,1608,48,5,10,0,3,1,38,5,1,107.0,112.5,2,0,0,0,,134,50,33.1,16.42,58.81,57.11,Ghost,Kanto
100,Lance_4191,Pewter City,Water,Squirtle,3,39.6,43.2,61.0,195.3,2,0.6,514,43.9,3,0,1,2098,74,9,10,0,2,1,74,3,2,134.0,208.1,2,0,0,0,,56,83,55.0,47.93,29.11,88.69,Rock,Kanto
101,Richie_7757,Cerulean City,Fire,Charmander,3,43.5,45.7,53.3,235.8,4,6.7,464,48.4,2,1,4,1337,52,9,14,0,2,1,59,3,2,155.2,165.9,5,0,0,0,,123,76,50.3,58.16,19.05,69.86,Water,Kanto
102,Crystal_1730,Lavender Town,Fire,Charmander,5,46.8,48.4,71.8,186.7,2,4.8,323,47.6,2,0,3,841,40,13,12,1,6,1,33,11,2,200.1,205.3,5,0,0,0,,71,35,23.2,39.76,72.67,46.48,Ghost,Kanto
103,Crystal_5829,Cerulean City,Fire,Charmander,3,25.8,41.1,54.9,154.9,2,2.7,98,40.5,3,0,1,1123,3,6,0,0,1,0,12,2,3,118.4,168.0,2,0,0,0,,109,35,23.2,4.94,10.93,14.03,Water,Kanto
104,Bruno_6867,Pewter City,Fire,Charmander,5,34.0,41.6,77.4,293.9,1,0.3,490,43.5,3,0,0,1551,66,6,4,0,1,1,61,1,1,163.5,176.6,2,0,0,0,,58,63,41.7,22.85,64.11,84.29,Rock,Kanto
105,Ash_9131,Pewter City,Fire,Charmander,6,63.3,64.3,80.9,238.9,3,12.9,343,80.9,3,1,3,1784,35,10,6,1,0,0,49,8,2,153.6,154.2,8,1,1,1,371.0,225,52,34.4,91.13,85.64,24.59,Rock,Kanto
106,Koji_3813,Saffron City,Fire,Charmander,4,35.2,39.7,50.9,193.9,1,0.2,285,34.1,3,1,6,2041,41,6,6,0,2,0,41,2,0,123.5,130.5,1,0,0,0,,10,57,37.7,64.24,3.74,59.95,Psychic,Kanto
107,Koji_3594,Cerulean City,Water,Squirtle,3,38.4,44.6,46.7,265.4,1,3.2,224,32.8,2,1,3,1034,23,11,5,1,3,1,35,1,1,94.8,109.0,2,0,0,0,,51,36,23.8,53.72,14.25,29.1,Water,Kanto
108,Todd_2246,Pallet Town,Water,Squirtle,6,30.3,40.2,61.6,168.2,2,2.7,486,39.0,1,0,4,820,53,12,14,1,2,0,54,4,1,142.5,158.8,2,0,0,0,,39,50,33.1,40.41,19.37,79.62,None,Kanto
109,Red_3415,Cerulean City,Grass,Bulbasaur,5,35.1,38.0,83.0,266.6,1,5.2,367,81.2,1,1,5,456,48,10,11,0,0,2,38,8,1,133.0,133.2,4,0,0,0,,107,64,42.4,80.52,86.46,55.03,Water,Kanto
110,Gary_7839,Pallet Town,Fire,Charmander,6,22.2,22.5,77.4,245.7,1,0.4,208,70.6,1,1,4,301,26,5,4,1,2,0,34,4,2,161.1,162.2,4,0,0,0,,57,34,22.5,71.78,72.85,10.77,None,Kanto
111,Green_4688,Vermilion City,Fire,Charmander,5,28.7,45.3,71.6,245.0,5,0.3,351,43.0,3,1,2,1937,53,10,11,0,2,0,53,5,0,101.4,103.1,3,0,0,0,,117,43,28.5,17.45,94.05,57.21,Electric,Kanto
112,Bill_8401,Pewter City,Fire,Charmander,5,41.8,59.3,85.4,263.7,6,5.7,229,83.3,4,1,3,2339,39,5,11,0,2,2,33,10,1,115.9,150.5,6,0,0,0,,167,57,37.7,71.78,97.16,29.34,Rock,Kanto
113,James_2414,Cinnabar Island,Water,Squirtle,3,32.4,47.5,72.3,130.7,1,3.1,276,48.3,4,0,3,1955,24,9,9,0,2,3,38,4,4,118.9,124.5,2,0,0,0,,108,28,18.5,58.28,59.75,38.42,Fire,Kanto
114,Karen_8007,Lavender Town,Water,Squirtle,4,25.0,26.0,70.2,95.8,6,0.9,182,66.7,3,0,7,1751,26,8,2,0,1,0,21,6,0,125.5,136.5,5,0,0,0,,87,39,25.8,86.04,99.18,17.89,Ghost,Kanto
115,Brock_4307,Lavender Town,Fire,Charmander,3,41.6,41.8,77.8,286.0,3,0.5,500,37.2,3,1,0,1901,60,11,17,0,1,0,49,2,2,151.2,171.7,3,0,0,0,,24,64,42.4,6.84,87.89,94.18,Ghost,Kanto
116,Koga_2116,Lavender Town,Water,Squirtle,4,10.8,16.4,72.2,136.5,5,1.3,22,66.3,3,0,1,1168,8,3,5,0,2,1,9,4,1,123.0,133.7,3,0,0,0,,4,28,18.5,47.9,98.72,5.15,Ghost,Kanto
117,Giselle_3986,Vermilion City,Fire,Charmander,3,39.9,45.1,79.7,159.0,4,5.6,249,73.6,3,0,4,1930,46,9,12,0,4,0,41,3,1,133.3,154.7,6,0,0,0,,75,63,41.7,91.84,91.4,35.67,Electric,Kanto
118,AJ_9062,Viridian City,Fire,Charmander,5,28.0,34.3,85.3,226.3,5,0.6,145,37.3,3,1,2,1033,21,2,1,0,2,1,26,9,1,119.9,129.4,3,0,0,0,,72,25,16.6,5.32,96.1,17.88,Ground,Kanto
119,Bruno_6895,Cerulean City,Grass,Bulbasaur,5,67.0,89.9,52.0,235.0,3,15.0,364,31.0,3,1,0,1801,29,8,11,1,0,0,37,2,0,156.5,168.1,3,0,0,0,,176,52,34.4,11.54,16.59,25.45,Water,Kanto
120,Will_6531,Fuchsia City,Fire,Charmander,1,26.4,29.8,53.9,70.5,1,0.7,75,29.3,1,0,2,0,13,2,0,0,1,1,11,4,2,101.8,132.3,1,0,0,0,,52,4,2.6,35.01,13.88,6.97,Poison,Kanto
121,Yellow_8836,Fuchsia City,Water,Squirtle,6,62.0,65.8,43.4,266.4,4,9.8,497,64.5,4,1,3,2644,52,4,14,1,2,0,56,8,2,170.1,191.7,6,0,0,0,,162,60,39.7,99.16,7.9,72.81,Poison,Kanto
122,Blue_3708,Pewter City,Water,Squirtle,6,47.7,52.9,79.1,223.7,1,2.6,426,44.3,4,0,1,2093,42,11,10,1,3,1,63,4,0,150.6,150.8,4,0,0,0,,97,77,51.0,35.07,75.48,71.07,Rock,Kanto
123,Lorelei_5184,Viridian City,Grass,Bulbasaur,3,34.4,37.8,78.6,120.1,2,5.2,88,73.8,2,0,1,1513,8,1,7,0,4,0,14,1,3,134.3,136.9,5,0,0,0,,112,28,18.5,13.72,97.88,3.44,Ground,Kanto
124,Dario_2162,Celadon City,Grass,Bulbasaur,6,49.6,59.7,50.6,252.8,3,6.3,301,60.6,3,1,4,1158,39,4,7,0,0,2,31,4,2,181.8,186.8,5,0,0,0,,114,49,32.5,82.92,18.67,31.32,Grass,Kanto
125,Janine_2468,Saffron City,Water,Squirtle,2,52.8,57.6,61.1,258.3,2,5.1,479,58.8,3,1,1,1503,59,12,10,0,4,1,55,1,2,160.8,162.0,6,0,0,0,,125,56,37.1,47.66,60.25,74.18,Psychic,Kanto
126,Whitney_9695,Lavender Town,Fire,Charmander,4,23.5,26.8,48.7,218.3,1,1.4,426,59.7,2,0,5,1167,43,14,13,1,2,2,64,3,0,125.5,132.6,3,0,0,0,,117,60,39.7,71.79,11.5,74.09,Ghost,Kanto
127,Karen_7226,Fuchsia City,Fire,Charmander,3,25.3,29.8,63.4,189.8,2,1.3,232,50.9,4,1,4,1770,26,13,8,1,1,1,38,5,1,146.1,157.2,3,0,0,0,,99,44,29.1,50.88,54.52,34.13,Poison,Kanto
128,Sabrina_3626,Vermilion City,Water,Squirtle,6,40.1,50.1,53.3,125.9,3,5.5,243,48.7,2,0,3,1152,19,5,9,0,2,0,28,5,2,126.6,139.4,3,0,0,0,,140,37,24.5,95.47,28.03,34.36,Electric,Kanto
129,Clair_5569,Viridian City,Fire,Charmander,3,33.5,66.3,88.3,304.9,4,1.2,507,63.4,2,1,3,1619,64,6,7,0,2,0,56,7,1,159.1,172.9,5,0,0,0,,86,69,45.7,35.23,74.06,84.77,Ground,Kanto
130,Casey_1630,Fuchsia City,Grass,Bulbasaur,3,24.4,31.9,58.4,192.7,4,0.5,73,38.7,4,1,7,1908,11,4,0,0,3,1,17,4,2,140.5,174.0,2,0,0,0,,80,38,25.2,60.07,34.85,1.13,Poison,Kanto
131,Chuck_2087,Vermilion City,Water,Squirtle,4,25.6,37.5,81.4,205.1,5,4.0,224,68.0,3,1,3,1385,9,8,6,0,2,2,39,4,1,126.7,137.0,5,0,0,0,,153,44,29.1,23.6,97.22,11.91,Electric,Kanto
132,Richie_4315,Cinnabar Island,Grass,Bulbasaur,3,32.4,45.1,75.7,254.1,3,1.5,421,45.1,3,1,2,1418,46,13,6,0,2,2,40,5,0,129.7,134.3,3,0,0,0,,79,62,41.1,9.4,80.07,67.96,Fire,Kanto
133,Sabrina_9196,Vermilion City,Fire,Charmander,3,36.3,37.7,49.9,138.1,4,4.3,244,47.2,2,0,2,934,36,8,6,0,3,0,46,6,0,132.8,140.1,4,0,0,0,,155,52,34.4,58.57,41.55,33.05,Electric,Kanto
134,Duplica_8260,Vermilion City,Grass,Bulbasaur,4,29.1,31.4,39.9,110.5,1,0.4,49,26.6,1,0,6,217,7,2,6,0,2,1,18,9,1,125.5,130.4,1,0,0,0,,80,27,17.9,65.71,13.65,10.89,Electric,Kanto
135,Morty_3030,Vermilion City,Grass,Bulbasaur,6,42.1,47.8,59.5,281.7,1,2.2,564,60.9,4,1,6,2458,68,10,16,1,3,1,71,8,0,195.3,208.5,5,0,0,0,,101,94,62.3,89.55,20.42,90.93,Electric,Kanto
136,Daisy_3964,Vermilion City,Fire,Charmander,5,23.0,32.7,84.7,126.2,1,0.8,313,37.9,2,0,0,1279,50,8,10,0,2,1,46,2,1,122.6,124.6,1,0,0,0,,91,44,29.1,14.63,67.9,59.02,Electric,Kanto
137,Silver_3363,Celadon City,Water,Squirtle,4,29.3,31.8,73.0,198.9,2,0.0,219,62.9,4,0,11,2220,38,10,12,0,2,0,35,11,1,147.0,154.1,5,0,0,0,,53,42,27.8,91.24,80.14,37.94,Grass,Kanto
138,Aya_4351,Cinnabar Island,Fire,Charmander,6,37.9,52.8,55.8,187.9,3,1.5,430,40.6,4,1,4,2456,49,13,8,0,1,1,60,2,0,130.2,141.3,2,0,0,0,,15,67,44.4,53.53,32.84,70.04,Fire,Kanto
139,Tracey_4136,Cinnabar Island,Water,Squirtle,2,32.5,32.7,65.3,119.1,2,3.8,295,69.5,1,0,3,820,52,6,9,0,0,0,48,10,4,115.1,129.8,5,0,0,0,,124,28,18.5,99.14,60.8,39.06,Fire,Kanto
140,Whitney_3906,Saffron City,Grass,Bulbasaur,2,32.3,32.9,73.3,267.6,3,1.0,237,47.7,3,1,1,1724,37,3,6,0,3,1,30,7,3,139.6,147.6,4,0,0,0,,33,47,31.1,49.72,75.44,34.51,Psychic,Kanto
141,Blaine_2071,Pewter City,Water,Squirtle,4,69.5,72.2,71.6,178.8,4,15.0,265,49.2,3,1,1,1295,25,8,8,0,0,1,27,4,3,130.5,171.8,6,0,0,0,,212,29,19.2,3.87,54.92,6.15,Rock,Kanto
142,Blaine_8137,Cerulean City,Grass,Bulbasaur,3,25.7,29.6,46.6,245.8,1,0.0,445,25.1,4,1,0,2086,57,15,9,0,0,2,61,3,1,177.6,188.7,1,0,0,0,,44,67,44.4,0.85,5.85,68.61,Water,Kanto
143,Will_6898,Celadon City,Grass,Bulbasaur,6,27.6,30.8,72.5,245.6,1,1.4,110,69.1,2,1,5,1178,18,2,1,0,1,1,13,8,0,128.6,136.6,4,0,0,0,,88,35,23.2,88.17,44.84,14.17,Grass,Kanto
144,Koga_6775,Vermilion City,Fire,Charmander,3,22.8,31.3,76.0,109.3,3,0.9,142,60.4,2,0,8,726,21,3,3,0,3,1,25,7,2,126.7,130.9,3,0,0,0,,81,44,29.1,81.67,66.72,6.01,Electric,Kanto
145,Casey_3762,Lavender Town,Fire,Charmander,5,41.0,48.3,70.9,208.3,6,5.2,356,67.9,2,1,6,778,44,8,16,0,1,1,37,8,0,167.7,169.9,7,0,0,0,,132,57,37.7,86.14,60.69,63.88,Ghost,Kanto
146,Blaine_2217,Pallet Town,Grass,Bulbasaur,5,48.2,48.8,55.6,146.1,1,4.8,154,60.5,4,0,6,1996,5,3,4,1,0,1,21,4,4,128.7,128.9,5,0,0,0,,89,38,25.2,95.37,43.37,12.8,None,Kanto
147,AJ_5545,Pewter City,Water,Squirtle,3,16.7,18.5,105.2,152.8,4,0.4,291,72.0,2,0,5,1362,20,11,7,1,3,1,33,7,0,155.8,162.8,5,0,0,0,,34,62,41.1,68.39,76.22,35.15,Rock,Kanto
148,Joe_9975,Lavender Town,Fire,Charmander,3,18.1,19.3,51.7,80.0,6,1.7,129,44.9,3,0,2,1631,1,5,1,1,3,2,22,4,2,121.9,220.7,3,0,0,0,,84,23,15.2,21.57,40.75,5.79,Ghost,Kanto
149,Agatha_8932,Saffron City,Water,Squirtle,5,36.3,47.6,56.6,230.4,3,2.0,267,56.5,3,1,7,1707,36,7,7,1,2,1,38,8,1,182.5,209.1,4,0,0,0,,78,50,33.1,55.97,28.94,24.46,Psychic,Kanto
150,Lorelei_6443,Viridian City,Grass,Bulbasaur,6,46.4,60.5,42.5,166.5,1,6.0,458,41.7,3,0,0,1661,67,11,3,0,2,2,47,3,0,118.3,136.3,3,0,0,0,,102,64,42.4,26.44,13.69,57.33,Ground,Kanto
151,Janine_5548,Pallet Town,Water,Squirtle,6,41.2,67.3,54.2,177.3,3,0.6,427,58.2,3,0,4,1400,54,7,10,0,3,0,51,1,0,162.2,163.2,4,0,0,0,,42,70,46.4,56.59,65.09,75.88,None,Kanto
152,Giovanni_9464,Cinnabar Island,Grass,Bulbasaur,6,52.3,58.7,47.0,219.1,1,8.8,280,47.7,2,1,3,1106,47,4,6,0,2,1,38,1,2,158.5,162.5,4,0,0,0,,153,51,33.8,31.06,10.16,27.16,Fire,Kanto
153,Giselle_6001,Saffron City,Grass,Bulbasaur,4,34.4,35.7,55.6,124.9,2,0.8,318,48.9,3,0,5,1732,41,11,11,0,2,1,35,5,1,142.7,148.0,3,0,0,0,,121,35,23.2,30.95,38.7,53.27,Psychic,Kanto
154,Duplica_8551,Fuchsia City,Grass,Bulbasaur,6,48.1,58.7,64.2,204.2,1,2.7,583,54.7,3,0,4,1918,65,12,12,0,3,0,59,5,2,143.8,151.0,5,0,0,0,,120,61,40.4,21.64,71.72,93.23,Poison,Kanto
155,Whitney_1134,Celadon City,Fire,Charmander,4,36.7,38.2,63.4,221.8,6,5.4,301,62.0,2,1,2,1185,39,12,14,0,6,0,31,4,2,83.9,90.4,5,0,0,0,,141,45,29.8,17.94,65.77,44.81,Grass,Kanto
156,Bugsy_9360,Fuchsia City,Grass,Bulbasaur,2,32.7,32.7,78.2,92.3,2,3.3,185,52.5,4,0,1,1912,32,7,4,1,6,1,23,2,1,141.5,141.5,4,0,0,0,,123,28,18.5,7.51,79.76,22.65,Poison,Kanto
157,Falkner_7173,Pallet Town,Water,Squirtle,2,56.6,71.3,60.5,239.1,1,9.0,417,46.0,3,0,7,1732,52,7,8,0,2,1,53,7,1,154.0,160.0,4,0,0,0,,118,67,44.4,69.25,21.26,50.99,None,Kanto
158,Whitney_3162,Cinnabar Island,Water,Squirtle,4,34.2,42.7,59.2,178.1,2,3.3,231,17.6,3,0,3,1638,37,3,5,0,2,0,34,4,0,134.3,137.1,1,0,0,0,,69,44,29.1,16.78,49.56,22.63,Fire,Kanto
159,Lance_1351,Pewter City,Fire,Charmander,6,33.5,47.1,54.4,114.1,2,2.5,204,24.0,2,0,0,1079,30,5,10,0,3,0,24,6,1,131.0,132.2,2,0,0,0,,113,47,31.1,25.48,37.91,25.75,Rock,Kanto
160,Yellow_7690,Viridian City,Grass,Bulbasaur,4,42.0,47.0,77.2,252.7,3,1.1,489,52.3,4,1,1,2416,59,19,8,0,3,0,60,1,1,180.8,199.0,5,0,0,0,,23,72,47.7,28.83,64.51,79.97,Ground,Kanto
161,Daisy_1712,Cinnabar Island,Water,Squirtle,5,63.2,100.0,56.5,155.3,1,12.5,444,69.6,3,0,3,1777,41,18,5,0,1,2,61,5,2,142.7,180.7,5,0,0,0,,178,70,46.4,85.76,32.06,40.43,Fire,Kanto
162,Aya_8752,Fuchsia City,Grass,Bulbasaur,2,42.2,44.1,48.2,299.1,4,4.8,541,47.6,2,1,2,1465,66,13,15,0,4,2,63,2,0,153.5,192.2,5,0,0,0,,130,51,33.8,52.75,6.97,87.55,Poison,Kanto
163,Blaine_6469,Celadon City,Fire,Charmander,2,34.3,59.8,69.3,192.6,2,1.9,436,41.7,4,0,3,2273,50,6,14,1,1,0,55,3,3,133.6,157.4,4,0,0,0,,83,61,40.4,26.7,68.23,71.24,Grass,Kanto
164,Bugsy_2647,Fuchsia City,Fire,Charmander,6,31.2,34.2,68.7,167.0,2,1.8,209,49.8,5,0,5,3113,29,5,5,1,1,2,24,2,1,125.1,132.3,3,0,0,0,,60,45,29.8,54.81,66.42,54.11,Poison,Kanto
165,Sabrina_2134,Cerulean City,Grass,Bulbasaur,1,17.3,23.7,53.7,138.6,2,0.0,58,60.4,3,0,4,1104,6,6,3,0,4,1,13,2,3,166.4,179.0,3,0,0,0,,145,38,25.2,99.61,30.24,4.45,Water,Kanto
166,Brock_6281,Fuchsia City,Fire,Charmander,4,40.7,41.9,68.9,260.2,1,3.0,360,57.2,1,1,2,881,35,14,13,0,0,0,40,7,1,91.9,92.9,3,0,0,0,,134,38,25.2,27.52,60.58,59.9,Poison,Kanto
167,Erika_3064,Vermilion City,Fire,Charmander,6,31.5,35.4,65.0,162.5,4,4.0,148,51.7,3,0,2,1388,23,3,3,0,1,0,24,2,1,94.7,133.1,3,0,0,0,,141,43,28.5,27.26,55.75,6.89,Electric,Kanto
168,Chuck_6481,Viridian City,Grass,Bulbasaur,2,42.1,43.1,42.7,311.4,3,2.7,502,55.2,4,1,5,1937,58,9,10,0,5,0,50,5,2,171.7,194.0,4,0,0,0,,111,61,40.4,46.49,22.89,83.14,Ground,Kanto
169,Pryce_2764,Pallet Town,Fire,Charmander,5,32.0,37.0,72.8,165.6,4,1.3,303,58.5,3,0,7,1593,43,9,7,0,2,0,32,9,0,179.5,197.4,4,0,0,0,,97,63,41.7,88.08,52.69,42.04,None,Kanto
170,Gold_4088,Pallet Town,Fire,Charmander,3,35.7,42.8,59.2,167.5,2,0.3,348,56.1,3,0,1,2260,55,14,6,0,1,0,38,5,0,138.6,162.3,2,0,0,0,,45,53,35.1,47.04,45.9,51.26,None,Kanto
171,Casey_3722,Cerulean City,Grass,Bulbasaur,6,85.5,88.6,63.7,297.8,5,15.0,583,83.2,4,1,4,2388,44,12,16,0,4,0,57,5,6,135.7,151.5,7,0,0,0,,277,77,51.0,63.53,53.36,79.31,Water,Kanto
172,Bruno_1395,Fuchsia City,Fire,Charmander,2,36.3,40.9,54.9,303.3,4,1.0,469,40.8,3,1,5,1767,61,12,8,0,3,0,54,7,1,113.5,133.7,5,0,0,0,,95,80,53.0,92.46,7.66,83.03,Poison,Kanto
173,Lance_1893,Saffron City,Grass,Bulbasaur,6,35.3,55.8,58.9,248.2,1,1.5,418,49.2,4,1,1,2758,57,9,10,0,3,2,63,4,1,172.9,174.4,3,0,0,0,,74,41,27.2,27.2,21.64,78.71,Psychic,Kanto
174,Clair_2550,Fuchsia City,Fire,Charmander,1,24.3,32.6,70.1,263.8,2,2.5,219,61.5,4,1,2,2781,27,5,4,0,4,1,26,4,2,131.7,140.4,3,0,0,0,,117,55,36.4,34.68,71.17,36.13,Poison,Kanto
175,Agatha_2634,Vermilion City,Grass,Bulbasaur,5,51.0,60.4,76.7,288.8,3,6.3,499,77.0,2,1,3,1095,63,8,6,1,1,1,62,3,0,169.5,170.6,6,0,0,0,,131,81,53.6,63.53,69.3,58.64,Electric,Kanto
176,Clair_3833,Pewter City,Fire,Charmander,4,31.6,37.1,63.5,188.0,6,2.0,157,48.4,3,1,1,1516,21,8,6,1,3,1,30,3,1,131.9,135.5,4,0,0,0,,40,38,25.2,53.93,31.49,42.96,Rock,Kanto
177,Aya_3606,Vermilion City,Grass,Bulbasaur,5,32.9,36.4,60.5,102.3,5,2.5,138,57.2,3,0,4,1067,32,6,5,1,1,2,21,4,0,164.7,166.9,6,0,0,0,,51,22,14.6,91.97,45.33,13.25,Electric,Kanto
178,Lance_2576,Pallet Town,Grass,Bulbasaur,3,26.4,34.1,43.2,181.4,3,0.9,273,38.0,3,0,2,1996,35,6,7,0,3,1,39,5,3,148.2,180.2,1,0,0,0,,130,27,17.9,32.77,9.26,43.34,None,Kanto
179,Chuck_9525,Cinnabar Island,Fire,Charmander,1,20.0,44.1,38.4,215.0,2,0.4,154,21.7,1,1,3,641,20,10,1,0,1,0,32,8,0,131.6,146.7,0,0,0,0,,90,29,19.2,21.57,1.23,22.71,Fire,Kanto
180,Green_6069,Saffron City,Grass,Bulbasaur,3,37.1,48.1,71.7,127.5,1,1.0,243,51.6,3,0,7,2138,38,7,4,0,1,1,41,4,0,113.5,152.6,3,0,0,0,,59,54,35.8,75.41,54.13,27.76,Psychic,Kanto
181,Koji_7653,Viridian City,Fire,Charmander,6,39.7,41.9,41.5,162.0,5,2.4,393,25.3,3,0,1,2066,45,8,6,1,2,0,44,1,0,155.8,171.7,2,0,0,0,,78,47,31.1,6.69,11.61,57.4,Ground,Kanto
182,Crystal_5622,Cerulean City,Fire,Charmander,6,35.9,38.9,64.3,167.2,4,3.4,426,48.3,2,0,4,1543,47,10,10,0,1,0,54,3,2,142.8,143.0,4,0,0,0,,130,62,41.1,37.84,50.47,68.28,Water,Kanto
183,Gold_8952,Vermilion City,Water,Squirtle,4,33.3,38.9,50.4,125.6,4,2.4,295,35.4,3,0,8,1596,45,12,0,0,2,1,48,7,2,165.6,180.6,1,0,0,0,,95,53,35.1,69.46,7.78,48.01,Electric,Kanto
184,Erika_9214,Lavender Town,Fire,Charmander,3,26.8,32.0,85.8,181.9,2,0.4,45,86.3,1,0,2,321,20,1,6,0,2,0,6,6,0,142.4,145.1,5,0,0,0,,86,20,13.2,72.71,92.2,0.69,Ghost,Kanto
185,Lorelei_1863,Saffron City,Fire,Charmander,5,32.7,35.9,51.1,250.3,2,0.2,404,61.7,5,1,6,2794,48,12,13,0,1,2,51,3,1,175.9,199.1,3,0,0,0,,0,80,53.0,79.42,19.62,72.61,Psychic,Kanto
186,Blaine_1097,Viridian City,Fire,Charmander,6,38.8,39.4,72.5,269.8,3,3.1,387,62.9,3,1,2,1762,59,9,6,0,0,0,45,5,1,165.5,194.1,6,0,0,0,,56,66,43.7,89.33,46.96,73.59,Ground,Kanto
187,Janine_2511,Cinnabar Island,Water,Squirtle,6,63.9,78.0,58.0,235.4,3,13.2,277,71.3,4,1,6,2343,34,10,12,1,3,4,28,2,2,104.8,116.8,8,1,1,1,304.0,225,69,45.7,49.66,15.21,14.52,Fire,Kanto
188,Dario_3962,Cerulean City,Water,Squirtle,6,33.6,38.9,55.1,217.0,6,4.1,346,55.6,1,1,4,788,48,10,5,0,1,2,40,2,1,213.3,224.3,6,0,0,0,,112,63,41.7,86.24,42.85,41.52,Water,Kanto
189,Gold_1992,Pewter City,Grass,Bulbasaur,5,63.2,74.8,77.2,300.0,2,10.4,427,80.4,3,1,3,2120,70,11,5,0,2,1,54,2,2,147.9,160.4,7,0,0,0,,131,69,45.7,42.46,88.39,48.58,Rock,Kanto
190,Misty_7068,Saffron City,Water,Squirtle,5,41.1,42.7,74.5,213.5,2,1.3,560,62.1,3,0,5,2164,59,14,12,1,3,1,68,0,0,150.4,153.6,6,0,0,0,,46,72,47.7,84.39,55.84,90.08,Psychic,Kanto
191,Daisy_6117,Viridian City,Grass,Bulbasaur,4,30.4,53.3,46.8,238.8,3,4.2,285,37.0,3,1,1,1523,42,8,12,1,5,0,39,5,2,149.3,174.9,4,0,0,0,,55,42,27.8,1.39,19.47,21.8,Ground,Kanto
192,James_4650,Cerulean City,Fire,Charmander,3,35.1,46.8,67.0,173.8,3,2.7,290,42.8,3,0,2,1157,39,7,8,1,4,0,35,6,1,145.4,157.7,4,0,0,0,,150,49,32.5,19.18,51.54,42.6,Water,Kanto
193,Pryce_7726,Saffron City,Water,Squirtle,4,41.8,53.5,53.7,143.6,1,3.6,538,43.2,3,0,5,2031,76,19,6,1,1,0,62,5,0,146.9,182.0,4,0,0,0,,140,72,47.7,76.76,2.15,83.12,Psychic,Kanto
194,Clair_8630,Saffron City,Fire,Charmander,5,45.9,88.6,34.8,226.9,1,5.5,281,40.4,5,0,1,2174,16,9,4,1,3,2,33,3,0,117.0,117.9,3,0,0,0,,60,46,30.5,26.6,17.89,32.59,Psychic,Kanto
195,Jessie_4936,Saffron City,Fire,Charmander,4,46.4,47.8,62.1,151.7,1,7.8,215,53.8,2,0,6,955,34,4,7,0,1,1,32,5,2,143.6,186.0,5,0,0,0,,188,29,19.2,77.81,36.26,26.19,Psychic,Kanto
196,Blaine_8333,Vermilion City,Grass,Bulbasaur,4,29.0,73.3,46.8,154.5,2,1.5,183,41.6,3,0,3,1096,38,4,5,0,3,0,23,7,1,129.3,140.9,3,0,0,0,,72,47,31.1,61.19,22.4,15.18,Electric,Kanto
197,Chuck_7189,Viridian City,Water,Squirtle,5,30.3,48.7,73.2,144.0,3,0.8,247,64.4,3,0,9,2170,25,7,3,0,1,0,27,6,1,156.7,164.0,4,0,0,0,,105,72,47.7,89.65,94.58,44.75,Ground,Kanto
198,Koga_9483,Cinnabar Island,Grass,Bulbasaur,6,50.7,58.7,52.0,279.0,3,4.7,586,35.2,2,1,3,768,55,12,11,0,0,0,76,5,1,138.5,191.9,1,0,0,0,,81,73,48.3,19.87,28.72,96.9,Fire,Kanto
199,Gold_4919,Viridian City,Grass,Bulbasaur,2,25.6,34.6,78.1,186.2,1,5.1,288,51.4,3,0,1,1932,29,6,8,0,4,1,39,3,0,132.2,148.7,3,0,0,0,,65,34,22.5,47.34,70.37,21.36,Ground,Kanto
200,Giselle_7460,Pewter City,Water,Squirtle,6,55.2,64.4,56.7,206.1,3,7.9,470,28.8,4,1,4,2491,50,8,13,0,3,1,56,3,3,146.9,194.2,2,0,0,0,,128,74,49.0,0.02,31.72,66.76,Rock,Kanto
201,Clair_5825,Pewter City,Grass,Bulbasaur,5,18.0,23.9,69.6,92.0,2,0.5,56,55.6,4,0,5,1989,8,2,4,1,1,3,10,5,0,127.5,162.3,2,0,0,0,,52,39,25.8,51.77,95.1,5.4,Rock,Kanto
202,Dario_2036,Fuchsia City,Fire,Charmander,5,34.7,69.3,85.7,196.0,2,2.7,260,38.0,3,1,0,1210,45,5,4,0,2,0,34,5,1,127.9,151.2,3,0,0,0,,75,32,21.2,10.52,86.43,46.3,Poison,Kanto
203,Erika_6904,Pallet Town,Water,Squirtle,5,45.1,47.2,77.9,159.0,6,5.6,338,62.0,4,0,8,2185,43,6,9,0,2,0,43,9,3,135.1,164.8,6,0,0,0,,98,69,45.7,79.91,53.82,47.47,None,Kanto
204,Gold_4395,Fuchsia City,Grass,Bulbasaur,3,25.8,28.2,48.8,195.4,2,0.3,208,45.6,4,0,4,2254,36,10,0,1,1,0,29,3,0,116.1,116.4,2,0,0,0,,107,33,21.9,57.9,29.97,34.5,Poison,Kanto
205,Silver_5662,Pewter City,Grass,Bulbasaur,6,49.3,73.7,52.1,158.6,2,3.6,373,44.3,3,0,2,1818,47,7,7,1,4,2,48,5,2,118.6,124.5,4,0,0,0,,58,54,35.8,4.88,41.16,59.82,Rock,Kanto
206,Agatha_5422,Viridian City,Grass,Bulbasaur,5,49.6,66.6,56.9,171.6,1,7.2,415,39.8,5,0,2,3150,56,19,13,1,5,1,53,5,2,140.2,147.1,4,0,0,0,,140,47,31.1,4.31,47.63,59.29,Ground,Kanto
207,Lara_6490,Lavender Town,Grass,Bulbasaur,6,32.8,38.6,84.4,186.8,1,1.9,190,43.7,4,0,0,2469,31,8,5,0,2,1,23,8,1,141.1,143.2,2,0,0,0,,70,37,24.5,21.13,77.08,28.19,Ghost,Kanto
208,Falkner_6064,Celadon City,Grass,Bulbasaur,4,40.3,57.1,67.9,212.3,2,7.0,219,43.6,2,1,0,1339,31,7,8,1,3,1,45,2,4,94.5,116.1,3,0,0,0,,89,36,23.8,12.22,65.79,16.93,Grass,Kanto
209,Misty_8725,Vermilion City,Water,Squirtle,6,54.2,55.2,71.5,278.5,2,11.8,412,65.0,2,1,3,1054,36,6,16,1,4,1,52,5,0,100.2,113.1,7,0,0,0,,181,49,32.5,35.63,15.7,40.42,Electric,Kanto
210,Lance_1490,Fuchsia City,Fire,Charmander,1,30.7,32.8,52.4,256.0,2,0.9,478,36.3,4,1,1,2597,62,13,14,0,0,0,78,4,0,125.1,131.9,2,0,0,0,,9,63,41.7,4.69,26.74,85.7,Poison,Kanto
211,Lara_3883,Lavender Town,Fire,Charmander,5,37.3,37.3,68.8,256.1,2,3.2,582,49.9,4,1,1,2257,55,13,10,0,5,0,78,5,1,145.7,152.3,2,0,0,0,,101,58,38.4,18.83,64.1,82.71,Ghost,Kanto
212,Red_6401,Cinnabar Island,Fire,Charmander,5,35.2,37.3,48.7,284.9,1,1.7,542,42.4,4,1,1,1936,68,13,11,1,0,1,57,2,0,139.4,149.1,3,0,0,0,,70,73,48.3,8.72,5.23,98.07,Fire,Kanto
213,Red_5752,Celadon City,Grass,Bulbasaur,6,42.4,42.5,51.8,270.7,3,1.3,448,28.5,3,1,3,1496,84,5,9,0,2,0,48,6,2,102.8,120.8,2,0,0,0,,3,66,43.7,6.25,31.23,73.32,Grass,Kanto
214,Lorelei_9824,Pallet Town,Fire,Charmander,1,47.2,50.0,80.0,266.9,5,3.1,548,51.9,1,1,2,739,60,13,13,0,3,0,51,2,1,175.0,196.2,6,0,0,0,,90,74,49.0,23.98,51.1,90.74,None,Kanto
215,Samurai_9296,Vermilion City,Grass,Bulbasaur,4,82.8,84.2,49.3,275.7,6,15.0,535,65.4,3,1,5,1280,52,13,16,1,6,1,60,6,3,147.8,180.7,8,1,1,1,553.0,224,86,57.0,73.14,23.59,65.4,Electric,Kanto
216,Lorelei_3191,Pewter City,Water,Squirtle,6,26.9,44.1,61.3,167.9,3,1.5,65,59.7,3,1,3,1818,0,3,9,0,2,0,11,4,1,120.0,195.9,4,0,0,0,,118,29,19.2,38.6,49.22,6.82,Rock,Kanto
217,Dario_2303,Saffron City,Water,Squirtle,5,17.4,23.9,52.6,256.5,3,0.2,216,24.9,3,1,3,1219,34,11,2,1,3,0,31,5,2,134.7,148.3,1,0,0,0,,39,28,18.5,19.31,2.12,24.81,Psychic,Kanto
218,Lorelei_1175,Fuchsia City,Grass,Bulbasaur,3,44.0,44.1,58.8,305.7,1,4.4,619,38.7,1,1,4,715,78,18,5,0,2,0,71,11,2,146.2,195.9,2,0,0,0,,118,93,61.6,65.49,22.65,90.97,Poison,Kanto
219,Gary_5308,Cinnabar Island,Fire,Charmander,6,36.3,42.8,47.5,286.6,1,2.7,412,66.5,4,1,2,2189,66,17,4,0,1,1,48,5,1,184.3,193.5,5,0,0,0,,124,65,43.0,90.07,15.8,69.28,Fire,Kanto
220,Clair_2834,Vermilion City,Water,Squirtle,4,34.6,43.3,67.8,193.9,2,1.3,221,43.1,4,1,1,2526,16,4,8,1,0,1,36,3,2,149.1,150.8,4,0,0,0,,72,23,15.2,25.08,30.52,34.61,Electric,Kanto
221,Giovanni_7155,Vermilion City,Grass,Bulbasaur,6,58.0,59.6,77.5,348.5,1,9.8,532,78.5,3,1,5,1588,62,17,13,1,2,0,62,7,1,145.2,153.9,8,1,1,1,558.0,195,74,49.0,77.62,80.48,72.81,Electric,Kanto
222,Morty_6553,Cinnabar Island,Grass,Bulbasaur,6,39.7,55.4,86.1,302.6,4,3.1,474,52.2,4,1,5,2307,57,11,10,0,1,0,51,8,1,160.4,171.0,5,0,0,0,,75,63,41.7,53.87,85.65,76.07,Fire,Kanto
223,Gary_3791,Pallet Town,Grass,Bulbasaur,6,38.1,39.2,69.8,270.7,2,3.5,445,56.6,3,1,0,2048,54,10,12,1,3,2,44,2,2,126.3,143.0,4,0,0,0,,106,48,31.8,3.94,81.08,86.62,None,Kanto
224,Ash_7907,Celadon City,Fire,Charmander,6,46.6,47.6,42.3,259.3,3,1.1,433,48.6,2,1,8,1194,47,14,7,1,3,0,39,10,2,153.7,155.7,4,0,0,0,,71,70,46.4,67.48,5.16,75.57,Grass,Kanto
225,Blue_5713,Lavender Town,Grass,Bulbasaur,1,47.9,49.0,86.9,267.5,3,8.2,317,89.4,3,1,3,1858,36,12,6,0,2,1,39,6,4,131.3,187.4,8,1,1,1,329.0,151,44,29.1,78.88,95.25,39.7,Ghost,Kanto
226,Koji_8674,Saffron City,Grass,Bulbasaur,3,29.6,32.5,68.8,246.3,4,0.8,390,53.7,4,1,2,2491,50,10,5,0,2,0,45,5,0,135.6,143.0,4,0,0,0,,104,54,35.8,50.64,57.78,50.59,Psychic,Kanto
227,Blue_2825,Cerulean City,Fire,Charmander,3,32.3,42.3,59.2,290.4,1,0.0,291,35.6,2,1,1,869,41,9,9,0,2,1,25,5,2,143.7,143.9,2,0,0,0,,131,48,31.8,59.26,37.68,49.46,Water,Kanto
228,Casey_2699,Lavender Town,Fire,Charmander,4,38.3,39.8,69.4,211.6,1,2.3,361,38.5,3,1,2,1681,67,12,5,1,3,0,41,2,2,133.1,133.9,3,0,0,0,,128,58,38.4,21.34,36.42,45.85,Ghost,Kanto
229,Todd_6064,Pewter City,Grass,Bulbasaur,4,18.8,22.3,73.8,71.9,3,1.1,98,26.0,3,0,3,1959,8,8,0,0,0,0,11,3,0,129.5,134.0,1,0,0,0,,79,17,11.3,12.34,65.66,10.57,Rock,Kanto
230,Gary_8880,Pewter City,Grass,Bulbasaur,4,40.6,44.5,51.1,149.6,2,3.3,189,60.7,3,0,3,1639,30,7,3,0,4,0,38,7,1,164.0,188.0,4,0,0,0,,51,44,29.1,97.47,24.29,14.27,Rock,Kanto
231,Giselle_5856,Vermilion City,Grass,Bulbasaur,3,44.6,47.8,71.9,177.6,1,5.5,360,65.5,3,0,7,1691,59,9,10,0,2,0,38,1,1,152.6,161.3,5,0,0,0,,132,52,34.4,67.94,67.25,50.34,Electric,Kanto
232,Samurai_4126,Celadon City,Fire,Charmander,6,53.3,66.8,65.5,291.4,2,4.3,368,73.2,3,1,6,1317,50,9,12,0,0,0,34,4,0,156.5,174.6,6,0,0,0,,115,65,43.0,84.27,82.4,66.4,Grass,Kanto
233,Joe_7294,Saffron City,Fire,Charmander,5,32.1,34.5,80.2,108.8,3,1.7,196,60.1,5,0,6,2400,38,8,4,1,1,1,31,10,2,188.5,219.8,4,0,0,0,,116,52,34.4,93.77,78.76,33.26,Psychic,Kanto
234,Crystal_9151,Viridian City,Fire,Charmander,6,43.5,75.7,67.5,258.3,3,3.6,557,49.1,3,1,1,1761,67,22,11,0,4,1,73,4,2,156.0,156.8,3,0,0,0,,114,60,39.7,13.45,62.85,91.49,Ground,Kanto
235,Lance_3026,Cinnabar Island,Water,Squirtle,4,34.4,42.6,58.3,141.5,4,2.9,175,52.2,4,0,0,1616,29,5,5,0,4,1,21,4,1,154.9,169.8,3,0,0,0,,88,36,23.8,19.27,31.26,14.0,Fire,Kanto
236,Karen_1271,Fuchsia City,Water,Squirtle,3,29.2,31.0,73.3,241.0,6,0.5,353,78.6,2,1,3,1924,42,10,11,1,2,0,49,7,2,148.4,182.1,6,0,0,0,,67,76,50.3,86.53,88.24,59.89,Poison,Kanto
237,Todd_5839,Pallet Town,Fire,Charmander,4,43.7,57.8,65.0,207.6,3,7.4,182,36.6,3,1,0,1941,21,7,4,1,1,0,30,2,4,109.1,118.0,3,0,0,0,,152,28,18.5,15.94,16.44,8.36,None,Kanto
238,Casey_4871,Pallet Town,Water,Squirtle,6,43.2,75.0,66.5,226.0,3,4.0,437,31.8,3,0,3,1704,47,20,13,0,2,0,51,3,1,146.7,148.8,3,0,0,0,,109,77,51.0,10.08,28.24,73.94,None,Kanto
239,Stella_9463,Cerulean City,Fire,Charmander,6,30.5,40.4,65.9,165.6,3,1.8,174,35.9,2,0,1,1072,31,5,6,0,2,0,31,2,1,109.3,123.6,3,0,0,0,,78,39,25.8,21.38,31.84,22.61,Water,Kanto
240,Richie_4464,Vermilion City,Water,Squirtle,6,45.3,61.4,84.6,77.3,3,6.7,143,61.0,2,0,5,1205,11,4,10,0,1,1,10,3,2,128.5,130.5,4,0,0,0,,146,18,11.9,56.77,70.68,13.31,Electric,Kanto
241,Koji_8309,Celadon City,Fire,Charmander,4,40.1,53.4,58.0,248.4,6,2.8,403,28.6,4,1,1,2592,52,5,9,0,2,2,40,1,3,147.3,174.0,2,0,0,0,,70,44,29.1,17.81,2.3,71.26,Grass,Kanto
242,Bill_6451,Pewter City,Water,Squirtle,6,29.6,34.9,62.8,160.3,1,0.6,199,53.9,3,0,5,1347,29,5,3,0,4,2,29,10,2,134.7,140.4,3,0,0,0,,66,46,30.5,97.19,46.2,16.82,Rock,Kanto
243,Todd_4214,Cinnabar Island,Fire,Charmander,4,38.4,46.4,41.7,158.3,3,6.4,330,38.1,2,0,3,1199,51,9,5,1,3,1,41,4,3,151.1,180.6,3,0,0,0,,103,65,43.0,51.23,13.86,26.91,Fire,Kanto
244,Karen_5759,Vermilion City,Water,Squirtle,6,65.6,68.2,74.4,134.8,2,12.3,223,81.6,2,1,2,1037,23,5,11,1,6,0,24,8,1,164.7,172.2,8,1,1,1,233.0,201,33,21.9,74.23,76.83,8.16,Electric,Kanto
245,Clair_1859,Pewter City,Fire,Charmander,4,29.3,33.5,103.5,131.3,3,0.6,252,64.7,3,0,6,1309,20,4,6,0,6,1,41,6,0,154.1,168.7,4,0,0,0,,78,54,35.8,48.06,96.13,48.75,Rock,Kanto
246,Bugsy_9685,Fuchsia City,Water,Squirtle,6,49.5,51.6,94.3,154.1,1,6.3,363,72.8,2,0,2,1254,51,13,10,0,1,2,40,5,0,180.8,195.9,6,0,0,0,,184,42,27.8,88.05,99.75,53.48,Poison,Kanto
247,Clair_3324,Cerulean City,Water,Squirtle,5,19.5,22.0,86.0,228.0,2,0.4,478,68.0,3,1,6,1850,42,5,10,0,6,0,61,7,2,181.7,183.1,4,0,0,0,,138,71,47.0,88.39,80.8,64.21,Water,Kanto
248,Karen_6246,Cinnabar Island,Water,Squirtle,6,30.1,50.1,45.4,139.0,3,3.9,293,26.8,3,0,3,1434,39,3,6,1,2,0,43,1,1,99.7,110.9,2,0,0,0,,89,41,27.2,28.38,14.32,24.86,Fire,Kanto
249,James_6530,Vermilion City,Fire,Charmander,3,39.5,52.7,64.3,203.8,3,2.9,364,59.1,4,1,5,2885,32,4,6,1,2,0,42,6,3,171.6,172.7,5,0,0,0,,111,70,46.4,70.04,42.37,51.05,Electric,Kanto
250,Daisy_6697,Viridian City,Water,Squirtle,2,47.2,56.7,81.2,329.3,1,4.3,643,45.7,2,1,6,1684,71,17,15,0,3,2,72,11,2,126.6,137.6,3,0,0,0,,148,87,57.6,38.34,52.4,99.81,Ground,Kanto
251,James_7460,Cerulean City,Water,Squirtle,6,63.8,71.2,40.6,120.7,1,15.0,269,73.8,1,0,6,962,28,9,10,1,4,1,41,1,5,144.7,158.2,7,0,0,0,,217,56,37.1,81.88,22.77,9.5,Water,Kanto
252,Koga_1274,Cerulean City,Grass,Bulbasaur,6,32.1,33.0,55.7,75.7,2,1.8,164,49.0,3,0,0,1623,17,8,5,1,2,0,24,5,1,132.1,136.8,4,0,0,0,,64,17,11.3,23.15,54.98,28.65,Water,Kanto
253,Jasmine_2669,Celadon City,Fire,Charmander,6,41.4,41.9,65.9,88.8,6,1.3,214,65.1,3,0,3,1424,32,5,2,0,1,0,28,5,0,195.6,206.9,5,0,0,0,,94,25,16.6,91.23,55.48,29.84,Grass,Kanto
254,Dario_7197,Celadon City,Fire,Charmander,5,46.5,78.0,55.9,258.7,1,4.3,447,43.6,3,1,0,1583,54,13,8,0,5,0,51,3,1,140.0,144.5,3,0,0,0,,109,64,42.4,19.28,13.32,70.13,Grass,Kanto
255,Jasmine_3945,Pallet Town,Water,Squirtle,4,39.4,39.5,68.9,146.1,1,3.7,223,72.2,2,0,2,1133,15,6,0,0,0,0,44,10,2,136.0,143.0,5,0,0,0,,114,44,29.1,97.33,77.9,33.01,None,Kanto
256,Misty_4071,Viridian City,Water,Squirtle,6,41.7,45.3,65.0,268.5,4,2.7,568,70.3,3,1,3,1776,72,12,7,1,0,0,73,4,2,182.8,186.5,6,0,0,0,,147,87,57.6,89.99,95.72,96.21,Ground,Kanto
257,Sabrina_8450,Pallet Town,Water,Squirtle,4,30.7,46.0,75.9,184.1,3,0.7,384,46.6,3,0,1,1690,55,3,10,0,2,2,52,2,1,158.4,203.3,2,0,0,0,,7,51,33.8,36.78,61.64,71.29,None,Kanto
258,Tracey_4414,Vermilion City,Fire,Charmander,3,46.0,59.0,58.3,197.0,3,3.2,264,47.8,3,0,1,1956,45,7,6,0,3,0,26,10,2,123.8,132.2,4,0,0,0,,72,32,21.2,44.33,7.19,44.14,Electric,Kanto
259,Blue_4459,Lavender Town,Fire,Charmander,6,31.4,38.2,73.4,195.7,1,1.8,469,45.0,2,1,2,957,72,8,11,0,0,0,62,7,1,132.7,146.5,2,0,0,0,,90,85,56.3,36.97,71.5,77.88,Ghost,Kanto
260,AJ_4932,Saffron City,Water,Squirtle,6,35.9,50.7,40.8,196.0,1,4.8,102,47.6,2,1,4,844,13,6,2,0,2,0,13,4,3,144.6,146.9,3,0,0,0,,194,15,9.9,54.8,16.9,3.81,Psychic,Kanto
261,Samurai_9754,Pewter City,Grass,Bulbasaur,5,39.7,41.2,75.3,270.0,1,1.2,404,49.5,3,1,2,2011,52,11,11,0,2,0,51,7,0,125.5,147.3,4,0,0,0,,87,40,26.5,45.13,54.24,70.02,Rock,Kanto
262,Todd_7274,Cinnabar Island,Water,Squirtle,4,41.3,43.1,82.4,175.8,1,3.9,389,59.2,3,0,1,1905,53,8,11,0,0,0,46,10,1,155.9,170.4,4,0,0,0,,84,63,41.7,40.37,91.68,62.39,Fire,Kanto
263,Pryce_7446,Pewter City,Water,Squirtle,6,71.4,77.8,70.6,215.1,3,15.0,420,88.5,5,1,1,2591,43,7,6,1,1,2,40,2,4,160.1,181.5,8,1,1,1,427.0,234,59,39.1,47.39,70.76,53.12,Rock,Kanto
264,Aya_1990,Viridian City,Fire,Charmander,3,43.5,52.9,79.5,262.6,2,3.5,397,60.4,3,1,5,1555,40,14,7,0,1,0,47,3,1,134.2,182.6,4,0,0,0,,65,63,41.7,47.84,66.36,61.27,Ground,Kanto
265,Pryce_5549,Cerulean City,Water,Squirtle,5,72.1,85.6,56.9,268.6,2,15.0,463,80.9,4,1,3,2505,47,6,19,1,2,4,60,6,2,132.1,136.1,7,0,0,0,,204,67,44.4,70.93,48.29,45.74,Water,Kanto
266,Bugsy_9748,Cinnabar Island,Fire,Charmander,6,32.0,53.0,71.8,169.1,3,0.4,257,49.4,3,0,2,1489,40,8,8,0,3,0,24,6,1,163.1,180.7,3,0,0,0,,106,31,20.5,28.15,83.14,42.37,Fire,Kanto
267,Crystal_8186,Fuchsia City,Water,Squirtle,4,14.9,19.6,64.9,177.4,4,0.0,245,27.3,1,0,3,744,53,5,4,0,1,2,35,2,1,130.3,142.1,1,0,0,0,,39,46,30.5,9.95,49.28,23.1,Poison,Kanto
268,Pryce_4563,Vermilion City,Water,Squirtle,5,34.8,48.5,53.5,240.7,3,3.3,249,48.8,4,1,3,2487,16,14,8,1,0,0,34,4,0,185.4,208.6,4,0,0,0,,103,42,27.8,59.82,29.25,26.24,Electric,Kanto
269,Crystal_3680,Vermilion City,Fire,Charmander,2,35.0,37.9,61.4,202.4,5,2.2,527,43.0,3,0,6,1385,54,15,12,0,0,0,65,4,2,165.8,185.5,3,0,0,0,,127,79,52.3,79.53,22.88,84.73,Electric,Kanto
270,Duplica_7592,Saffron City,Fire,Charmander,4,17.8,22.8,77.2,190.1,2,1.2,93,84.2,3,1,2,1764,20,2,3,0,3,2,17,9,0,106.2,115.8,5,0,0,0,,131,42,27.8,78.62,98.06,10.67,Psychic,Kanto
271,Joe_5724,Cerulean City,Fire,Charmander,3,48.5,52.0,78.7,133.6,1,4.0,244,38.1,3,0,1,1342,32,4,8,0,2,1,31,5,2,144.8,150.0,2,0,0,0,,103,46,30.5,21.13,62.48,25.93,Water,Kanto
272,Silver_2969,Celadon City,Fire,Charmander,5,51.6,59.7,52.0,299.8,2,4.0,451,37.0,4,1,2,1868,43,8,10,1,1,1,68,2,1,160.0,163.6,4,0,0,0,,121,78,51.7,19.99,24.91,72.85,Grass,Kanto
273,Red_6080,Saffron City,Water,Squirtle,6,29.9,44.8,49.5,248.1,3,5.2,259,50.8,4,1,3,2062,47,5,10,0,3,1,34,3,4,143.0,176.8,3,0,0,0,,128,12,7.9,14.59,38.6,37.77,Psychic,Kanto
274,Jessie_9281,Cinnabar Island,Fire,Charmander,4,38.6,39.8,64.6,130.2,4,2.7,436,38.9,3,0,4,1738,43,11,0,0,2,1,48,5,0,134.3,146.0,3,0,0,0,,109,46,30.5,26.98,55.95,67.92,Fire,Kanto
275,Blaine_8684,Fuchsia City,Fire,Charmander,3,31.3,34.8,59.1,233.8,5,0.2,467,48.4,2,1,7,1105,54,14,16,0,2,2,58,3,1,181.6,227.6,4,0,0,0,,109,96,63.6,84.74,14.62,74.53,Poison,Kanto
276,Blaine_7803,Saffron City,Fire,Charmander,6,70.6,76.5,82.8,240.7,4,15.0,229,94.2,3,1,3,1689,23,4,10,0,0,3,28,3,4,150.5,153.4,7,0,0,0,,217,53,35.1,66.56,80.85,16.56,Psychic,Kanto
277,Janine_5517,Cinnabar Island,Fire,Charmander,3,24.2,24.4,61.2,239.7,1,0.4,190,30.9,3,1,3,1886,22,10,4,0,0,2,23,7,1,177.7,186.9,1,0,0,0,,54,46,30.5,55.22,33.18,15.71,Fire,Kanto
278,Todd_8563,Celadon City,Water,Squirtle,2,43.2,54.2,54.2,325.3,1,3.0,561,50.4,4,1,1,2259,64,13,12,1,2,2,56,4,1,135.1,143.8,5,0,0,0,,96,72,47.7,21.12,33.83,85.03,Grass,Kanto
279,Karen_1111,Lavender Town,Fire,Charmander,4,21.5,22.2,64.0,205.5,1,1.0,251,25.7,5,1,0,2884,35,8,8,0,2,0,37,5,2,88.6,171.8,1,0,0,0,,87,38,25.2,2.79,20.0,44.55,Ghost,Kanto
280,AJ_9567,Cinnabar Island,Fire,Charmander,2,30.7,60.5,76.8,143.9,2,2.7,149,80.2,4,0,7,2067,24,2,4,1,5,2,24,3,1,152.3,159.8,6,0,0,0,,88,56,37.1,91.35,81.23,13.44,Fire,Kanto
281,Falkner_4960,Lavender Town,Fire,Charmander,1,28.8,57.8,94.6,164.1,1,0.4,208,55.3,3,0,2,1248,28,3,4,0,1,0,32,2,1,119.2,128.2,4,0,0,0,,59,39,25.8,15.61,97.06,28.13,Ghost,Kanto
282,Casey_8510,Saffron City,Fire,Charmander,5,25.0,65.0,86.7,233.5,3,0.1,325,65.2,4,1,4,1547,33,6,7,0,2,0,46,8,3,138.6,148.7,4,0,0,0,,68,69,45.7,87.43,86.82,53.03,Psychic,Kanto
283,Giselle_7402,Fuchsia City,Water,Squirtle,4,20.2,23.3,59.9,141.1,3,1.3,122,38.5,2,0,0,865,18,5,0,0,0,2,18,2,0,132.7,143.6,1,0,0,0,,62,15,9.9,4.55,44.27,13.21,Poison,Kanto
284,Janine_7990,Pallet Town,Grass,Bulbasaur,5,40.2,58.3,87.2,289.5,2,0.7,375,46.0,4,1,1,2054,62,14,11,1,0,0,43,2,1,113.3,133.1,4,0,0,0,,148,54,35.8,15.16,69.06,62.86,None,Kanto
285,Morty_2154,Cerulean City,Water,Squirtle,6,43.6,66.9,52.5,168.9,1,1.5,411,55.2,2,0,3,790,39,4,10,0,1,0,49,1,2,139.0,167.1,3,0,0,0,,44,52,34.4,51.72,32.49,72.4,Water,Kanto
286,Misty_8577,Pewter City,Grass,Bulbasaur,6,51.7,65.2,75.2,257.4,2,7.1,452,51.2,3,1,3,2020,60,9,8,1,1,0,70,6,3,72.2,80.6,5,0,0,0,,156,55,36.4,31.99,75.15,68.37,Rock,Kanto
287,Gold_5268,Viridian City,Fire,Charmander,6,35.4,61.7,81.7,245.7,3,0.8,474,62.3,3,1,4,1237,42,16,5,1,1,0,58,10,1,121.9,134.1,5,0,0,0,,71,67,44.4,64.49,94.95,76.12,Ground,Kanto
288,Bugsy_3155,Fuchsia City,Grass,Bulbasaur,5,31.3,41.6,84.7,212.9,2,2.9,227,59.7,3,1,2,2083,35,4,5,0,0,2,18,5,0,113.7,124.9,3,0,0,0,,92,20,13.2,53.66,91.22,26.2,Poison,Kanto
289,Surge_8601,Vermilion City,Grass,Bulbasaur,4,32.7,33.6,93.0,149.1,1,2.9,192,55.8,2,0,2,1060,29,11,13,0,2,2,25,4,1,143.5,194.8,3,0,0,0,,131,37,24.5,18.9,99.61,42.58,Electric,Kanto
290,Brock_9411,Pewter City,Grass,Bulbasaur,6,40.7,44.9,63.5,199.6,6,5.5,200,52.2,2,1,2,1371,14,4,6,0,2,2,28,2,1,125.9,138.1,5,0,0,0,,128,33,21.9,21.95,48.61,0.64,Rock,Kanto
291,Morty_6309,Lavender Town,Water,Squirtle,5,34.0,48.5,65.9,162.3,4,0.1,339,49.5,1,0,1,456,45,14,6,1,2,2,37,4,1,158.0,162.4,5,0,0,0,,81,38,25.2,26.82,46.13,54.79,Ghost,Kanto
292,Blaine_5784,Saffron City,Water,Squirtle,6,34.5,48.0,53.3,158.2,5,3.9,214,57.7,2,0,4,1125,24,6,2,0,0,2,26,11,0,157.4,177.1,5,0,0,0,,132,37,24.5,65.77,26.86,30.4,Psychic,Kanto
293,Misty_1567,Cerulean City,Fire,Charmander,2,40.0,42.1,79.5,186.3,2,6.9,347,57.1,3,0,3,1688,45,6,9,0,0,2,57,3,1,110.6,113.4,4,0,0,0,,121,57,37.7,5.92,89.08,47.38,Water,Kanto
294,Brock_5851,Cinnabar Island,Water,Squirtle,3,41.3,51.1,54.2,128.9,3,7.0,181,51.1,4,0,3,1962,17,3,2,0,3,0,12,6,2,133.2,143.9,4,0,0,0,,110,35,23.2,87.64,7.77,9.17,Fire,Kanto
295,Koga_4011,Celadon City,Fire,Charmander,5,43.6,46.5,72.2,146.1,1,0.1,491,54.0,4,0,2,2043,56,10,9,0,4,2,49,2,1,158.8,216.4,4,0,0,0,,65,61,40.4,48.69,68.15,92.07,Grass,Kanto
296,Surge_4749,Pewter City,Water,Squirtle,3,32.1,38.4,63.5,260.6,3,1.1,291,60.6,3,1,1,1385,29,6,8,0,3,0,38,11,1,125.1,154.5,4,0,0,0,,119,18,11.9,65.34,64.02,37.63,Rock,Kanto
297,Crystal_7037,Lavender Town,Fire,Charmander,3,33.0,51.9,56.3,156.9,3,1.1,285,59.0,2,0,2,1622,44,9,8,0,1,1,36,9,0,157.0,170.6,4,0,0,0,,85,41,27.2,85.76,50.36,43.64,Ghost,Kanto
298,Koga_8191,Cinnabar Island,Grass,Bulbasaur,6,38.9,50.2,94.2,204.0,2,1.2,455,67.0,3,0,14,1818,72,9,6,1,3,1,65,9,0,184.0,200.8,5,0,0,0,,84,84,55.6,97.45,85.38,87.35,Fire,Kanto
299,Lorelei_4708,Celadon City,Water,Squirtle,5,30.3,59.1,88.7,170.2,2,2.2,287,56.9,2,0,2,1426,44,7,5,1,2,0,37,1,1,88.8,92.3,5,0,0,0,,99,52,34.4,2.95,98.95,48.92,Grass,Kanto
300,Misty_5514,Celadon City,Fire,Charmander,1,30.5,39.3,55.5,179.3,2,2.8,146,31.3,3,0,0,1337,23,6,2,0,0,1,27,6,1,130.0,176.4,1,0,0,0,,95,25,16.6,11.53,9.84,12.73,Grass,Kanto
301,Bugsy_7272,Pallet Town,Fire,Charmander,4,29.8,31.6,78.4,218.7,5,0.6,465,75.1,2,0,2,1605,54,11,7,0,2,1,38,4,3,156.1,157.2,6,0,0,0,,136,73,48.3,85.31,70.06,81.16,None,Kanto
302,Jessie_2760,Lavender Town,Fire,Charmander,4,23.9,31.7,82.6,185.4,1,0.0,505,74.8,2,0,3,1382,54,12,9,0,1,0,67,4,0,178.4,185.3,4,0,0,0,,48,64,42.4,29.25,77.73,80.21,Ghost,Kanto
303,Clair_6076,Viridian City,Grass,Bulbasaur,6,49.0,54.6,92.8,185.6,2,2.1,371,92.0,3,0,2,1300,67,9,6,1,5,1,49,5,1,146.7,147.7,7,0,0,0,,70,57,37.7,53.03,98.44,77.74,Ground,Kanto
304,Pryce_2650,Cerulean City,Fire,Charmander,4,18.1,22.0,63.2,58.0,2,0.7,97,43.8,4,0,3,1864,6,1,11,0,4,0,22,5,1,136.5,137.6,2,0,0,0,,86,28,18.5,63.97,31.77,7.25,Water,Kanto
305,Janine_2001,Viridian City,Water,Squirtle,6,54.1,61.6,72.2,286.8,1,8.6,556,72.3,2,1,3,831,49,15,12,0,2,0,70,2,1,151.8,155.5,5,0,0,0,,163,53,35.1,38.19,50.28,80.76,Ground,Kanto
306,Falkner_6638,Vermilion City,Grass,Bulbasaur,3,34.9,49.2,56.7,248.8,3,5.3,171,47.1,3,1,4,1633,46,4,8,0,1,0,23,1,2,119.3,133.1,3,0,0,0,,125,34,22.5,0.9,64.35,15.32,Electric,Kanto
307,Bugsy_7781,Viridian City,Grass,Bulbasaur,4,42.2,51.3,76.3,242.7,1,5.2,416,55.4,4,0,1,2243,44,11,6,1,1,1,49,1,1,112.2,118.6,5,0,0,0,,82,78,51.7,7.29,73.69,45.21,Ground,Kanto
308,Koga_8336,Pallet Town,Water,Squirtle,6,29.9,33.4,38.3,113.4,6,2.4,139,42.9,3,0,1,1018,24,4,2,0,1,0,24,9,1,139.9,168.8,4,0,0,0,,81,35,23.2,59.11,8.57,6.97,None,Kanto
309,Erika_6053,Fuchsia City,Fire,Charmander,1,37.3,45.9,57.9,196.2,3,4.3,448,65.2,4,0,2,2315,46,12,11,0,3,0,50,7,0,181.1,196.6,4,0,0,0,,149,82,54.3,95.73,50.57,67.26,Poison,Kanto
310,Surge_6182,Vermilion City,Fire,Charmander,4,51.3,57.0,60.4,98.6,5,8.5,213,55.3,4,0,3,2102,23,2,5,1,3,0,25,3,0,159.2,166.9,6,0,0,0,,146,34,22.5,51.34,17.55,11.29,Electric,Kanto
311,Silver_8649,Celadon City,Fire,Charmander,3,36.5,42.8,71.8,201.6,2,5.6,201,69.7,4,0,8,2041,10,7,3,1,1,0,29,4,3,124.2,190.6,5,0,0,0,,81,48,31.8,87.25,51.68,8.43,Grass,Kanto
312,Lara_3844,Fuchsia City,Water,Squirtle,3,33.6,41.5,75.1,114.8,2,6.6,242,51.3,4,0,0,2161,30,3,4,0,1,1,27,1,1,105.5,108.7,3,0,0,0,,150,56,37.1,3.38,67.63,20.17,Poison,Kanto
313,Lara_9099,Viridian City,Fire,Charmander,4,33.6,52.2,67.1,164.6,4,0.9,300,38.8,3,0,1,1227,54,9,8,0,1,0,42,4,0,109.2,117.2,2,0,0,0,,103,53,35.1,0.48,44.28,53.01,Ground,Kanto
314,Duplica_5345,Celadon City,Grass,Bulbasaur,5,34.2,41.6,94.9,225.7,1,1.3,346,47.1,4,1,3,1850,41,13,6,0,5,1,46,3,3,123.9,158.1,2,0,0,0,,85,38,25.2,42.42,86.62,56.14,Grass,Kanto
315,Morty_2257,Vermilion City,Water,Squirtle,6,67.7,71.4,62.1,279.0,3,11.6,583,59.9,2,0,1,1300,69,8,14,0,2,2,78,5,0,154.7,162.3,7,0,0,0,,223,66,43.7,37.1,60.82,83.95,Electric,Kanto
316,Giselle_4425,Pewter City,Grass,Bulbasaur,4,28.8,37.7,50.4,111.3,1,1.8,157,37.0,2,0,2,558,17,1,7,1,0,0,25,3,1,127.5,143.6,1,0,0,0,,78,40,26.5,20.53,13.72,18.8,Rock,Kanto
317,Chuck_8917,Celadon City,Fire,Charmander,6,63.5,74.9,67.9,264.7,1,7.3,593,71.1,3,0,3,2016,60,14,15,1,4,0,64,2,3,170.1,173.2,6,0,0,0,,206,87,57.6,71.43,57.6,93.49,Grass,Kanto
318,Will_9964,Vermilion City,Grass,Bulbasaur,5,34.2,36.5,74.7,202.0,4,6.0,184,50.0,4,1,5,1963,22,6,5,1,4,2,34,3,2,146.4,147.8,4,0,0,0,,95,37,24.5,43.69,42.63,4.36,Electric,Kanto
319,Blue_1310,Lavender Town,Grass,Bulbasaur,6,32.3,33.5,63.9,152.4,2,0.7,126,48.6,4,1,1,2157,0,2,5,1,1,1,21,1,2,125.4,128.1,2,0,0,0,,77,32,21.2,15.64,71.84,1.63,Ghost,Kanto
320,Bugsy_3763,Lavender Town,Fire,Charmander,4,39.8,43.2,55.7,217.6,3,0.2,598,61.3,3,0,3,2069,58,14,12,0,1,1,61,5,0,151.8,154.2,4,0,0,0,,67,77,51.0,89.31,43.34,80.27,Ghost,Kanto
321,James_2521,Cerulean City,Water,Squirtle,4,50.7,59.4,67.2,273.7,5,5.7,524,60.3,3,1,7,1158,70,12,12,0,3,1,59,1,0,158.2,163.8,5,0,0,0,,126,72,47.7,67.81,49.07,91.19,Water,Kanto
322,Giselle_8469,Vermilion City,Fire,Charmander,4,29.7,38.3,72.5,139.4,3,0.7,159,42.1,3,0,0,1884,8,8,1,0,1,0,12,4,0,128.9,166.2,3,0,0,0,,80,19,12.6,12.89,53.7,4.65,Electric,Kanto
323,Todd_4591,Cerulean City,Grass,Bulbasaur,5,13.7,18.7,64.3,198.4,1,0.1,74,41.1,3,1,1,1708,9,5,8,1,1,1,15,2,0,79.6,83.4,1,0,0,0,,21,27,17.9,14.1,44.83,0.15,Water,Kanto
324,Giselle_9879,Cerulean City,Fire,Charmander,6,31.8,36.7,64.1,172.8,2,0.5,268,44.7,3,0,0,2011,30,13,4,1,4,1,24,2,0,133.7,147.1,2,0,0,0,,75,51,33.8,31.49,33.7,27.64,Water,Kanto
325,Gold_2115,Cinnabar Island,Fire,Charmander,6,24.1,33.9,52.2,183.4,4,3.5,212,31.2,4,0,0,1720,38,7,2,0,3,1,37,2,3,132.7,135.7,2,0,0,0,,111,38,25.2,1.97,10.54,24.27,Fire,Kanto
326,Gary_7658,Viridian City,Water,Squirtle,1,34.0,46.4,59.8,304.3,1,2.3,406,65.1,2,1,4,1255,42,7,6,1,2,1,56,6,1,176.0,201.5,4,0,0,0,,131,57,37.7,99.42,23.44,68.96,Ground,Kanto
327,Aya_5550,Viridian City,Grass,Bulbasaur,4,54.5,63.8,44.9,305.9,2,7.6,477,41.4,2,1,8,686,56,13,11,0,0,1,42,7,0,147.1,154.3,4,0,0,0,,96,73,48.3,93.99,19.83,70.94,Ground,Kanto
328,Jessie_4642,Cerulean City,Grass,Bulbasaur,4,30.7,30.9,81.0,177.1,1,3.9,204,52.6,5,1,0,2413,17,3,0,0,1,0,32,9,2,140.1,141.4,2,0,0,0,,23,40,26.5,25.65,80.38,26.09,Water,Kanto
329,Lorelei_9552,Lavender Town,Fire,Charmander,2,29.7,32.3,78.0,162.7,3,2.5,295,50.3,4,0,6,2122,47,9,6,1,0,1,36,6,2,169.3,195.3,3,0,0,0,,134,50,33.1,74.97,63.22,40.15,Ghost,Kanto
330,Bugsy_7045,Saffron City,Grass,Bulbasaur,5,35.8,47.0,72.3,234.7,1,2.5,492,58.1,3,0,5,1592,56,11,10,0,3,0,63,5,3,152.6,156.9,3,0,0,0,,97,78,51.7,65.07,49.66,76.97,Psychic,Kanto
331,Lorelei_8660,Saffron City,Fire,Charmander,4,54.9,56.3,51.8,258.0,5,3.4,457,39.0,4,1,2,2469,54,8,7,0,3,1,50,3,1,112.2,156.0,5,0,0,0,,111,65,43.0,0.02,29.97,79.05,Psychic,Kanto
332,Bill_1099,Fuchsia City,Water,Squirtle,4,24.8,25.2,55.0,57.0,1,0.4,77,50.7,4,0,2,2397,11,3,3,0,1,1,12,6,1,109.9,111.6,2,0,0,0,,83,31,20.5,59.56,66.19,9.47,Poison,Kanto
333,Janine_2078,Saffron City,Fire,Charmander,3,29.6,54.1,74.0,208.3,2,1.4,289,53.4,2,1,0,1285,47,7,12,0,0,2,39,5,3,130.3,199.5,4,0,0,0,,93,42,27.8,28.57,76.2,52.76,Psychic,Kanto
334,Yellow_3451,Fuchsia City,Water,Squirtle,4,45.6,66.2,69.1,204.3,2,2.6,498,35.4,1,0,3,778,53,11,14,1,2,0,39,6,1,147.7,153.2,3,0,0,0,,26,66,43.7,5.52,12.68,89.2,Poison,Kanto
335,Bruno_5111,Cinnabar Island,Grass,Bulbasaur,4,41.4,51.7,69.0,166.2,3,3.8,351,59.7,3,0,1,1848,48,5,10,0,2,0,27,2,3,130.3,131.1,5,0,0,0,,85,44,29.1,28.61,64.22,41.89,Fire,Kanto
336,Aya_1057,Lavender Town,Water,Squirtle,5,50.5,54.3,73.9,276.4,2,4.5,351,67.1,3,1,4,1577,35,10,8,0,0,1,46,6,1,173.5,177.4,6,0,0,0,,125,50,33.1,75.07,92.06,51.35,Ghost,Kanto
337,Crystal_7386,Pallet Town,Grass,Bulbasaur,4,36.5,43.6,85.1,213.2,2,2.5,338,71.8,3,1,4,1391,48,10,10,1,3,2,39,7,2,122.1,146.8,6,0,0,0,,108,48,31.8,63.76,75.74,59.66,None,Kanto
338,Gary_2047,Pewter City,Water,Squirtle,6,37.2,40.8,52.8,250.9,1,4.0,488,50.6,3,1,3,1688,60,14,14,0,3,1,53,3,0,134.7,135.2,2,0,0,0,,150,52,34.4,33.93,82.19,84.0,Rock,Kanto
339,Joe_6170,Fuchsia City,Grass,Bulbasaur,5,42.4,51.1,63.4,298.3,5,4.8,587,60.4,2,1,2,1017,61,7,11,1,2,0,71,4,2,148.4,153.3,6,0,0,0,,79,90,59.6,79.19,49.67,99.06,Poison,Kanto
340,Clair_8099,Lavender Town,Water,Squirtle,4,51.0,80.1,73.1,216.8,1,2.9,623,59.5,2,0,1,646,78,10,16,0,5,0,75,4,0,133.4,151.9,5,0,0,0,,177,79,52.3,14.5,98.98,98.93,Ghost,Kanto
341,Lorelei_8363,Saffron City,Water,Squirtle,6,69.7,72.6,90.4,304.3,4,10.3,632,58.2,4,1,2,1794,82,14,15,1,2,1,61,7,1,104.8,115.7,6,0,0,0,,147,78,51.7,26.77,88.72,98.24,Psychic,Kanto
342,Whitney_6713,Pewter City,Grass,Bulbasaur,6,35.3,36.4,56.2,127.2,3,1.8,247,36.9,4,0,4,1630,36,6,4,1,2,1,36,3,1,155.1,171.4,3,0,0,0,,141,56,37.1,44.05,17.36,46.81,Rock,Kanto
343,Jasmine_4394,Saffron City,Fire,Charmander,4,53.6,61.1,56.6,183.4,3,3.0,459,75.9,4,0,5,2428,49,9,11,0,3,1,60,8,1,160.6,170.1,6,0,0,0,,78,62,41.1,71.74,55.93,86.21,Psychic,Kanto
344,Misty_1280,Pewter City,Fire,Charmander,1,31.0,60.6,78.9,162.9,5,2.2,302,70.5,3,0,4,1826,29,8,4,1,2,2,55,10,0,168.9,173.1,6,0,0,0,,131,58,38.4,69.97,91.85,33.11,Rock,Kanto
345,Casey_2815,Celadon City,Fire,Charmander,6,28.0,36.2,48.0,267.9,4,1.0,371,55.0,3,1,3,1902,38,13,11,0,2,1,50,5,1,108.3,129.4,3,0,0,0,,35,68,45.0,77.47,32.11,56.39,Grass,Kanto
346,Tracey_6989,Viridian City,Fire,Charmander,1,35.7,44.4,61.7,161.9,1,2.6,246,53.7,3,0,4,1384,28,8,9,1,5,0,38,7,0,127.5,129.3,4,0,0,0,,104,49,32.5,65.47,40.9,31.72,Ground,Kanto
347,Casey_7217,Lavender Town,Fire,Charmander,3,21.7,34.0,61.6,81.0,2,1.8,131,42.1,2,0,4,1127,26,7,8,0,0,1,19,6,2,129.1,129.1,2,0,0,0,,90,57,37.7,67.46,29.41,12.04,Ghost,Kanto
348,Blaine_3555,Saffron City,Fire,Charmander,6,45.4,56.3,46.2,188.6,1,4.2,595,30.9,5,0,0,2566,69,10,10,0,4,2,91,3,0,136.0,154.8,2,0,0,0,,84,60,39.7,33.88,26.09,96.63,Psychic,Kanto
349,Gold_4775,Vermilion City,Fire,Charmander,3,30.2,32.2,48.9,226.2,2,2.0,259,31.2,5,1,2,3030,18,6,7,0,2,2,37,0,2,153.2,166.0,1,0,0,0,,66,35,23.2,17.3,19.22,42.37,Electric,Kanto
350,Janine_8376,Saffron City,Fire,Charmander,4,53.2,68.1,52.5,267.0,6,5.0,467,56.5,3,1,4,1983,57,14,11,0,2,1,51,6,1,145.5,176.6,5,0,0,0,,93,71,47.0,71.15,20.41,90.0,Psychic,Kanto
351,Daisy_2362,Cinnabar Island,Water,Squirtle,5,50.3,51.6,55.1,335.2,2,5.1,633,34.9,2,1,5,1723,76,10,11,0,1,0,61,8,1,113.3,123.1,3,0,0,0,,110,79,52.3,66.71,13.67,92.48,Fire,Kanto
352,Pryce_1901,Celadon City,Grass,Bulbasaur,5,56.1,71.3,64.4,276.7,3,8.9,434,76.2,2,1,2,1368,57,7,13,0,3,1,47,4,0,169.4,185.0,7,0,0,0,,134,62,41.1,88.91,28.25,53.98,Grass,Kanto
353,Ash_6248,Pewter City,Grass,Bulbasaur,2,48.1,55.0,60.1,158.9,2,6.3,459,58.4,3,0,2,1747,43,9,14,1,3,0,46,8,1,133.4,142.9,6,0,0,0,,154,60,39.7,68.74,46.97,79.89,Rock,Kanto
354,Dario_1537,Cinnabar Island,Fire,Charmander,6,25.8,44.4,75.7,113.0,4,1.1,89,55.0,3,0,1,1733,32,2,3,0,2,1,17,5,2,131.8,154.6,3,0,0,0,,44,22,14.6,42.38,63.38,6.92,Fire,Kanto
355,AJ_2148,Pewter City,Fire,Charmander,6,39.5,39.8,65.5,259.9,3,3.9,496,81.2,2,1,4,1478,59,13,5,1,2,0,68,11,2,162.9,164.2,7,0,0,0,,107,77,51.0,92.29,70.59,67.84,Rock,Kanto
356,Red_8501,Celadon City,Water,Squirtle,3,67.6,70.3,64.4,332.7,1,12.2,552,70.8,3,1,4,1807,58,8,12,1,2,1,70,3,1,197.9,219.1,7,0,0,0,,127,63,41.7,95.81,34.31,81.67,Grass,Kanto
357,Bruno_7673,Cerulean City,Water,Squirtle,6,36.5,42.4,63.4,196.9,2,2.1,594,49.1,4,0,5,3021,71,15,17,1,2,2,76,8,1,142.6,155.5,4,0,0,0,,47,68,45.0,80.9,38.95,96.07,Water,Kanto
358,Misty_5270,Lavender Town,Fire,Charmander,4,55.9,63.5,64.2,198.3,1,7.8,320,45.3,5,1,1,2755,31,6,10,0,6,1,36,4,4,131.6,136.4,4,0,0,0,,116,51,33.8,42.34,42.35,39.47,Ghost,Kanto
359,Gold_9181,Vermilion City,Fire,Charmander,5,41.9,52.9,92.6,203.9,1,0.3,542,48.7,2,0,0,1021,60,10,9,0,0,0,63,6,1,124.8,129.7,3,0,0,0,,44,54,35.8,9.61,99.52,89.16,Electric,Kanto
360,Whitney_9971,Celadon City,Water,Squirtle,6,48.3,48.8,60.4,249.5,2,5.2,364,45.2,4,1,2,2682,39,7,7,1,0,1,45,1,5,156.2,172.9,3,0,0,0,,148,66,43.7,41.58,42.48,59.99,Grass,Kanto
361,Samurai_7936,Fuchsia City,Fire,Charmander,3,38.2,52.1,56.2,265.2,2,2.9,471,48.9,1,1,1,789,50,11,11,1,1,0,69,5,1,126.7,133.8,3,0,0,0,,28,59,39.1,12.61,27.9,79.29,Poison,Kanto
362,Whitney_6969,Lavender Town,Grass,Bulbasaur,3,41.6,50.5,41.1,171.2,6,2.8,223,53.7,3,1,7,1722,31,5,6,0,2,1,20,8,1,145.6,156.5,5,0,0,0,,74,48,31.8,62.55,9.15,35.77,Ghost,Kanto
363,Jasmine_2819,Viridian City,Fire,Charmander,1,34.1,38.6,79.8,247.4,1,2.9,408,52.4,4,1,3,1981,42,15,9,0,5,1,44,4,2,179.4,183.8,2,0,0,0,,32,45,29.8,82.4,73.52,72.25,Ground,Kanto
364,Casey_1518,Saffron City,Fire,Charmander,6,55.0,56.5,77.4,286.6,1,6.0,462,56.3,3,1,11,2395,47,13,8,1,3,0,61,4,0,168.5,213.1,5,0,0,0,,96,74,49.0,89.47,60.99,92.07,Psychic,Kanto
365,Duplica_8554,Fuchsia City,Water,Squirtle,3,35.8,38.5,83.3,223.9,3,0.5,458,60.4,2,0,7,1345,49,11,10,0,1,0,55,5,0,144.2,146.1,4,0,0,0,,9,78,51.7,95.58,69.66,75.29,Poison,Kanto
366,Karen_7424,Celadon City,Fire,Charmander,6,76.1,86.0,54.0,332.7,4,13.5,657,52.2,5,1,4,3208,72,11,16,1,3,0,80,5,1,164.5,184.5,7,0,0,0,,149,94,62.3,53.84,7.39,94.0,Grass,Kanto
367,James_6478,Celadon City,Grass,Bulbasaur,6,47.2,54.4,82.4,191.2,3,4.6,445,51.3,3,1,0,1044,53,12,4,1,2,1,49,4,1,152.6,209.1,5,0,0,0,,103,59,39.1,51.3,65.83,74.59,Grass,Kanto
368,Jasmine_2100,Saffron City,Grass,Bulbasaur,3,59.6,63.9,66.5,230.1,1,8.6,557,62.8,3,1,4,2115,58,17,14,0,2,0,54,6,2,145.0,162.1,5,0,0,0,,139,73,48.3,65.08,60.49,76.61,Psychic,Kanto
369,Clair_7766,Vermilion City,Water,Squirtle,6,28.0,50.9,58.4,131.3,6,2.9,117,63.8,2,0,2,1078,12,7,7,0,4,2,19,7,1,158.3,205.5,4,0,0,0,,78,39,25.8,85.67,25.46,1.84,Electric,Kanto
370,Bruno_7442,Pewter City,Fire,Charmander,4,36.5,56.3,60.4,151.2,2,1.9,368,50.2,2,0,2,1147,43,6,12,0,1,0,44,4,1,161.6,175.1,3,0,0,0,,77,42,27.8,62.23,7.75,62.65,Rock,Kanto
371,Jessie_5170,Vermilion City,Grass,Bulbasaur,3,41.8,48.4,62.7,125.5,1,4.7,111,49.6,2,0,1,1322,13,4,13,0,2,0,18,5,0,118.5,129.0,3,0,0,0,,149,37,24.5,31.01,37.99,7.55,Electric,Kanto
372,Red_6837,Cerulean City,Water,Squirtle,6,36.5,39.3,86.2,192.1,3,0.1,496,41.4,3,0,2,1972,65,17,10,1,2,3,64,7,1,163.8,167.0,3,0,0,0,,44,66,43.7,93.09,67.39,90.41,Water,Kanto
373,Misty_9220,Celadon City,Grass,Bulbasaur,1,26.2,26.8,44.6,197.1,2,3.4,284,28.5,4,0,3,1635,39,10,4,0,2,0,53,1,1,119.8,124.8,1,0,0,0,,131,55,36.4,32.89,2.7,23.01,Grass,Kanto
374,Erika_3827,Pewter City,Water,Squirtle,5,84.5,84.8,55.1,230.5,5,15.0,533,70.0,2,1,4,1226,45,15,8,1,4,1,64,2,0,163.4,171.6,8,1,1,1,547.0,213,79,52.3,81.5,38.43,55.51,Rock,Kanto
375,Blue_4828,Saffron City,Water,Squirtle,6,23.8,24.8,79.4,203.5,5,2.3,148,57.5,3,1,1,1027,22,6,6,1,3,0,16,5,0,99.5,102.8,3,0,0,0,,104,36,23.8,44.01,85.2,16.7,Psychic,Kanto
376,Silver_1126,Vermilion City,Water,Squirtle,4,20.8,24.3,46.5,135.5,6,0.5,228,34.7,3,0,9,1940,45,8,8,0,3,0,27,5,2,130.2,142.0,3,0,0,0,,68,54,35.8,68.67,2.58,34.04,Electric,Kanto
377,Todd_6245,Pallet Town,Grass,Bulbasaur,3,33.8,36.3,68.6,172.7,1,3.2,428,60.1,3,0,1,1297,49,10,9,1,4,0,45,6,0,104.8,113.1,3,0,0,0,,134,58,38.4,59.79,46.28,68.25,None,Kanto
378,Giselle_4374,Pewter City,Water,Squirtle,4,48.1,67.2,80.7,140.1,4,5.8,428,61.7,5,0,4,2846,59,12,10,0,2,2,57,2,0,153.9,181.4,5,0,0,0,,126,73,48.3,61.53,55.64,54.1,Rock,Kanto
379,Agatha_2257,Cerulean City,Water,Squirtle,5,48.6,50.4,43.8,151.1,2,6.4,469,37.0,3,0,4,1819,53,8,9,1,2,1,64,4,2,138.6,148.3,4,0,0,0,,151,67,44.4,68.48,12.13,67.14,Water,Kanto
380,Agatha_4524,Cerulean City,Grass,Bulbasaur,5,30.7,35.0,59.0,130.2,3,2.7,290,35.5,2,0,1,1913,31,8,5,0,1,2,33,1,0,90.0,97.7,3,0,0,0,,118,41,27.2,15.03,37.07,29.08,Water,Kanto
381,Yellow_8730,Pallet Town,Grass,Bulbasaur,3,23.6,24.6,42.2,223.2,2,0.8,312,15.2,4,1,1,2424,47,3,3,1,1,0,44,2,0,175.8,176.1,1,0,0,0,,78,47,31.1,67.13,2.75,53.43,None,Kanto
382,Aya_9936,Lavender Town,Fire,Charmander,3,53.6,59.2,59.9,277.2,1,6.4,558,41.6,2,1,3,1195,64,17,10,0,2,0,75,6,4,148.7,155.6,2,0,0,0,,114,76,50.3,30.82,36.47,88.46,Ghost,Kanto
383,Tracey_7697,Lavender Town,Grass,Bulbasaur,3,35.9,37.5,62.8,153.7,4,2.2,364,52.2,1,0,9,543,56,8,4,0,1,0,46,2,2,180.0,205.8,4,0,0,0,,114,55,36.4,88.49,51.04,49.71,Ghost,Kanto
384,Giselle_7126,Pallet Town,Grass,Bulbasaur,6,84.1,100.0,55.1,299.4,2,15.0,690,79.7,2,1,2,1460,96,19,16,0,4,3,75,2,0,170.9,182.2,7,0,0,0,,177,86,57.0,16.14,33.3,95.17,None,Kanto
385,Clair_3251,Pewter City,Fire,Charmander,2,57.1,60.0,48.7,170.2,2,7.9,546,69.9,3,0,5,1842,68,15,14,0,6,2,63,8,0,175.6,195.3,7,0,0,0,,108,78,51.7,65.74,46.63,92.87,Rock,Kanto
386,Lara_1600,Cerulean City,Fire,Charmander,5,43.0,43.6,60.2,176.9,1,3.9,361,56.3,2,0,5,1250,57,11,10,0,2,1,38,4,1,139.4,142.5,4,0,0,0,,112,56,37.1,92.54,45.27,57.64,Water,Kanto
387,Sabrina_2275,Pallet Town,Fire,Charmander,6,60.4,61.9,88.0,251.5,3,7.8,536,78.1,2,1,2,833,62,15,16,0,1,0,55,6,0,180.2,181.0,8,1,1,1,579.0,95,77,51.0,78.1,73.42,81.46,None,Kanto
388,Duplica_3493,Cerulean City,Water,Squirtle,4,30.2,33.3,88.4,227.9,2,2.2,332,46.3,2,1,4,943,48,8,4,0,1,1,39,5,2,134.0,145.1,1,0,0,0,,110,64,42.4,18.93,99.92,40.51,Water,Kanto
389,Ash_4323,Cerulean City,Fire,Charmander,6,33.6,44.7,80.9,102.1,1,1.9,244,52.3,4,0,4,2628,36,11,5,0,4,2,41,2,1,148.1,153.8,3,0,0,0,,94,40,26.5,19.69,83.57,40.39,Water,Kanto
390,Casey_1460,Cinnabar Island,Fire,Charmander,2,27.7,31.7,46.2,116.5,2,2.1,76,43.4,3,0,5,1598,18,4,1,0,5,1,12,2,0,62.9,68.3,2,0,0,0,,52,21,13.9,58.44,12.49,6.55,Fire,Kanto
391,Red_9825,Fuchsia City,Fire,Charmander,5,38.8,41.3,82.4,209.1,4,0.2,445,54.8,3,0,2,1845,51,11,10,0,4,0,48,6,3,127.9,134.1,5,0,0,0,,61,79,52.3,13.06,98.3,73.06,Poison,Kanto
392,Koji_3015,Vermilion City,Fire,Charmander,6,36.4,38.6,54.6,153.4,2,1.3,185,48.2,4,0,3,1710,39,2,9,0,3,1,33,8,0,154.6,185.1,3,0,0,0,,52,53,35.1,74.0,21.93,42.26,Electric,Kanto
393,Bill_6605,Vermilion City,Grass,Bulbasaur,6,67.0,71.0,94.8,161.4,4,7.2,304,67.6,3,0,1,2103,47,8,12,0,3,1,26,2,2,143.4,153.9,7,0,0,0,,88,68,45.0,33.71,88.43,31.47,Electric,Kanto
394,Sabrina_3199,Cerulean City,Grass,Bulbasaur,6,16.6,27.0,74.2,142.5,1,0.5,113,35.9,2,0,3,1026,24,3,3,0,2,0,16,2,2,137.9,147.9,2,0,0,0,,51,26,17.2,63.04,23.94,6.11,Water,Kanto
395,Koji_9961,Lavender Town,Water,Squirtle,2,21.3,23.0,53.5,114.7,2,0.8,89,45.0,3,0,3,1433,0,3,10,0,6,1,17,4,1,131.9,185.4,2,0,0,0,,45,43,28.5,56.93,20.48,8.14,Ghost,Kanto
396,Koga_4127,Saffron City,Grass,Bulbasaur,4,39.7,44.2,51.8,178.7,3,0.9,587,34.2,3,0,2,1548,60,11,12,0,0,1,68,0,1,134.6,136.3,2,0,0,0,,114,56,37.1,3.0,15.41,99.63,Psychic,Kanto
397,Lara_7918,Fuchsia City,Fire,Charmander,2,29.3,50.1,42.1,158.1,4,1.8,312,39.4,4,0,3,1882,45,8,9,1,3,0,41,4,0,152.8,176.2,3,0,0,0,,54,52,34.4,50.01,16.94,48.24,Poison,Kanto
398,Koga_7307,Fuchsia City,Grass,Bulbasaur,6,45.7,47.8,60.5,249.1,3,6.8,305,59.0,4,1,5,1935,34,11,8,0,1,0,48,4,1,166.0,169.3,4,0,0,0,,156,56,37.1,94.43,24.27,35.03,Poison,Kanto
399,Aya_5645,Pewter City,Water,Squirtle,5,37.9,52.4,64.7,271.1,2,6.9,247,45.5,3,1,2,1696,27,5,4,1,2,1,33,7,3,128.1,137.3,3,0,0,0,,123,35,23.2,28.05,24.87,12.53,Rock,Kanto
400,Casey_5919,Fuchsia City,Fire,Charmander,2,32.9,37.5,42.0,179.5,3,1.7,353,19.0,3,0,2,1967,42,7,4,0,0,0,49,4,1,106.3,113.1,0,0,0,0,,63,54,35.8,2.68,5.24,49.06,Poison,Kanto
401,Bruno_1026,Celadon City,Water,Squirtle,6,39.0,52.3,69.9,274.6,1,5.0,388,60.3,3,1,2,1659,43,7,9,0,0,2,44,3,1,92.3,101.9,4,0,0,0,,74,60,39.7,36.41,80.27,59.86,Grass,Kanto
402,Agatha_8522,Fuchsia City,Grass,Bulbasaur,2,52.1,59.3,50.8,261.6,2,10.5,362,48.5,4,1,9,1760,39,10,11,1,5,0,41,5,1,169.5,169.8,5,0,0,0,,132,64,42.4,92.6,0.32,40.0,Poison,Kanto
403,Ash_1747,Cinnabar Island,Fire,Charmander,3,30.8,31.7,87.5,224.0,1,0.8,403,52.5,5,0,1,2562,55,5,8,0,1,2,73,1,1,144.5,154.6,2,0,0,0,,59,50,33.1,21.21,88.32,63.41,Fire,Kanto
404,Silver_9426,Cerulean City,Water,Squirtle,6,32.6,38.0,72.6,218.7,4,0.2,516,45.6,3,0,4,905,53,17,16,0,2,0,48,5,1,181.9,182.0,3,0,0,0,,58,77,51.0,54.78,85.42,70.6,Water,Kanto
405,Todd_1748,Fuchsia City,Fire,Charmander,5,33.2,43.8,54.7,267.0,4,0.2,437,49.7,4,1,8,2506,63,18,13,1,3,1,44,7,0,186.4,188.3,4,0,0,0,,70,65,43.0,86.14,21.17,64.32,Poison,Kanto
406,Duplica_9720,Pallet Town,Fire,Charmander,6,44.3,49.6,45.3,248.2,5,3.7,360,39.4,4,1,3,2072,50,6,15,0,2,0,54,5,1,131.3,153.7,4,0,0,0,,91,63,41.7,32.18,9.14,74.17,None,Kanto
407,Richie_8365,Celadon City,Water,Squirtle,5,47.6,61.2,76.5,249.0,3,5.3,387,83.5,4,1,5,2599,56,10,9,0,1,4,43,8,0,142.5,173.7,7,0,0,0,,95,68,45.0,81.13,79.22,54.08,Grass,Kanto
408,Gold_3656,Pallet Town,Water,Squirtle,5,58.1,59.4,77.7,251.7,6,8.6,388,69.3,4,1,3,1391,36,12,12,1,0,0,42,3,3,167.3,178.5,7,0,0,0,,175,69,45.7,52.85,97.72,49.75,None,Kanto
409,Yellow_4087,Lavender Town,Water,Squirtle,6,20.5,31.5,48.4,157.2,4,0.2,322,42.0,3,0,2,1707,47,8,12,0,0,3,40,7,2,140.1,165.1,3,0,0,0,,20,44,29.1,80.33,14.63,63.19,Ghost,Kanto
410,Giovanni_7647,Pallet Town,Grass,Bulbasaur,6,14.1,77.5,41.6,167.8,5,0.5,90,64.4,1,1,7,549,16,2,5,0,0,1,21,11,1,132.3,133.9,3,0,0,0,,26,51,33.8,96.1,52.71,12.16,None,Kanto
411,Gary_9815,Lavender Town,Water,Squirtle,2,39.7,45.2,89.5,225.2,6,4.1,413,62.5,3,1,2,1769,66,11,17,1,5,0,53,10,1,167.8,205.3,7,0,0,0,,157,55,36.4,85.92,96.59,77.05,Ghost,Kanto
412,Aya_1195,Cinnabar Island,Water,Squirtle,6,44.7,48.0,55.0,305.6,1,4.0,454,46.6,2,1,5,1329,54,12,9,0,2,0,50,8,1,145.8,145.9,3,0,0,0,,129,77,51.0,79.95,27.29,73.91,Fire,Kanto
413,Jasmine_6559,Saffron City,Grass,Bulbasaur,6,37.7,65.4,70.1,289.5,4,2.0,583,74.8,3,1,3,1757,80,14,13,0,2,0,75,4,0,177.7,179.1,6,0,0,0,,20,85,56.3,98.1,70.38,96.58,Psychic,Kanto
414,Silver_7938,Pallet Town,Water,Squirtle,4,44.4,54.7,77.0,65.3,1,4.6,152,81.4,1,0,1,595,23,2,10,0,3,1,17,1,0,178.6,186.1,6,0,0,0,,113,49,32.5,65.63,96.18,3.62,None,Kanto
415,Koji_4401,Cinnabar Island,Water,Squirtle,4,22.0,40.8,57.9,131.9,3,1.8,36,30.6,2,0,2,1236,0,0,0,1,2,0,13,4,1,114.2,120.5,1,0,0,0,,29,4,2.6,25.75,9.38,0.23,Fire,Kanto
416,Jessie_6984,Vermilion City,Grass,Bulbasaur,2,39.8,42.7,54.8,226.7,3,2.7,573,28.5,3,0,2,1834,68,15,10,0,2,1,79,1,0,115.3,123.6,1,0,0,0,,142,81,53.6,3.29,19.55,89.57,Electric,Kanto
417,Gary_6476,Pewter City,Fire,Charmander,5,31.9,33.3,65.6,251.9,2,2.6,254,46.0,3,1,1,1873,52,10,6,1,2,2,38,5,1,115.2,116.9,3,0,0,0,,100,37,24.5,50.97,55.9,25.48,Rock,Kanto
418,Ash_7017,Viridian City,Grass,Bulbasaur,5,24.5,52.4,56.6,208.0,4,0.2,252,31.3,1,1,1,596,34,7,9,0,2,0,23,4,2,124.3,144.2,1,0,0,0,,67,33,21.9,28.93,45.12,51.82,Ground,Kanto
419,Clair_9248,Lavender Town,Water,Squirtle,6,53.9,61.6,59.7,135.9,1,8.1,171,52.9,3,0,6,1921,35,6,5,0,0,1,15,3,0,112.3,132.1,4,0,0,0,,167,45,29.8,42.62,63.29,12.17,Ghost,Kanto
420,Duplica_1724,Fuchsia City,Fire,Charmander,3,36.6,39.1,73.0,303.1,3,0.8,557,46.5,3,1,9,2014,70,8,13,0,3,1,68,3,1,167.0,175.9,3,0,0,0,,90,70,46.4,70.22,53.24,99.66,Poison,Kanto
421,Lara_3932,Pewter City,Fire,Charmander,6,30.2,41.5,54.5,94.8,1,3.6,146,35.3,2,0,3,1366,30,4,3,1,1,0,30,6,2,166.1,197.1,3,0,0,0,,105,23,15.2,46.83,42.32,8.42,Rock,Kanto
422,Stella_3197,Pewter City,Water,Squirtle,4,36.0,41.1,53.7,120.3,2,3.8,282,59.7,5,0,6,3049,51,12,4,0,2,2,36,12,2,175.7,176.6,4,0,0,0,,95,55,36.4,89.15,16.97,41.32,Rock,Kanto
423,Crystal_9237,Vermilion City,Grass,Bulbasaur,6,37.3,45.5,84.1,101.3,2,4.5,318,58.2,4,0,0,1519,38,6,6,1,1,1,41,2,1,136.0,136.3,4,0,0,0,,87,55,36.4,5.14,83.31,39.34,Electric,Kanto
424,James_1919,Celadon City,Fire,Charmander,3,38.5,45.9,59.9,149.1,2,0.6,305,35.1,2,0,2,1546,44,11,9,0,2,1,47,3,0,132.4,153.4,2,0,0,0,,30,38,25.2,21.13,42.41,59.48,Grass,Kanto
425,Giovanni_7848,Fuchsia City,Fire,Charmander,3,37.6,40.0,65.0,280.9,1,1.2,500,20.3,4,1,0,1965,67,9,9,0,1,0,49,4,2,166.6,195.7,1,0,0,0,,85,64,42.4,3.79,37.5,88.19,Poison,Kanto
426,Giovanni_1113,Fuchsia City,Water,Squirtle,3,48.7,65.5,70.3,260.6,3,5.1,398,58.0,3,1,0,2334,51,11,14,0,2,0,48,4,2,117.7,121.2,6,0,0,0,,48,56,37.1,20.49,96.08,63.99,Poison,Kanto
427,Brock_5629,Celadon City,Fire,Charmander,4,43.1,57.9,46.1,269.0,3,2.0,485,37.3,2,1,2,1164,60,12,14,0,4,0,58,6,2,134.1,139.6,3,0,0,0,,16,69,45.7,40.63,6.21,98.57,Grass,Kanto
428,Red_8693,Pewter City,Fire,Charmander,6,20.7,26.5,56.8,202.3,1,1.4,340,24.4,3,1,1,2016,46,11,3,1,0,1,30,3,0,158.3,163.0,0,0,0,0,,30,30,19.9,22.48,4.9,45.39,Rock,Kanto
429,Ash_5571,Celadon City,Grass,Bulbasaur,4,43.7,46.8,62.1,139.6,1,5.8,260,71.2,2,0,1,865,28,9,6,0,4,0,21,5,3,167.5,197.3,5,0,0,0,,127,31,20.5,64.68,48.68,18.62,Grass,Kanto
430,Whitney_3460,Pewter City,Grass,Bulbasaur,5,24.9,44.7,56.6,122.5,2,1.3,254,55.7,4,0,4,1844,40,7,9,0,2,1,35,7,0,144.1,185.7,3,0,0,0,,104,41,27.2,83.06,28.6,32.27,Rock,Kanto
431,Koga_8555,Vermilion City,Water,Squirtle,6,47.6,72.1,54.1,286.5,1,7.2,421,56.1,3,1,0,1415,48,7,15,1,0,2,48,1,0,199.7,201.5,4,0,0,0,,120,47,31.1,59.23,29.96,60.1,Electric,Kanto
432,Duplica_1587,Cinnabar Island,Fire,Charmander,4,34.3,36.8,97.2,139.0,6,1.5,154,57.2,3,0,4,1732,20,9,0,1,2,2,22,5,1,149.2,174.7,4,0,0,0,,94,42,27.8,98.94,64.57,20.86,Fire,Kanto
433,Crystal_5987,Lavender Town,Fire,Charmander,5,78.5,89.9,67.8,238.6,3,15.0,523,94.0,4,1,7,2334,75,13,15,0,4,0,73,8,1,157.8,163.3,8,1,1,1,553.0,171,81,53.6,60.02,81.79,64.48,Ghost,Kanto
434,Jasmine_1888,Saffron City,Water,Squirtle,3,41.8,63.4,60.4,153.3,2,1.9,441,60.9,2,0,2,1170,67,12,9,1,2,1,47,5,0,145.5,146.1,4,0,0,0,,163,65,43.0,85.34,35.09,73.16,Psychic,Kanto
435,Will_9533,Pewter City,Fire,Charmander,6,17.7,21.2,62.1,116.8,3,0.4,174,58.9,3,0,3,1841,11,4,7,0,4,0,24,7,3,150.4,154.8,3,0,0,0,,53,46,30.5,87.35,46.88,23.8,Rock,Kanto
436,Bugsy_7189,Vermilion City,Grass,Bulbasaur,5,34.8,48.4,67.6,165.7,1,3.9,165,53.0,4,0,0,1836,30,5,4,0,4,1,23,4,0,129.5,143.8,3,0,0,0,,100,32,21.2,8.72,53.89,16.19,Electric,Kanto
437,Koji_1612,Cerulean City,Fire,Charmander,1,14.9,34.9,69.9,99.0,2,0.2,92,25.9,2,0,1,1025,11,7,1,1,0,0,16,3,2,126.2,134.7,1,0,0,0,,66,17,11.3,6.03,46.6,8.8,Water,Kanto
438,Lorelei_4793,Cinnabar Island,Fire,Charmander,5,28.5,56.4,82.9,256.7,1,0.0,412,35.5,2,1,3,779,67,10,11,0,1,1,53,5,1,84.0,117.1,0,0,0,0,,9,48,31.8,9.43,53.49,64.37,Fire,Kanto
439,Stella_5896,Vermilion City,Fire,Charmander,5,36.8,64.0,90.6,230.7,4,2.5,503,64.9,2,0,2,1499,52,18,15,0,3,0,56,5,0,141.3,147.1,5,0,0,0,,62,81,53.6,3.34,96.93,93.62,Electric,Kanto
440,Agatha_7995,Cinnabar Island,Water,Squirtle,5,39.6,43.2,77.6,201.4,1,1.9,297,74.4,2,1,4,1242,39,11,10,0,1,0,40,8,0,170.9,174.7,6,0,0,0,,107,55,36.4,60.43,83.45,44.67,Fire,Kanto
441,Will_7600,Vermilion City,Fire,Charmander,6,39.0,46.3,83.5,236.8,5,1.2,456,62.5,5,1,1,2420,70,14,13,0,1,1,52,1,1,105.3,115.9,4,0,0,0,,69,38,25.2,40.1,80.7,86.47,Electric,Kanto
442,Tracey_9925,Cinnabar Island,Fire,Charmander,6,21.6,25.6,87.4,228.3,1,1.3,79,21.5,3,1,2,1485,20,3,0,0,3,3,15,3,1,128.9,140.6,1,0,0,0,,68,18,11.9,0.99,60.27,1.01,Fire,Kanto
443,Gary_3889,Fuchsia City,Fire,Charmander,4,36.9,45.5,60.7,267.5,4,3.6,363,47.6,2,1,3,1036,34,13,10,0,2,0,41,6,0,162.8,253.9,3,0,0,0,,87,59,39.1,36.96,46.03,70.32,Poison,Kanto
444,Clair_4853,Fuchsia City,Water,Squirtle,3,38.6,53.7,79.0,90.2,2,7.1,145,64.4,2,0,4,1363,17,7,6,0,2,0,21,3,2,114.4,119.3,5,0,0,0,,164,48,31.8,51.36,89.87,12.44,Poison,Kanto
445,Green_4915,Pewter City,Water,Squirtle,6,46.1,61.7,72.6,176.5,2,9.0,265,78.1,3,1,4,832,39,5,5,0,2,1,41,9,1,145.7,156.6,6,0,0,0,,183,51,33.8,71.09,49.17,16.0,Rock,Kanto
446,Gold_2970,Pallet Town,Water,Squirtle,4,22.3,23.9,68.8,299.2,5,0.4,483,51.2,2,1,6,1107,65,15,5,0,4,1,71,2,5,124.0,124.2,2,0,0,0,,92,76,50.3,61.53,47.59,86.76,None,Kanto
447,Blue_4063,Cinnabar Island,Fire,Charmander,6,31.7,36.3,83.2,108.6,2,4.5,66,48.0,5,0,5,2441,12,3,7,0,1,0,13,4,1,138.2,138.3,3,0,0,0,,151,42,27.8,49.19,73.05,8.18,Fire,Kanto
448,Green_5482,Viridian City,Water,Squirtle,6,56.2,64.0,73.7,194.0,3,9.9,256,51.9,3,0,0,1541,28,5,7,0,2,1,38,7,1,142.3,142.6,5,0,0,0,,147,43,28.5,34.07,54.03,11.9,Ground,Kanto
449,Misty_5757,Fuchsia City,Water,Squirtle,5,28.2,33.3,70.3,183.4,1,2.2,190,38.3,2,0,8,1495,31,6,3,1,2,0,31,7,0,142.2,182.2,2,0,0,0,,134,31,20.5,61.54,72.26,27.04,Poison,Kanto
450,James_4768,Fuchsia City,Fire,Charmander,3,31.3,32.7,48.3,188.9,2,5.5,176,40.8,3,0,1,1530,9,7,4,1,2,1,38,2,1,103.5,130.6,2,0,0,0,,153,43,28.5,20.4,1.5,17.72,Poison,Kanto
451,Agatha_6116,Pallet Town,Grass,Bulbasaur,5,24.9,36.3,78.4,140.1,3,2.3,33,53.9,2,0,2,1037,5,2,4,0,2,1,16,3,1,137.4,146.2,3,0,0,0,,140,23,15.2,42.97,76.54,0.17,None,Kanto
452,Blaine_4897,Pallet Town,Water,Squirtle,6,32.1,37.4,57.1,201.6,4,3.7,308,39.9,3,0,0,1403,34,6,12,0,2,1,47,5,2,129.9,140.4,3,0,0,0,,121,32,21.2,39.95,22.26,52.07,None,Kanto
453,Joe_2352,Pallet Town,Fire,Charmander,6,32.0,32.2,45.3,134.6,3,1.3,71,30.4,1,0,0,215,5,4,0,0,3,1,16,6,1,152.8,157.1,2,0,0,0,,39,18,11.9,56.04,35.36,3.04,None,Kanto
454,Tracey_6537,Lavender Town,Fire,Charmander,3,37.2,38.0,56.4,265.0,2,1.2,598,30.2,3,0,1,1629,67,9,15,1,4,2,69,1,0,136.6,145.0,3,0,0,0,,81,72,47.7,2.44,28.09,94.74,Ghost,Kanto
455,Lance_8228,Cinnabar Island,Grass,Bulbasaur,6,75.1,80.1,63.6,272.8,2,15.0,465,87.8,2,1,4,1375,37,8,7,0,1,1,61,5,1,142.7,151.2,6,0,0,0,,217,57,37.7,77.81,80.26,49.14,Fire,Kanto
456,Green_1211,Vermilion City,Fire,Charmander,4,39.0,49.1,67.7,112.3,5,5.9,178,58.9,4,0,0,1670,28,3,14,1,5,0,27,5,2,150.2,205.5,7,0,0,0,,119,42,27.8,33.44,40.13,20.83,Electric,Kanto
457,Chuck_9350,Saffron City,Grass,Bulbasaur,5,33.4,33.8,71.0,294.8,3,3.0,321,28.9,4,1,1,1774,32,10,6,1,3,1,35,2,1,137.5,158.3,2,0,0,0,,68,39,25.8,1.46,38.02,43.59,Psychic,Kanto
458,James_7653,Celadon City,Water,Squirtle,6,43.7,47.3,75.8,224.8,1,3.6,444,57.8,2,0,1,1101,50,11,12,1,4,0,65,4,2,164.4,172.5,4,0,0,0,,73,54,35.8,49.29,77.12,77.89,Grass,Kanto
459,Clair_9712,Cinnabar Island,Fire,Charmander,4,29.3,37.4,79.1,253.0,1,1.1,356,60.8,3,1,4,2320,50,9,4,1,1,3,35,3,0,129.5,154.9,5,0,0,0,,85,46,30.5,59.51,93.07,70.4,Fire,Kanto
460,Tracey_4322,Pewter City,Grass,Bulbasaur,6,31.8,33.5,68.1,223.6,3,2.8,475,65.8,2,0,2,1100,64,12,10,1,3,2,56,3,1,136.2,154.1,5,0,0,0,,106,53,35.1,40.67,43.62,60.06,Rock,Kanto
461,Gary_5979,Cinnabar Island,Water,Squirtle,4,20.3,25.9,69.9,132.2,2,1.4,164,75.4,5,0,2,2543,18,3,6,1,3,2,23,10,1,145.9,154.6,5,0,0,0,,59,41,27.2,33.06,99.0,14.38,Fire,Kanto
462,Gary_1640,Pallet Town,Grass,Bulbasaur,2,35.4,40.3,53.8,220.3,2,0.7,574,29.0,2,0,3,819,70,14,14,0,4,3,72,2,0,167.8,179.5,1,0,0,0,,93,83,55.0,24.58,8.86,95.25,None,Kanto
463,Duplica_4683,Viridian City,Fire,Charmander,6,31.2,61.5,76.2,116.1,1,4.2,110,38.9,4,0,0,2001,29,5,3,1,1,2,19,4,1,127.0,156.9,2,0,0,0,,102,39,25.8,13.08,73.71,2.98,Ground,Kanto
464,Karen_3872,Saffron City,Fire,Charmander,3,35.9,39.4,66.3,240.0,3,0.8,400,77.9,2,1,3,1228,61,8,10,0,6,1,50,6,1,155.2,171.7,6,0,0,0,,72,53,35.1,62.28,77.5,75.28,Psychic,Kanto
465,James_6576,Lavender Town,Grass,Bulbasaur,5,35.6,47.4,57.3,113.2,3,1.8,152,61.7,2,0,2,928,24,3,7,0,1,1,28,4,0,140.6,161.0,4,0,0,0,,60,39,25.8,37.2,83.3,19.4,Ghost,Kanto
466,Ash_2273,Lavender Town,Fire,Charmander,6,37.0,40.2,82.0,245.4,2,1.1,315,44.9,2,1,4,936,44,7,7,0,1,0,42,7,2,163.0,165.4,3,0,0,0,,132,57,37.7,36.92,94.22,62.42,Ghost,Kanto
467,Karen_6048,Fuchsia City,Fire,Charmander,6,28.2,32.2,67.9,105.5,2,1.6,81,40.9,4,0,0,1776,20,5,0,1,3,0,14,7,0,92.3,100.3,2,0,0,0,,86,2,1.3,23.67,21.32,1.72,Poison,Kanto
468,Koji_6671,Cinnabar Island,Water,Squirtle,6,68.6,71.9,54.4,183.5,2,15.0,446,33.1,3,0,2,1695,60,11,16,1,2,3,50,3,6,102.0,104.5,4,0,0,0,,275,66,43.7,0.78,5.87,60.11,Fire,Kanto
469,Samurai_6696,Vermilion City,Fire,Charmander,3,41.2,42.6,49.2,184.1,1,2.0,299,42.4,3,0,4,1507,53,3,6,0,0,0,45,5,0,153.1,155.7,2,0,0,0,,93,29,19.2,5.71,19.08,40.84,Electric,Kanto
470,Koji_3751,Pallet Town,Water,Squirtle,6,43.8,55.5,46.6,247.0,3,5.7,311,44.3,3,1,3,1493,30,8,8,1,0,2,38,2,0,119.4,129.3,5,0,0,0,,146,76,50.3,3.6,33.48,39.04,None,Kanto
471,Morty_4519,Saffron City,Grass,Bulbasaur,4,29.7,55.9,76.2,202.7,2,2.7,139,47.7,4,1,1,2209,16,5,3,0,4,2,24,5,1,119.3,126.2,3,0,0,0,,94,38,25.2,15.99,76.91,14.31,Psychic,Kanto
472,Stella_3130,Viridian City,Grass,Bulbasaur,6,27.2,28.3,51.3,144.0,2,0.2,185,43.6,2,0,1,1311,26,6,7,0,1,0,20,4,1,117.1,124.8,2,0,0,0,,86,49,32.5,79.02,34.36,34.04,Ground,Kanto
473,Morty_4637,Viridian City,Fire,Charmander,6,41.5,51.3,67.7,150.0,3,2.9,506,48.4,2,0,7,1029,56,8,10,0,3,0,65,5,0,184.1,192.4,3,0,0,0,,113,78,51.7,91.63,46.12,84.27,Ground,Kanto
474,Bill_7147,Celadon City,Grass,Bulbasaur,6,23.5,39.8,48.4,92.4,2,0.3,59,53.4,3,0,6,1583,13,2,5,0,1,0,24,5,0,99.8,118.1,2,0,0,0,,50,8,5.3,51.66,18.9,11.5,Grass,Kanto
475,Daisy_2627,Fuchsia City,Water,Squirtle,5,32.9,42.1,26.7,317.6,6,1.0,459,33.1,4,1,3,2847,63,8,12,1,4,0,47,7,2,137.5,142.4,3,0,0,0,,101,72,47.7,56.22,0.21,85.5,Poison,Kanto
476,Todd_1933,Viridian City,Water,Squirtle,6,30.0,33.9,67.5,185.0,2,0.5,133,42.2,4,1,3,2074,14,1,9,1,1,0,25,2,2,156.2,156.4,2,0,0,0,,98,32,21.2,71.92,49.27,13.58,Ground,Kanto
477,Silver_3178,Saffron City,Water,Squirtle,4,43.3,47.9,66.3,273.8,4,6.1,248,41.0,3,1,1,1734,18,7,8,0,1,0,29,2,0,128.7,134.1,3,0,0,0,,181,34,22.5,3.4,45.74,33.08,Psychic,Kanto
478,Sabrina_6188,Cinnabar Island,Water,Squirtle,2,35.4,43.4,57.7,142.2,3,5.9,221,48.1,1,0,4,411,25,7,9,0,0,0,33,4,2,136.3,141.1,2,0,0,0,,82,39,25.8,60.45,22.23,29.91,Fire,Kanto
479,Samurai_6240,Celadon City,Grass,Bulbasaur,5,35.1,47.5,84.7,171.1,3,2.7,110,78.7,4,1,2,2086,32,1,0,1,0,0,19,5,4,116.8,131.7,7,0,0,0,,68,14,9.3,81.0,75.23,9.69,Grass,Kanto
480,Koji_8414,Pallet Town,Water,Squirtle,4,32.6,50.4,60.6,101.1,6,2.0,106,66.1,4,0,3,2071,0,4,6,0,1,2,18,4,0,146.6,147.9,5,0,0,0,,99,28,18.5,71.17,63.46,0.04,None,Kanto
481,Stella_1492,Lavender Town,Fire,Charmander,6,32.9,42.1,79.6,137.0,4,1.0,304,39.2,4,0,2,1968,42,5,3,0,0,0,40,3,0,132.1,143.3,2,0,0,0,,64,54,35.8,26.17,76.6,51.57,Ghost,Kanto
482,Erika_5953,Cerulean City,Grass,Bulbasaur,3,27.0,28.6,41.2,103.6,3,0.4,69,46.1,2,0,2,875,31,6,3,0,2,1,16,3,0,146.2,153.0,3,0,0,0,,71,23,15.2,37.26,3.84,0.27,Water,Kanto
483,Blaine_1410,Celadon City,Water,Squirtle,5,31.9,56.6,55.0,269.7,1,0.5,459,57.8,4,1,6,1668,40,6,11,1,3,0,63,6,3,169.5,172.3,3,0,0,0,,91,59,39.1,97.86,19.58,68.78,Grass,Kanto
484,Giselle_7256,Pewter City,Water,Squirtle,6,30.4,33.1,48.4,245.6,2,2.0,278,46.1,1,1,5,537,31,6,9,0,1,2,29,6,2,145.2,150.8,2,0,0,0,,75,62,41.1,90.07,12.8,27.82,Rock,Kanto
485,Koga_7356,Lavender Town,Grass,Bulbasaur,1,40.6,46.9,51.7,233.3,1,1.8,531,51.5,3,1,7,2075,56,16,12,0,0,2,65,3,0,172.3,184.2,3,0,0,0,,97,85,56.3,48.4,49.47,99.52,Ghost,Kanto
486,Agatha_2201,Lavender Town,Water,Squirtle,6,47.2,55.1,66.6,148.8,1,5.3,232,40.8,3,0,2,1556,31,8,9,1,3,1,28,5,3,134.5,165.0,3,0,0,0,,119,53,35.1,50.16,50.91,33.08,Ghost,Kanto
487,Sabrina_9659,Vermilion City,Fire,Charmander,6,25.0,25.9,70.3,185.7,3,1.7,255,53.5,3,0,0,1875,35,6,0,0,1,0,35,4,1,145.9,160.9,3,0,0,0,,59,44,29.1,55.42,62.44,37.04,Electric,Kanto
488,Gold_6228,Fuchsia City,Fire,Charmander,4,48.2,50.7,53.8,230.2,3,5.4,468,25.9,2,0,2,1945,71,12,5,0,1,1,59,2,2,151.9,158.4,2,0,0,0,,102,79,52.3,34.26,22.56,75.41,Poison,Kanto
489,Silver_6969,Lavender Town,Fire,Charmander,6,43.0,49.1,74.0,176.8,1,0.7,418,55.4,4,0,1,2168,52,9,11,0,4,3,50,1,1,155.4,189.1,4,0,0,0,,74,48,31.8,8.31,62.56,75.46,Ghost,Kanto
490,Samurai_8261,Vermilion City,Water,Squirtle,6,29.9,36.5,48.8,200.1,1,3.3,191,26.6,3,1,1,1141,22,10,0,1,1,0,30,3,1,101.1,104.9,1,0,0,0,,98,34,22.5,11.17,13.11,16.75,Electric,Kanto
491,Green_1389,Fuchsia City,Fire,Charmander,1,30.0,41.8,56.3,221.3,3,0.5,466,48.0,3,0,1,1800,70,11,11,0,2,1,54,3,1,107.6,117.3,2,0,0,0,,47,76,50.3,73.2,23.95,74.64,Poison,Kanto
492,Bruno_8595,Pewter City,Grass,Bulbasaur,4,46.4,59.3,88.2,190.2,2,6.3,251,56.2,2,0,2,1408,40,6,3,1,3,1,41,2,1,94.0,96.8,5,0,0,0,,98,61,40.4,40.27,89.42,30.28,Rock,Kanto
493,Clair_6632,Pewter City,Grass,Bulbasaur,6,36.5,39.6,34.2,140.5,4,3.0,232,27.9,2,1,4,492,38,6,8,0,5,2,28,3,1,136.6,138.8,1,0,0,0,,80,64,42.4,49.75,0.45,35.6,Rock,Kanto
494,Yellow_4927,Pewter City,Fire,Charmander,6,21.5,28.6,86.2,213.2,4,0.8,180,70.1,3,1,1,1826,22,3,0,0,1,2,21,9,2,183.4,185.1,5,0,0,0,,90,32,21.2,95.04,91.03,19.31,Rock,Kanto
495,Blaine_6037,Celadon City,Fire,Charmander,6,46.6,55.8,54.1,280.5,3,5.5,485,30.2,3,1,3,1639,51,11,10,1,1,2,55,6,1,116.7,118.2,3,0,0,0,,109,70,46.4,20.78,0.42,91.26,Grass,Kanto
496,Whitney_5532,Pallet Town,Water,Squirtle,4,41.1,53.9,55.6,225.3,1,1.8,498,29.2,3,0,0,2265,69,9,11,0,3,0,59,5,0,164.3,176.4,2,0,0,0,,98,73,48.3,11.37,36.31,86.93,None,Kanto
497,Samurai_2384,Cerulean City,Grass,Bulbasaur,5,37.7,38.3,75.1,157.3,3,2.8,235,54.9,2,0,3,572,36,5,6,0,0,0,37,5,0,122.6,200.2,4,0,0,0,,84,27,17.9,90.11,40.38,41.42,Water,Kanto
498,Tracey_5570,Viridian City,Fire,Charmander,5,43.1,52.9,71.8,255.4,5,1.7,457,54.2,3,1,5,1822,56,9,7,1,3,0,58,6,0,170.6,187.5,5,0,0,0,,64,92,60.9,84.45,28.72,73.11,Ground,Kanto
499,Sabrina_3536,Cerulean City,Fire,Charmander,5,37.4,41.1,72.2,152.0,1,3.1,378,57.8,2,0,1,1387,46,12,9,1,3,0,37,1,1,142.5,143.3,5,0,0,0,,160,41,27.2,25.49,91.2,61.83,Water,Kanto
500,Samurai_2811,Vermilion City,Grass,Bulbasaur,5,42.7,44.9,64.4,236.3,1,4.5,147,42.8,3,1,2,1085,22,2,11,1,4,0,18,2,4,102.8,111.1,3,0,0,0,,120,6,4.0,15.06,43.2,26.53,Electric,Kanto
501,Bill_8274,Pewter City,Fire,Charmander,5,45.0,50.3,69.6,239.3,4,2.6,562,51.3,4,0,0,1990,55,13,13,1,0,2,74,3,0,152.6,159.7,6,0,0,0,,82,79,52.3,17.82,60.0,92.61,Rock,Kanto
502,Aya_1122,Cerulean City,Grass,Bulbasaur,6,50.1,54.9,44.9,242.1,1,5.4,321,26.8,2,1,1,826,39,7,6,0,1,1,40,2,1,118.4,173.8,1,0,0,0,,167,39,25.8,3.83,40.97,51.27,Water,Kanto
503,James_2231,Cerulean City,Grass,Bulbasaur,1,23.1,25.9,81.4,170.8,3,3.6,254,55.9,4,0,0,1498,34,5,4,0,1,1,41,4,0,128.3,131.2,3,0,0,0,,130,41,27.2,4.09,65.82,30.42,Water,Kanto
504,Red_4645,Celadon City,Fire,Charmander,2,32.5,71.5,68.8,166.2,1,1.7,160,73.5,3,0,4,1560,31,4,4,0,6,1,28,10,0,141.4,144.0,4,0,0,0,,129,32,21.2,75.03,68.75,17.39,Grass,Kanto
505,Giselle_2577,Cerulean City,Water,Squirtle,5,49.0,53.4,41.7,157.6,2,11.0,270,66.7,4,0,6,2306,31,7,8,1,2,1,37,5,2,147.7,148.0,6,0,0,0,,183,62,41.1,64.67,18.49,20.25,Water,Kanto
506,Pryce_2544,Saffron City,Fire,Charmander,3,25.8,35.1,80.6,89.4,2,0.4,288,49.0,4,0,1,1719,37,6,6,0,3,0,38,3,3,130.7,135.5,2,0,0,0,,60,38,25.2,15.36,75.38,40.77,Psychic,Kanto
507,Lorelei_6273,Vermilion City,Grass,Bulbasaur,6,24.9,25.3,81.8,105.6,1,1.1,90,55.2,2,0,1,1118,12,7,0,1,1,2,13,4,0,156.7,178.4,3,0,0,0,,98,27,17.9,5.66,91.13,6.22,Electric,Kanto
508,Jessie_7550,Cerulean City,Fire,Charmander,3,37.4,63.1,61.0,214.4,2,2.5,532,54.8,2,0,4,1047,86,13,10,0,2,0,56,2,1,166.7,177.0,3,0,0,0,,97,91,60.3,71.88,10.73,91.36,Water,Kanto
509,Falkner_1246,Cerulean City,Fire,Charmander,5,24.6,38.2,77.4,245.5,2,1.7,139,52.6,4,1,3,1994,16,5,2,1,0,0,17,9,2,149.1,159.9,3,0,0,0,,77,31,20.5,67.97,75.53,1.18,Water,Kanto
510,Chuck_3855,Vermilion City,Fire,Charmander,4,42.9,51.2,75.9,197.4,2,4.4,276,72.9,4,1,9,1732,40,6,1,1,1,3,47,3,0,145.7,147.3,6,0,0,0,,146,70,46.4,81.57,88.29,44.49,Electric,Kanto
511,Blue_3455,Saffron City,Grass,Bulbasaur,4,30.0,35.1,96.1,156.1,2,0.0,193,40.9,2,0,3,1045,19,4,5,1,2,0,26,6,2,151.0,154.3,2,0,0,0,,85,48,31.8,36.72,82.34,39.54,Psychic,Kanto
512,Erika_8141,Vermilion City,Fire,Charmander,2,55.8,56.2,69.0,275.8,5,6.6,523,49.1,2,1,4,1380,67,17,12,0,4,0,52,7,0,168.0,171.1,6,0,0,0,,121,70,46.4,62.22,42.96,85.35,Electric,Kanto
513,Aya_4462,Celadon City,Grass,Bulbasaur,6,58.4,61.7,69.7,230.5,4,6.9,223,45.4,4,1,4,1639,21,5,8,1,1,1,31,7,2,154.3,176.2,5,0,0,0,,170,38,25.2,49.16,67.95,31.67,Grass,Kanto
514,Misty_8175,Cinnabar Island,Water,Squirtle,3,26.2,33.2,74.8,122.5,2,3.0,184,78.5,4,0,2,2338,29,8,5,1,3,0,29,4,0,168.5,176.2,5,0,0,0,,115,33,21.9,58.46,71.1,18.99,Fire,Kanto
515,Daisy_7958,Lavender Town,Water,Squirtle,4,33.0,39.5,80.3,172.1,3,2.4,416,78.8,3,0,3,1673,57,7,10,0,3,2,48,5,1,170.2,199.2,5,0,0,0,,88,64,42.4,72.71,82.23,75.74,Ghost,Kanto
516,Bruno_2495,Cinnabar Island,Grass,Bulbasaur,4,47.6,52.8,85.4,289.9,2,8.7,438,89.4,2,1,1,1282,54,10,6,1,2,1,46,5,1,113.4,124.0,7,0,0,0,,127,53,35.1,77.77,84.3,49.47,Fire,Kanto
517,Ash_2312,Lavender Town,Fire,Charmander,5,38.6,41.7,84.4,307.4,1,1.9,580,64.2,1,1,1,1231,71,19,7,0,3,0,69,6,1,152.7,206.7,3,0,0,0,,97,69,45.7,49.96,81.13,84.96,Ghost,Kanto
518,Gary_8424,Saffron City,Water,Squirtle,4,48.2,65.1,68.0,220.1,1,6.3,480,52.8,4,0,2,2496,60,14,14,0,1,1,48,6,2,148.3,162.4,4,0,0,0,,160,59,39.1,74.54,11.15,65.69,Psychic,Kanto
519,Sabrina_1601,Pewter City,Fire,Charmander,5,31.3,36.1,58.7,237.0,3,3.3,280,39.1,3,1,5,1005,39,8,6,1,3,2,49,1,0,129.1,129.5,4,0,0,0,,152,49,32.5,55.69,28.65,48.46,Rock,Kanto
520,Giselle_6129,Viridian City,Fire,Charmander,3,33.1,34.3,82.2,258.2,5,1.3,483,50.0,3,1,1,1628,51,17,10,0,2,1,52,4,0,125.1,127.6,3,0,0,0,,97,52,34.4,50.84,96.92,75.09,Ground,Kanto
521,James_9775,Vermilion City,Grass,Bulbasaur,6,22.1,34.1,76.5,228.6,3,0.8,444,49.1,3,1,3,1731,58,9,12,0,2,0,43,4,1,133.0,167.6,2,0,0,0,,103,67,44.4,23.22,57.84,68.56,Electric,Kanto
522,Bruno_7468,Cerulean City,Fire,Charmander,2,36.8,38.6,64.1,269.6,3,2.4,321,56.5,5,1,1,2623,39,7,9,0,4,2,46,1,2,147.7,194.7,4,0,0,0,,82,52,34.4,63.95,38.84,59.9,Water,Kanto
523,Bugsy_7275,Vermilion City,Water,Squirtle,6,56.4,61.1,76.9,303.8,4,8.8,518,64.2,4,1,5,2029,54,10,9,1,1,0,59,1,1,187.2,204.6,6,0,0,0,,126,104,68.9,70.03,69.21,71.41,Electric,Kanto
524,Lara_8991,Pallet Town,Grass,Bulbasaur,2,25.3,34.0,70.4,129.8,3,0.1,71,36.8,3,0,2,1882,14,4,0,0,2,1,17,2,0,113.1,129.3,2,0,0,0,,32,15,9.9,9.7,61.98,2.67,None,Kanto
525,Ash_4131,Cerulean City,Fire,Charmander,6,35.4,36.5,61.1,163.2,4,0.7,433,52.9,4,0,5,2339,49,17,14,0,2,0,48,6,3,139.8,182.4,4,0,0,0,,68,60,39.7,72.19,46.98,71.52,Water,Kanto
526,Stella_2558,Lavender Town,Water,Squirtle,6,65.1,65.9,60.0,315.9,1,13.4,470,52.4,2,1,2,912,55,14,13,1,2,0,47,1,1,145.9,147.1,5,0,0,0,,172,72,47.7,20.83,51.73,57.43,Ghost,Kanto
527,Jasmine_1745,Fuchsia City,Fire,Charmander,3,60.5,64.8,51.2,292.2,6,10.0,582,43.5,3,1,0,1468,48,16,17,1,2,1,66,5,3,139.9,150.4,6,0,0,0,,218,71,47.0,10.37,15.26,81.75,Poison,Kanto
528,Blaine_6215,Cinnabar Island,Grass,Bulbasaur,5,24.8,44.7,79.9,199.2,2,0.0,417,38.7,2,0,1,1494,56,10,12,0,2,2,45,2,1,129.1,135.7,2,0,0,0,,69,54,35.8,13.69,87.56,74.15,Fire,Kanto
529,Will_6849,Lavender Town,Grass,Bulbasaur,2,37.7,41.6,80.5,197.1,6,4.0,405,79.1,2,0,3,1118,77,10,9,0,2,1,52,8,3,160.7,179.0,6,0,0,0,,146,59,39.1,90.6,81.0,60.9,Ghost,Kanto
530,AJ_3054,Viridian City,Grass,Bulbasaur,6,28.0,30.5,76.7,134.4,3,1.0,321,65.9,4,0,5,2481,43,10,11,0,4,2,47,5,0,146.8,204.1,4,0,0,0,,74,59,39.1,91.39,92.88,40.92,Ground,Kanto
531,AJ_6797,Pallet Town,Fire,Charmander,4,32.9,68.2,43.6,149.2,1,1.4,221,51.8,2,0,1,1068,30,7,3,0,0,1,24,1,2,187.6,221.1,3,0,0,0,,55,41,27.2,55.73,1.02,48.91,None,Kanto
532,Gary_3804,Celadon City,Water,Squirtle,4,35.2,36.4,63.6,149.2,5,1.8,233,23.3,4,0,4,2704,44,5,13,1,2,0,28,2,4,151.1,174.6,2,0,0,0,,39,34,22.5,8.24,28.45,26.68,Grass,Kanto
533,Gold_5932,Cinnabar Island,Fire,Charmander,3,36.5,56.2,88.7,232.1,1,6.0,300,54.3,4,1,1,1883,39,4,7,1,2,2,41,1,3,137.3,162.4,5,0,0,0,,115,54,35.8,2.03,87.81,31.09,Fire,Kanto
534,Ash_8562,Saffron City,Fire,Charmander,3,38.5,41.3,70.1,177.4,2,5.7,100,41.6,5,1,0,2262,23,1,3,0,3,0,17,5,3,101.5,115.8,2,0,0,0,,156,2,1.3,18.47,62.53,2.8,Psychic,Kanto
535,Blaine_2101,Pallet Town,Water,Squirtle,6,36.8,65.0,76.5,166.6,1,2.7,358,36.8,4,0,2,2373,30,10,4,1,3,1,32,4,0,168.7,187.5,3,0,0,0,,30,45,29.8,13.52,84.41,53.07,None,Kanto
536,Karen_2604,Pewter City,Water,Squirtle,3,33.0,51.9,42.6,137.1,4,1.8,192,37.4,3,0,3,2077,29,7,3,1,4,0,36,1,1,154.9,165.7,4,0,0,0,,47,28,18.5,59.44,6.75,21.47,Rock,Kanto
537,Giovanni_5749,Pallet Town,Grass,Bulbasaur,1,30.6,31.0,60.6,176.8,3,1.0,368,45.7,2,0,3,1205,33,12,9,0,3,0,53,6,1,149.8,150.7,2,0,0,0,,79,66,43.7,61.68,55.28,65.08,None,Kanto
538,Surge_4311,Pallet Town,Fire,Charmander,6,35.6,36.5,53.2,201.7,5,3.9,216,30.0,2,1,1,998,22,10,3,0,1,0,33,6,4,120.6,141.9,3,0,0,0,,108,42,27.8,11.12,12.85,13.37,None,Kanto
539,Yellow_7523,Pewter City,Water,Squirtle,4,30.6,48.9,52.5,243.3,2,3.1,281,44.7,2,1,3,1508,35,4,5,0,0,0,31,3,0,173.7,183.9,1,0,0,0,,40,49,32.5,60.03,10.23,44.56,Rock,Kanto
540,Blaine_7610,Fuchsia City,Grass,Bulbasaur,5,23.5,29.2,77.7,114.1,3,1.5,140,56.0,3,0,4,1897,21,10,3,0,1,0,18,3,0,126.9,128.8,3,0,0,0,,35,37,24.5,47.93,77.2,13.74,Poison,Kanto
541,Erika_6420,Viridian City,Water,Squirtle,6,35.6,37.5,56.8,179.5,4,2.6,408,28.2,3,0,2,1820,49,12,14,1,5,1,51,5,1,149.5,161.7,3,0,0,0,,123,60,39.7,38.87,2.26,65.13,Ground,Kanto
542,Ash_7777,Celadon City,Fire,Charmander,6,31.1,35.2,67.8,174.1,1,1.5,176,59.7,1,0,2,261,27,4,0,0,4,0,20,5,2,128.5,150.1,4,0,0,0,,35,30,19.9,91.49,52.43,13.01,Grass,Kanto
543,Samurai_9733,Saffron City,Fire,Charmander,3,40.4,50.4,57.2,215.4,6,3.5,369,33.9,4,0,2,2473,39,13,12,1,1,1,41,7,4,140.8,180.3,5,0,0,0,,119,68,45.0,44.5,27.96,52.29,Psychic,Kanto
544,Bugsy_2590,Cinnabar Island,Fire,Charmander,6,46.6,56.8,87.1,263.2,4,6.2,384,61.5,3,1,2,2024,45,9,5,0,6,1,46,6,1,192.8,201.5,6,0,0,0,,136,53,35.1,43.38,73.79,65.06,Fire,Kanto
545,Gold_9563,Saffron City,Water,Squirtle,6,62.7,79.4,81.0,317.8,1,9.1,546,85.6,4,1,4,2559,68,11,13,0,1,1,66,3,1,152.2,170.5,8,1,1,1,568.0,160,88,58.3,65.64,75.45,92.64,Psychic,Kanto
546,Jessie_9436,Celadon City,Fire,Charmander,6,34.3,38.8,55.6,195.1,3,0.3,444,52.4,3,0,3,1526,46,11,10,0,3,1,53,6,1,164.2,166.6,4,0,0,0,,62,62,41.1,75.95,36.95,84.7,Grass,Kanto
547,Lance_8572,Pewter City,Water,Squirtle,5,32.9,38.7,65.2,189.3,3,1.1,398,37.6,2,0,4,1200,45,14,11,1,3,1,40,4,1,160.0,171.4,3,0,0,0,,47,48,31.8,52.9,32.23,67.28,Rock,Kanto
548,Koji_2119,Fuchsia City,Fire,Charmander,6,39.1,39.5,66.3,139.0,4,4.6,83,81.6,4,0,7,1802,16,8,6,0,2,0,14,10,3,143.4,150.8,7,0,0,0,,131,28,18.5,97.58,85.44,4.02,Poison,Kanto
549,Surge_7210,Cerulean City,Fire,Charmander,6,40.7,51.9,59.5,188.6,1,4.7,447,34.8,2,0,1,1191,47,19,12,0,5,0,51,3,0,124.0,124.5,2,0,0,0,,73,48,31.8,39.67,7.07,74.23,Water,Kanto
550,Koga_5737,Saffron City,Water,Squirtle,5,41.4,49.2,58.9,239.0,5,2.9,437,53.0,5,1,7,2767,58,9,18,0,2,1,55,6,2,138.3,186.0,5,0,0,0,,141,71,47.0,81.63,15.15,77.14,Psychic,Kanto
551,Jessie_2151,Saffron City,Grass,Bulbasaur,4,44.2,56.1,76.0,296.1,1,3.8,372,53.0,4,1,2,1651,45,7,12,1,2,1,40,4,3,148.6,169.5,5,0,0,0,,139,63,41.7,0.68,76.64,60.56,Psychic,Kanto
552,Morty_2846,Lavender Town,Grass,Bulbasaur,2,53.3,56.4,63.4,240.8,6,7.7,391,70.6,2,1,3,1741,47,14,8,0,3,0,47,4,2,179.1,194.6,6,0,0,0,,91,78,51.7,90.57,52.21,42.59,Ghost,Kanto
553,Casey_3574,Saffron City,Grass,Bulbasaur,5,25.8,36.9,69.2,129.0,2,0.9,194,57.0,3,0,3,1636,24,5,3,1,5,2,20,2,0,144.1,149.4,3,0,0,0,,37,20,13.2,71.07,55.2,8.5,Psychic,Kanto
554,Tracey_4229,Pewter City,Fire,Charmander,5,45.6,46.9,51.9,169.7,3,8.3,163,43.3,3,0,0,2145,22,4,9,1,2,1,28,5,3,170.0,177.5,4,0,0,0,,119,37,24.5,43.16,36.42,18.16,Rock,Kanto
555,Red_9314,Vermilion City,Grass,Bulbasaur,3,29.4,36.1,56.3,217.4,1,1.4,169,31.2,2,1,3,1100,13,4,0,0,0,3,22,3,0,119.8,137.3,1,0,0,0,,91,35,23.2,55.83,15.25,15.37,Electric,Kanto
556,Gary_9847,Saffron City,Grass,Bulbasaur,3,40.6,52.3,79.6,151.1,2,2.4,394,58.2,4,0,4,2217,53,8,13,0,3,0,45,3,2,149.3,152.2,4,0,0,0,,81,50,33.1,34.45,84.58,81.52,Psychic,Kanto
557,Crystal_9812,Cerulean City,Grass,Bulbasaur,4,40.8,41.5,73.2,226.1,3,0.7,559,56.9,3,0,0,2054,75,16,12,1,3,2,73,4,1,182.9,184.8,6,0,0,0,,90,74,49.0,58.93,45.63,91.84,Water,Kanto
558,Morty_4823,Viridian City,Water,Squirtle,2,36.7,39.9,86.2,152.1,3,0.6,501,64.4,3,0,3,1693,41,9,8,0,3,2,58,2,3,157.8,167.4,4,0,0,0,,83,66,43.7,76.5,84.17,87.91,Ground,Kanto
559,Samurai_3084,Cerulean City,Fire,Charmander,3,56.3,68.6,49.8,279.7,3,5.4,531,40.3,3,1,2,1824,64,14,13,0,2,1,63,4,0,131.4,172.6,4,0,0,0,,134,72,47.7,40.06,14.94,93.96,Water,Kanto
560,Blaine_3661,Vermilion City,Fire,Charmander,4,63.1,64.1,40.3,239.8,1,8.2,599,37.6,3,0,1,845,60,16,10,1,0,1,60,4,1,150.6,151.1,4,0,0,0,,167,86,57.0,19.02,12.84,86.1,Electric,Kanto
561,Agatha_6890,Lavender Town,Fire,Charmander,6,33.1,39.8,78.3,222.4,5,1.8,315,37.7,3,1,1,2045,23,8,7,0,1,0,41,3,4,159.0,183.8,2,0,0,0,,97,46,30.5,13.46,56.78,43.18,Ghost,Kanto
562,Giselle_2264,Cinnabar Island,Grass,Bulbasaur,5,27.4,37.2,66.3,108.7,3,1.7,238,55.4,4,0,1,1999,33,3,3,1,3,0,34,4,1,149.7,171.0,3,0,0,0,,102,36,23.8,20.95,69.79,33.0,Fire,Kanto
563,AJ_2797,Fuchsia City,Fire,Charmander,4,32.8,34.2,71.2,299.2,5,1.2,492,68.3,2,1,9,1466,61,11,9,0,1,0,55,5,0,161.7,211.7,5,0,0,0,,116,83,55.0,94.39,54.88,87.59,Poison,Kanto
564,Clair_9412,Fuchsia City,Fire,Charmander,5,27.5,33.7,88.8,117.5,3,1.0,149,57.5,3,0,4,1559,23,9,2,1,1,0,19,4,2,115.6,123.4,4,0,0,0,,59,42,27.8,20.4,82.73,9.2,Poison,Kanto
565,Yellow_4016,Fuchsia City,Water,Squirtle,5,83.1,100.0,65.9,315.6,2,15.0,560,64.8,3,1,1,2082,54,24,17,1,1,0,70,8,1,139.6,156.4,8,1,1,1,582.0,246,55,36.4,43.51,58.16,71.98,Poison,Kanto
566,Koga_5053,Vermilion City,Grass,Bulbasaur,3,32.5,84.4,57.0,214.6,1,1.2,458,48.5,4,0,6,2497,56,11,15,0,2,0,46,4,0,158.6,166.6,3,0,0,0,,65,67,44.4,98.84,9.66,74.15,Electric,Kanto
567,Brock_1673,Pallet Town,Fire,Charmander,5,46.9,50.8,47.8,304.7,1,2.9,494,46.8,3,1,4,1641,56,9,11,0,1,0,54,7,3,153.6,157.9,4,0,0,0,,52,65,43.0,62.79,16.51,78.38,None,Kanto
568,Whitney_8872,Pallet Town,Grass,Bulbasaur,3,17.1,18.3,48.3,179.1,3,1.7,172,52.6,3,1,0,1610,25,4,0,0,4,0,18,0,1,125.1,128.8,1,0,0,0,,122,34,22.5,4.1,15.66,20.17,None,Kanto
569,Whitney_1862,Fuchsia City,Grass,Bulbasaur,4,65.3,69.8,50.3,328.8,6,9.3,608,67.1,3,1,6,2460,65,12,10,1,2,1,56,6,1,174.9,178.1,8,1,1,1,618.0,128,85,56.3,95.52,10.35,99.77,Poison,Kanto
570,Stella_6846,Saffron City,Fire,Charmander,6,24.4,41.7,68.6,121.0,1,0.0,228,48.7,2,0,0,1357,33,5,4,1,2,1,35,4,3,167.3,170.7,2,0,0,0,,37,30,19.9,38.21,48.8,37.09,Psychic,Kanto
571,Bugsy_7620,Fuchsia City,Fire,Charmander,3,47.5,62.0,75.8,190.3,4,7.6,332,67.9,2,0,4,1008,54,10,8,1,1,0,39,4,2,125.5,141.4,6,0,0,0,,122,43,28.5,57.6,92.29,53.44,Poison,Kanto
572,Daisy_1466,Lavender Town,Water,Squirtle,3,28.6,34.5,51.2,147.4,1,3.1,208,39.3,3,1,1,2042,17,7,4,0,2,1,42,1,2,138.4,150.7,2,0,0,0,,70,14,9.3,7.72,9.67,28.63,Ghost,Kanto
573,Gary_9096,Cinnabar Island,Fire,Charmander,3,36.8,37.1,57.3,289.6,2,2.3,561,45.0,1,1,3,713,69,15,15,0,1,0,63,1,3,174.8,186.3,3,0,0,0,,59,71,47.0,57.41,43.85,90.48,Fire,Kanto
574,Morty_3605,Pewter City,Fire,Charmander,1,37.6,43.7,76.2,180.4,3,4.5,231,43.0,3,0,0,1576,29,8,6,0,3,0,42,5,1,119.1,119.3,3,0,0,0,,127,25,16.6,14.94,72.44,23.09,Rock,Kanto
575,Lance_5575,Cerulean City,Grass,Bulbasaur,6,31.2,38.7,61.9,163.8,3,4.3,188,72.4,2,1,4,1122,30,5,4,0,3,0,26,5,3,156.1,162.5,5,0,0,0,,176,38,25.2,71.15,56.92,29.9,Water,Kanto
576,Dario_8550,Lavender Town,Grass,Bulbasaur,5,16.6,22.5,77.3,251.1,3,0.5,188,47.0,2,1,4,1195,18,9,6,0,2,0,32,2,4,135.9,156.4,2,0,0,0,,90,40,26.5,39.68,62.52,31.79,Ghost,Kanto
577,Karen_4142,Cerulean City,Fire,Charmander,4,31.8,41.1,42.9,191.8,3,0.3,532,31.9,2,0,3,1167,69,11,8,0,2,2,61,3,1,169.4,171.8,1,0,0,0,,7,71,47.0,45.09,7.34,80.04,Water,Kanto
578,Samurai_7389,Viridian City,Water,Squirtle,6,29.6,44.5,52.8,171.7,2,0.9,260,32.8,2,0,0,1054,40,7,6,0,2,0,36,5,0,139.4,165.8,2,0,0,0,,74,30,19.9,65.08,41.38,41.77,Ground,Kanto
579,AJ_8360,Pallet Town,Grass,Bulbasaur,2,33.0,36.1,50.2,151.4,3,0.5,234,22.5,3,0,1,1594,32,6,6,0,1,1,36,2,0,131.9,143.6,1,0,0,0,,44,16,10.6,49.04,10.13,35.23,None,Kanto
580,Clair_6080,Viridian City,Water,Squirtle,4,30.3,35.0,56.6,146.1,3,0.3,123,32.5,2,0,1,565,32,4,11,0,2,1,24,3,0,139.5,153.4,2,0,0,0,,122,25,16.6,22.19,14.75,19.57,Ground,Kanto
581,Surge_5223,Pallet Town,Fire,Charmander,2,39.2,40.8,80.8,262.4,4,0.5,510,77.8,3,1,6,1958,54,13,7,1,2,1,58,5,1,176.8,215.8,6,0,0,0,,85,78,51.7,90.71,64.8,85.22,None,Kanto
582,Aya_7060,Cinnabar Island,Fire,Charmander,5,39.8,54.6,81.2,172.3,5,3.8,271,84.6,3,1,3,1448,39,10,10,0,1,2,36,6,1,153.8,172.8,6,0,0,0,,43,49,32.5,85.08,99.43,39.83,Fire,Kanto
583,Bill_8783,Fuchsia City,Water,Squirtle,2,31.1,31.8,53.9,217.5,2,3.2,82,38.3,3,1,0,1979,25,2,7,0,2,1,8,2,1,110.2,115.2,1,0,0,0,,104,9,6.0,31.65,42.53,8.72,Poison,Kanto
584,Dario_6927,Cinnabar Island,Grass,Bulbasaur,4,29.7,32.7,83.8,298.9,1,3.2,509,59.7,2,1,2,1618,38,15,11,0,2,0,62,1,1,149.9,166.8,4,0,0,0,,64,78,51.7,37.92,86.97,80.77,Fire,Kanto
585,Blaine_4531,Pewter City,Water,Squirtle,5,36.4,37.6,55.8,200.1,1,0.7,410,35.6,3,0,3,1957,53,8,9,1,4,1,49,2,0,121.3,139.2,3,0,0,0,,62,50,33.1,64.0,4.85,83.66,Rock,Kanto
586,Blaine_5924,Lavender Town,Fire,Charmander,6,51.8,56.2,90.1,215.7,2,7.9,503,67.0,4,0,0,1921,51,8,9,1,3,2,67,5,0,161.0,175.5,6,0,0,0,,97,85,56.3,8.43,93.66,57.69,Ghost,Kanto
587,Jasmine_2338,Celadon City,Fire,Charmander,1,32.1,38.1,53.9,160.4,1,3.7,321,44.9,3,0,2,1537,27,10,0,0,1,1,37,2,0,124.9,125.3,3,0,0,0,,41,36,23.8,25.39,50.54,36.47,Grass,Kanto
588,Aya_4792,Fuchsia City,Grass,Bulbasaur,6,49.4,51.6,77.5,295.6,2,3.6,557,65.3,2,1,4,802,68,5,16,0,4,0,74,6,1,183.6,198.3,6,0,0,0,,132,83,55.0,78.91,81.71,99.21,Poison,Kanto
589,Surge_4693,Pallet Town,Fire,Charmander,5,31.9,37.7,67.2,222.1,4,1.8,451,63.7,3,1,8,1255,51,10,15,0,1,3,47,4,0,178.8,191.1,5,0,0,0,,92,71,47.0,86.36,75.14,67.54,None,Kanto
590,Giovanni_7067,Celadon City,Fire,Charmander,6,22.4,29.7,39.4,188.7,1,1.6,141,41.0,3,0,3,1737,26,3,5,0,2,1,19,5,1,159.1,180.4,1,0,0,0,,100,20,13.2,75.87,4.03,5.42,Grass,Kanto
591,Jasmine_3837,Vermilion City,Fire,Charmander,4,44.0,48.0,58.1,220.4,2,5.0,479,44.0,2,1,1,930,55,13,11,1,2,1,59,5,1,138.0,138.8,4,0,0,0,,115,57,37.7,28.12,2.54,80.8,Electric,Kanto
592,Koji_8864,Pewter City,Water,Squirtle,3,35.3,41.3,40.4,214.5,3,4.8,223,45.0,1,1,1,325,27,4,7,0,2,0,19,5,1,162.4,171.1,3,0,0,0,,101,34,22.5,50.88,5.24,26.13,Rock,Kanto
593,Erika_1771,Vermilion City,Water,Squirtle,6,47.7,68.2,60.9,219.8,2,1.4,520,35.7,4,0,1,2061,59,15,12,0,4,2,62,3,0,150.0,152.0,3,0,0,0,,49,62,41.1,19.76,20.21,92.31,Electric,Kanto
594,Green_4292,Vermilion City,Grass,Bulbasaur,5,47.4,54.9,58.5,301.7,1,7.0,397,70.9,3,1,8,1882,52,8,14,1,3,0,45,9,2,148.6,149.9,5,0,0,0,,117,78,51.7,87.31,47.89,52.33,Electric,Kanto
595,Misty_7396,Cinnabar Island,Grass,Bulbasaur,5,66.6,69.7,78.1,286.5,3,7.9,590,78.6,2,1,7,1231,68,18,9,0,0,1,67,6,1,157.5,166.7,7,0,0,0,,156,77,51.0,83.85,70.35,86.09,Fire,Kanto
596,AJ_1550,Celadon City,Grass,Bulbasaur,5,22.2,49.2,65.5,149.8,3,1.7,50,41.9,5,1,0,2576,21,2,2,1,2,2,15,5,2,93.4,114.7,2,0,0,0,,65,26,17.2,4.53,65.28,3.64,Grass,Kanto
597,AJ_5313,Cerulean City,Water,Squirtle,6,40.4,47.3,81.2,266.1,2,6.1,247,52.6,3,1,0,1880,43,6,9,0,2,0,35,7,1,111.2,121.2,4,0,0,0,,151,41,27.2,14.91,74.93,39.71,Water,Kanto
598,Surge_5895,Cinnabar Island,Fire,Charmander,6,29.7,54.3,49.8,122.8,2,2.1,207,39.3,3,0,5,1879,22,7,4,0,4,0,27,4,0,134.6,174.6,2,0,0,0,,70,48,31.8,55.59,15.94,38.04,Fire,Kanto
599,Chuck_9130,Saffron City,Fire,Charmander,5,26.9,28.1,65.0,136.0,2,1.2,94,50.3,2,0,1,877,24,2,0,0,4,0,13,10,1,139.1,154.1,3,0,0,0,,133,5,3.3,38.23,33.87,7.28,Psychic,Kanto
600,Jasmine_7795,Pallet Town,Water,Squirtle,1,32.6,38.0,38.4,259.4,1,0.5,403,37.6,2,1,0,1578,56,8,8,0,2,0,42,2,0,111.3,130.2,2,0,0,0,,69,46,30.5,4.07,29.7,72.12,None,Kanto
601,Samurai_5766,Vermilion City,Fire,Charmander,5,29.7,29.7,65.7,117.1,4,3.0,170,49.9,3,0,7,1914,17,5,6,1,1,0,19,5,3,165.9,189.2,4,0,0,0,,145,52,34.4,76.73,21.17,3.09,Electric,Kanto
602,Duplica_6607,Viridian City,Grass,Bulbasaur,6,24.8,25.4,82.5,142.3,3,0.7,304,58.8,2,0,1,1180,37,6,8,0,2,0,36,4,1,159.4,168.3,4,0,0,0,,123,40,26.5,21.58,79.45,44.16,Ground,Kanto
603,Duplica_7535,Celadon City,Fire,Charmander,6,58.9,67.7,57.0,304.6,3,9.6,535,68.1,4,1,4,2271,65,15,9,0,3,1,56,4,2,157.8,184.3,7,0,0,0,,166,66,43.7,76.31,47.31,80.67,Grass,Kanto
604,Bill_5237,Vermilion City,Fire,Charmander,6,35.9,77.9,71.5,226.2,1,2.3,555,63.7,4,1,4,2264,61,12,11,0,1,0,71,1,1,182.0,225.9,5,0,0,0,,125,85,56.3,64.72,68.28,86.59,Electric,Kanto
605,Samurai_8305,Pallet Town,Fire,Charmander,4,33.4,40.6,80.9,131.7,3,2.5,116,57.8,3,0,3,1285,19,7,3,0,1,0,16,3,2,148.4,178.8,4,0,0,0,,97,30,19.9,38.0,84.1,11.42,None,Kanto
606,James_6201,Cinnabar Island,Water,Squirtle,5,35.0,40.7,75.5,166.6,2,2.0,328,62.8,2,0,3,941,34,4,7,0,5,1,28,3,3,179.7,194.0,3,0,0,0,,98,43,28.5,57.37,79.1,44.23,Fire,Kanto
607,Gold_7154,Viridian City,Fire,Charmander,5,43.8,46.0,51.1,118.0,3,8.5,186,52.1,4,0,3,1909,13,5,2,0,2,0,28,7,0,136.7,154.5,5,0,0,0,,113,47,31.1,26.91,20.05,8.64,Ground,Kanto
608,Clair_8597,Viridian City,Water,Squirtle,6,32.8,35.6,60.6,200.7,1,3.7,417,57.8,3,0,3,1970,66,10,6,0,3,0,45,7,4,169.5,180.5,3,0,0,0,,87,46,30.5,61.44,59.71,66.81,Ground,Kanto
609,Clair_2494,Pallet Town,Fire,Charmander,6,24.2,30.1,57.3,217.0,6,0.6,115,45.8,2,1,1,1447,29,3,5,1,3,1,20,2,1,153.4,167.2,4,0,0,0,,97,34,22.5,90.8,22.75,7.32,None,Kanto
610,Casey_9842,Vermilion City,Grass,Bulbasaur,6,62.5,63.6,96.4,149.5,2,15.0,233,78.1,3,1,4,1847,19,5,9,0,4,1,35,2,2,155.6,159.2,7,0,0,0,,190,45,29.8,70.57,97.47,10.36,Electric,Kanto
611,Bugsy_7443,Pewter City,Fire,Charmander,6,25.7,30.7,66.7,107.2,1,2.8,175,60.5,2,0,3,1323,20,6,3,1,3,0,22,5,2,138.9,192.2,3,0,0,0,,33,43,28.5,39.1,56.38,4.57,Rock,Kanto
612,Gary_7333,Celadon City,Grass,Bulbasaur,2,32.6,33.2,76.4,114.4,2,0.3,291,51.4,4,0,0,2320,38,5,9,0,3,0,39,5,1,143.4,153.5,3,0,0,0,,67,39,25.8,8.02,71.56,46.05,Grass,Kanto
613,Crystal_3269,Lavender Town,Water,Squirtle,4,44.1,51.4,53.6,200.8,3,4.5,517,48.9,2,0,2,971,54,10,13,1,1,2,53,3,2,96.7,124.9,4,0,0,0,,94,59,39.1,46.82,34.65,70.89,Ghost,Kanto
614,Red_8467,Pewter City,Grass,Bulbasaur,6,40.5,49.0,79.3,143.4,1,6.9,266,49.4,3,0,0,1746,42,9,9,0,4,2,29,4,0,134.1,160.4,3,0,0,0,,172,46,30.5,10.03,59.69,12.13,Rock,Kanto
615,Crystal_3508,Celadon City,Water,Squirtle,3,38.4,45.2,31.5,183.2,6,1.7,420,31.7,4,0,4,2481,47,18,8,0,1,0,58,4,0,120.1,120.6,2,0,0,0,,76,57,37.7,88.07,13.74,70.5,Grass,Kanto
616,Sabrina_5432,Pewter City,Fire,Charmander,5,40.5,49.2,53.6,296.3,1,1.4,468,52.6,3,1,7,1798,49,16,12,1,3,0,66,3,0,129.4,151.6,3,0,0,0,,90,66,43.7,82.87,39.47,82.49,Rock,Kanto
617,Giovanni_1630,Cinnabar Island,Water,Squirtle,6,41.0,48.6,50.7,294.8,2,2.6,589,32.9,3,1,0,1875,63,9,15,0,3,0,70,5,1,125.4,148.0,2,0,0,0,,127,83,55.0,10.6,28.75,86.09,Fire,Kanto
618,Janine_2264,Cerulean City,Water,Squirtle,6,77.6,81.6,85.8,165.2,4,15.0,562,70.0,3,0,4,2101,63,13,19,1,3,0,75,5,2,155.8,166.9,8,1,1,1,572.0,283,85,56.3,19.58,65.76,74.44,Water,Kanto
619,Casey_9911,Celadon City,Grass,Bulbasaur,6,30.4,34.8,81.7,219.6,1,0.3,529,60.2,3,0,6,2228,67,14,11,0,0,1,53,4,0,159.4,175.3,3,0,0,0,,72,92,60.9,70.63,95.65,88.52,Grass,Kanto
620,Yellow_9160,Saffron City,Water,Squirtle,6,48.6,50.7,71.0,269.4,1,8.1,195,77.9,2,1,4,932,24,7,6,1,2,1,23,4,0,95.2,104.5,6,0,0,0,,93,39,25.8,48.19,57.03,19.82,Psychic,Kanto
621,Aya_8826,Fuchsia City,Fire,Charmander,2,35.2,51.3,69.3,192.0,4,0.1,360,59.0,4,0,6,2054,53,12,7,0,1,0,58,6,0,149.7,206.7,5,0,0,0,,35,55,36.4,88.03,67.41,75.33,Poison,Kanto
622,Bruno_3997,Viridian City,Fire,Charmander,5,29.7,35.5,83.0,272.1,2,0.3,450,42.6,3,1,1,2456,47,10,8,0,1,0,53,3,0,175.1,176.5,3,0,0,0,,46,60,39.7,8.97,91.55,71.6,Ground,Kanto
623,Crystal_8269,Cerulean City,Fire,Charmander,3,30.6,32.3,72.5,273.6,2,0.2,371,51.9,3,1,5,1341,44,10,3,1,1,1,51,9,2,135.5,135.6,3,0,0,0,,47,42,27.8,88.7,66.32,51.25,Water,Kanto
624,Surge_6938,Vermilion City,Grass,Bulbasaur,1,28.4,38.0,77.2,173.1,2,0.3,392,77.7,3,0,3,1943,49,9,3,0,2,0,53,4,1,185.3,212.2,5,0,0,0,,76,65,43.0,95.83,78.72,57.02,Electric,Kanto
625,Misty_1409,Fuchsia City,Grass,Bulbasaur,4,46.2,47.8,70.6,236.7,1,6.2,359,33.8,3,1,3,1571,44,7,12,1,3,0,43,3,1,121.4,130.7,4,0,0,0,,122,48,31.8,17.04,42.12,57.22,Poison,Kanto
626,Gary_7864,Fuchsia City,Water,Squirtle,3,36.7,57.1,62.8,221.5,1,0.2,463,31.4,3,0,1,1718,54,14,9,0,2,1,54,1,1,190.7,198.5,2,0,0,0,,101,60,39.7,48.4,22.0,75.45,Poison,Kanto
627,Koga_2134,Pallet Town,Grass,Bulbasaur,5,41.3,44.3,64.8,217.0,4,3.2,433,42.4,4,1,2,2276,50,10,11,0,6,2,53,3,1,136.5,200.9,4,0,0,0,,145,49,32.5,4.88,65.34,83.76,None,Kanto
628,Casey_7358,Celadon City,Grass,Bulbasaur,4,20.8,28.8,87.2,256.1,3,0.1,248,70.3,3,1,2,1788,15,7,10,0,2,1,23,3,1,168.8,177.0,4,0,0,0,,49,58,38.4,73.41,84.28,37.15,Grass,Kanto
629,Giovanni_1628,Pallet Town,Water,Squirtle,6,53.5,53.7,88.5,215.7,1,9.1,100,57.1,4,1,6,1853,14,9,1,1,1,1,16,5,0,97.1,113.2,6,0,0,0,,182,40,26.5,41.89,92.12,8.84,None,Kanto
630,Bill_5965,Cerulean City,Fire,Charmander,4,37.9,39.6,49.9,238.3,1,0.9,322,53.0,2,1,6,1103,55,6,11,0,2,1,40,5,1,180.2,183.3,1,0,0,0,,96,62,41.1,96.97,32.64,64.77,Water,Kanto
631,Yellow_9676,Vermilion City,Fire,Charmander,1,47.5,73.1,57.8,251.5,2,6.1,498,53.7,4,1,1,2356,61,5,18,0,1,2,67,9,0,172.5,180.5,5,0,0,0,,79,71,47.0,66.0,28.05,65.8,Electric,Kanto
632,Blue_9151,Lavender Town,Grass,Bulbasaur,6,38.1,52.9,54.4,318.0,3,4.1,464,47.6,2,1,2,1308,54,7,16,1,3,0,51,9,2,143.7,155.0,4,0,0,0,,100,67,44.4,36.2,29.61,82.01,Ghost,Kanto
633,Gary_7133,Vermilion City,Fire,Charmander,6,46.4,63.6,75.6,244.7,5,4.2,596,38.0,3,1,2,2002,79,17,11,0,2,0,69,5,4,162.6,170.5,4,0,0,0,,65,75,49.7,8.22,59.51,96.89,Electric,Kanto
634,Dario_5115,Pallet Town,Grass,Bulbasaur,2,45.2,53.2,65.8,315.2,3,0.2,580,24.4,2,1,3,1338,69,7,15,0,3,0,64,1,0,131.3,135.5,3,0,0,0,,19,71,47.0,18.0,50.43,98.21,None,Kanto
635,Blaine_3175,Pewter City,Grass,Bulbasaur,6,30.9,35.1,70.0,228.2,1,3.9,259,58.1,1,1,2,372,26,6,7,0,1,0,39,5,3,154.6,155.7,3,0,0,0,,114,51,33.8,94.67,49.41,23.82,Rock,Kanto
636,Falkner_7482,Lavender Town,Water,Squirtle,6,35.1,37.6,74.8,89.3,2,4.0,82,41.4,3,0,1,1964,11,8,0,1,4,4,13,3,0,118.9,124.9,3,0,0,0,,34,27,17.9,10.44,37.05,0.73,Ghost,Kanto
637,Brock_9119,Pewter City,Fire,Charmander,3,46.0,47.0,59.8,260.7,5,4.7,510,53.2,3,1,1,1629,65,6,13,1,6,6,51,3,0,182.6,205.1,7,0,0,0,,87,47,31.1,31.6,81.55,83.32,Rock,Kanto
638,Giselle_4655,Cerulean City,Fire,Charmander,6,58.9,66.0,59.4,155.6,1,13.4,277,49.2,4,0,0,1578,47,8,8,0,3,2,38,3,3,128.6,130.4,5,0,0,0,,171,46,30.5,17.15,32.97,20.04,Water,Kanto
639,Pryce_7984,Fuchsia City,Grass,Bulbasaur,5,44.5,50.8,88.3,229.6,3,2.1,501,58.3,3,0,0,2014,57,9,15,0,2,0,66,5,4,159.9,186.4,4,0,0,0,,93,72,47.7,62.73,89.55,84.61,Poison,Kanto
640,Gold_9629,Celadon City,Fire,Charmander,3,39.1,40.5,67.5,277.0,2,4.8,387,58.4,4,1,2,2272,35,5,10,1,5,1,41,2,2,131.3,198.9,5,0,0,0,,54,29,19.2,4.7,82.04,30.65,Grass,Kanto
641,Falkner_3511,Cinnabar Island,Fire,Charmander,2,28.9,40.9,39.4,241.9,2,1.1,274,30.4,4,1,2,2324,22,3,8,0,0,1,32,2,1,163.6,247.1,1,0,0,0,,73,39,25.8,46.18,21.29,48.35,Fire,Kanto
642,Jasmine_6859,Saffron City,Water,Squirtle,5,28.5,29.2,77.0,143.0,3,0.1,147,65.3,3,0,2,1541,31,1,6,0,1,1,25,9,0,163.9,170.0,4,0,0,0,,67,51,33.8,90.31,87.65,10.59,Psychic,Kanto
643,Sabrina_3023,Fuchsia City,Grass,Bulbasaur,6,46.1,51.3,56.9,222.9,2,1.2,475,51.9,4,0,2,2255,51,11,10,0,3,0,66,3,2,141.1,170.5,3,0,0,0,,56,71,47.0,32.49,42.12,84.95,Poison,Kanto
644,AJ_7712,Celadon City,Grass,Bulbasaur,4,27.2,40.3,81.0,121.5,4,0.8,142,61.2,3,0,3,1787,25,6,10,1,0,0,35,4,2,134.9,137.9,4,0,0,0,,88,42,27.8,37.15,98.58,21.82,Grass,Kanto
645,Casey_4737,Fuchsia City,Grass,Bulbasaur,3,34.4,36.5,75.2,163.6,1,2.6,350,50.7,3,0,2,1951,41,12,7,0,3,2,42,6,2,164.5,168.6,3,0,0,0,,79,49,32.5,5.79,84.09,69.2,Poison,Kanto
646,Yellow_2483,Celadon City,Water,Squirtle,5,28.1,37.7,58.0,192.3,3,1.1,305,50.6,2,1,5,974,47,9,3,0,1,0,37,3,1,166.6,175.0,3,0,0,0,,41,56,37.1,71.04,25.47,48.74,Grass,Kanto
647,Gold_4610,Pewter City,Fire,Charmander,3,31.7,36.5,83.6,254.7,3,1.7,345,53.9,4,1,1,1989,28,12,4,1,3,2,57,6,0,158.7,186.8,4,0,0,0,,94,41,27.2,12.67,99.27,51.62,Rock,Kanto
648,Green_8406,Saffron City,Water,Squirtle,6,26.4,33.9,65.1,254.7,3,0.1,426,55.6,4,1,2,2151,53,3,11,1,0,1,67,8,0,150.1,177.8,3,0,0,0,,45,53,35.1,25.26,52.02,83.0,Psychic,Kanto
649,Bruno_9719,Celadon City,Water,Squirtle,5,69.3,70.4,77.5,219.1,1,15.0,427,77.9,1,1,4,573,48,11,12,0,2,0,59,6,3,120.4,126.9,7,0,0,0,,223,73,48.3,58.03,62.32,48.51,Grass,Kanto
650,Karen_9892,Celadon City,Fire,Charmander,4,27.8,53.2,67.4,150.0,2,2.6,211,45.8,2,0,4,1013,32,3,6,0,3,0,25,7,1,146.0,148.0,2,0,0,0,,91,40,26.5,53.99,37.25,29.04,Grass,Kanto
651,Koji_6057,Saffron City,Fire,Charmander,6,48.0,49.4,64.1,300.5,6,4.6,469,62.4,3,1,8,1839,49,12,14,1,2,0,53,8,1,174.1,176.2,6,0,0,0,,55,76,50.3,90.13,43.66,83.87,Psychic,Kanto
652,Surge_2259,Lavender Town,Fire,Charmander,6,46.5,57.4,49.9,270.3,1,5.0,522,23.9,3,1,1,1757,68,13,8,0,1,1,64,3,2,153.5,155.2,1,0,0,0,,98,50,33.1,26.31,10.37,75.91,Ghost,Kanto
653,Koga_3830,Pewter City,Grass,Bulbasaur,4,18.2,23.5,61.6,140.4,4,1.9,188,35.2,4,0,5,2029,9,2,2,1,2,1,29,5,0,153.1,169.8,3,0,0,0,,105,42,27.8,79.18,21.68,5.2,Rock,Kanto
654,Lara_7284,Celadon City,Fire,Charmander,6,39.7,42.4,57.2,182.1,2,2.8,531,31.0,4,0,1,2335,54,16,16,0,4,1,64,3,2,136.9,149.6,2,0,0,0,,102,67,44.4,8.68,18.49,86.41,Grass,Kanto
655,Pryce_8282,Pallet Town,Water,Squirtle,4,43.2,44.1,61.8,310.8,1,0.8,428,30.9,3,1,3,2194,68,7,15,1,3,2,52,3,2,146.1,168.6,2,0,0,0,,78,49,32.5,20.13,17.77,82.83,None,Kanto
656,Duplica_4836,Celadon City,Fire,Charmander,2,44.0,47.9,79.7,283.4,4,2.4,524,67.0,4,1,5,2253,65,15,5,0,1,1,61,7,1,180.8,185.4,6,0,0,0,,77,93,61.6,95.82,75.92,92.16,Grass,Kanto
657,Daisy_2980,Cinnabar Island,Fire,Charmander,2,32.3,36.1,48.4,263.3,2,2.2,527,38.5,4,1,2,2186,48,20,11,1,6,0,62,2,1,128.9,136.5,3,0,0,0,,109,61,40.4,12.57,53.51,80.51,Fire,Kanto
658,Daisy_7587,Cerulean City,Grass,Bulbasaur,5,45.9,61.8,65.8,278.2,1,4.9,411,73.9,2,1,4,1258,64,20,7,0,4,1,49,4,0,162.5,175.6,4,0,0,0,,142,70,46.4,69.45,58.45,50.11,Water,Kanto
659,Bruno_5858,Fuchsia City,Water,Squirtle,4,25.0,28.1,80.6,252.9,1,3.4,315,44.4,2,1,1,978,39,6,8,0,2,0,40,1,1,155.4,155.8,2,0,0,0,,41,40,26.5,3.86,57.76,50.89,Poison,Kanto
660,Blue_2110,Fuchsia City,Water,Squirtle,5,33.1,36.0,66.7,255.7,1,0.5,467,30.0,3,1,4,2024,63,10,5,0,1,0,40,2,1,163.0,170.3,1,0,0,0,,79,74,49.0,12.15,51.04,77.29,Poison,Kanto
661,Misty_4347,Vermilion City,Fire,Charmander,6,42.8,52.9,65.3,186.8,2,1.7,505,44.5,4,0,1,2037,64,13,10,0,1,1,65,3,0,159.4,186.3,4,0,0,0,,133,40,26.5,68.31,30.15,90.83,Electric,Kanto
662,Morty_5491,Lavender Town,Water,Squirtle,4,29.5,44.5,81.2,219.2,1,1.1,190,38.0,3,1,2,1399,22,7,6,0,2,1,21,4,4,104.2,109.8,2,0,0,0,,85,20,13.2,47.8,45.66,18.04,Ghost,Kanto
663,Will_7364,Celadon City,Grass,Bulbasaur,5,60.2,62.9,63.7,275.4,3,7.8,555,52.8,3,1,6,1658,61,14,12,1,2,0,75,0,2,155.0,157.1,5,0,0,0,,118,65,43.0,38.87,66.26,95.89,Grass,Kanto
664,Erika_1263,Viridian City,Water,Squirtle,2,41.3,42.3,66.6,260.6,3,2.7,499,56.1,3,1,3,2050,54,19,6,1,0,0,39,3,3,125.0,126.4,5,0,0,0,,111,75,49.7,75.71,21.88,81.34,Ground,Kanto
665,Will_4884,Cinnabar Island,Fire,Charmander,2,37.7,45.8,71.0,255.0,1,0.0,506,36.1,5,1,4,3147,56,10,9,0,1,1,52,2,1,110.7,114.6,3,0,0,0,,112,54,35.8,24.25,48.08,74.35,Fire,Kanto
666,Yellow_5624,Saffron City,Grass,Bulbasaur,5,60.3,87.5,87.6,254.2,3,7.2,349,75.3,1,1,3,553,28,8,5,0,3,0,44,7,2,153.3,186.0,7,0,0,0,,114,47,31.1,61.43,98.95,41.98,Psychic,Kanto
667,Bill_7427,Cerulean City,Fire,Charmander,5,28.4,37.3,69.5,234.0,5,0.8,243,58.3,2,1,4,1426,36,2,6,1,2,0,35,4,1,120.6,122.4,5,0,0,0,,66,56,37.1,42.38,45.79,41.52,Water,Kanto
668,Sabrina_5653,Fuchsia City,Fire,Charmander,6,50.5,54.1,51.7,107.7,5,10.0,357,53.3,3,0,8,1721,18,13,6,0,3,1,40,4,0,131.9,143.2,5,0,0,0,,199,53,35.1,75.03,11.07,34.18,Poison,Kanto
669,AJ_6044,Vermilion City,Fire,Charmander,6,35.3,53.4,39.9,111.1,3,1.9,76,34.5,3,0,5,1706,31,2,3,0,0,1,10,6,3,149.6,162.7,2,0,0,0,,131,38,25.2,84.65,1.87,3.04,Electric,Kanto
670,Koji_1705,Pallet Town,Fire,Charmander,6,48.7,54.5,76.2,309.6,1,2.9,637,75.5,3,1,1,1775,62,15,9,0,3,0,71,7,2,148.3,159.7,6,0,0,0,,140,70,46.4,57.09,79.92,96.44,None,Kanto
671,Gary_9885,Pewter City,Fire,Charmander,6,33.8,62.0,77.9,182.1,4,1.2,426,48.1,3,0,3,2074,49,10,11,0,4,1,49,5,1,153.3,167.6,4,0,0,0,,78,43,28.5,27.44,50.43,86.1,Rock,Kanto
672,Casey_6486,Vermilion City,Water,Squirtle,6,41.6,60.5,69.5,166.5,2,4.3,444,74.8,2,0,4,1558,56,12,10,0,3,1,50,8,1,148.5,163.5,5,0,0,0,,98,74,49.0,63.52,73.76,46.8,Electric,Kanto
673,Janine_2783,Vermilion City,Fire,Charmander,4,23.8,26.4,90.5,118.9,2,1.2,33,64.2,3,0,1,821,38,2,1,0,0,1,8,5,2,113.7,132.2,3,0,0,0,,118,2,1.3,21.18,80.86,9.14,Electric,Kanto
674,Aya_7366,Pallet Town,Fire,Charmander,3,34.1,34.9,42.7,178.1,3,1.0,408,50.1,3,0,5,1851,43,11,1,0,1,2,52,6,1,194.8,201.3,3,0,0,0,,86,67,44.4,97.6,14.81,67.46,None,Kanto
675,Sabrina_8720,Saffron City,Water,Squirtle,3,45.0,47.8,55.9,112.3,2,8.5,129,56.8,4,0,5,2166,25,3,3,0,1,0,21,2,2,104.7,109.0,4,0,0,0,,161,42,27.8,47.83,70.07,4.42,Psychic,Kanto
676,Crystal_4920,Pewter City,Fire,Charmander,5,33.4,36.9,68.0,219.1,4,2.2,286,54.0,4,1,6,2150,46,7,8,1,3,3,39,5,1,173.6,178.6,4,0,0,0,,93,53,35.1,96.24,66.1,42.3,Rock,Kanto
677,Surge_7305,Celadon City,Grass,Bulbasaur,4,35.2,37.2,51.8,196.1,3,2.7,322,38.9,2,1,0,894,47,6,10,0,3,0,34,4,2,92.8,103.3,3,0,0,0,,86,28,18.5,4.32,17.59,52.43,Grass,Kanto
678,Lance_7639,Viridian City,Fire,Charmander,5,41.2,43.6,62.9,143.3,2,3.3,444,45.8,3,0,0,1556,55,11,6,0,2,2,74,2,1,136.0,138.4,3,0,0,0,,65,52,34.4,35.94,50.84,74.39,Ground,Kanto
679,Karen_4821,Cerulean City,Fire,Charmander,3,26.4,37.2,86.7,270.5,3,0.1,370,67.8,3,1,0,1847,35,9,10,0,4,0,30,4,1,179.2,187.0,4,0,0,0,,102,48,31.8,65.02,91.22,60.27,Water,Kanto
680,Blaine_5941,Viridian City,Grass,Bulbasaur,4,27.0,35.9,72.4,213.2,1,0.7,514,62.1,3,0,1,1950,58,20,12,0,4,3,59,7,0,181.3,182.8,4,0,0,0,,54,53,35.1,65.89,76.82,97.42,Ground,Kanto
681,Karen_4663,Saffron City,Fire,Charmander,2,33.4,36.7,47.1,294.9,2,0.6,300,38.5,3,1,2,1938,32,11,9,0,4,2,42,8,0,172.9,186.6,3,0,0,0,,84,44,29.1,54.91,18.38,52.11,Psychic,Kanto
682,Morty_1304,Lavender Town,Grass,Bulbasaur,6,65.9,76.4,65.4,267.2,2,9.6,482,78.9,2,1,4,1032,52,14,10,0,2,0,67,4,2,124.2,131.7,7,0,0,0,,170,59,39.1,70.34,80.25,68.21,Ghost,Kanto
683,Daisy_1582,Pewter City,Water,Squirtle,6,30.7,35.3,44.9,183.7,4,1.2,537,20.2,3,0,4,1548,70,14,15,0,3,2,60,2,0,150.4,150.9,1,0,0,0,,125,65,43.0,17.35,4.59,99.15,Rock,Kanto
684,Lance_4059,Pewter City,Fire,Charmander,6,33.0,67.0,77.6,78.8,4,1.6,164,45.5,3,0,3,1849,43,3,4,0,2,1,22,4,2,147.6,147.8,3,0,0,0,,33,25,16.6,11.67,76.61,19.21,Rock,Kanto
685,Richie_6597,Lavender Town,Grass,Bulbasaur,5,33.8,52.0,87.5,159.3,1,4.2,147,44.2,3,0,0,1422,28,5,9,0,3,1,26,1,1,104.0,144.9,1,0,0,0,,70,38,25.2,6.41,85.02,30.13,Ghost,Kanto
686,Sabrina_3976,Saffron City,Fire,Charmander,4,16.5,18.8,52.7,208.9,1,0.0,140,28.4,3,1,1,1137,27,6,2,0,1,0,24,6,1,103.6,107.2,0,0,0,0,,16,22,14.6,14.21,0.67,13.08,Psychic,Kanto
687,Misty_7453,Cinnabar Island,Fire,Charmander,2,32.7,32.8,90.7,174.8,1,3.4,166,62.3,4,1,0,1842,17,5,5,1,2,1,23,5,3,139.2,139.6,4,0,0,0,,83,36,23.8,22.38,89.75,12.83,Fire,Kanto
688,Samurai_7420,Pallet Town,Grass,Bulbasaur,6,25.7,36.9,59.5,192.8,3,1.6,201,61.2,3,1,0,1891,27,7,4,1,0,1,28,3,1,132.2,156.5,5,0,0,0,,121,32,21.2,27.99,76.24,43.08,None,Kanto
689,Will_7682,Viridian City,Fire,Charmander,4,37.8,41.0,51.5,309.0,1,1.3,381,21.9,3,1,2,1611,57,15,8,0,2,0,57,6,1,150.6,161.0,1,0,0,0,,144,80,53.0,28.05,13.97,71.85,Ground,Kanto
690,Aya_5752,Fuchsia City,Fire,Charmander,3,35.0,40.5,76.7,192.9,4,0.5,201,67.2,4,0,1,2141,29,7,3,0,3,1,24,3,2,134.5,139.8,5,0,0,0,,107,18,11.9,46.03,77.12,37.41,Poison,Kanto
691,Surge_8112,Lavender Town,Fire,Charmander,4,43.6,51.6,45.0,146.0,1,4.4,235,66.5,3,0,3,1812,30,9,7,0,2,2,22,4,0,120.1,120.6,5,0,0,0,,122,57,37.7,72.18,26.13,23.68,Ghost,Kanto
692,Silver_1758,Saffron City,Fire,Charmander,2,27.8,36.0,69.7,99.1,1,1.8,84,60.9,2,0,2,1443,19,5,4,0,3,0,14,8,2,143.4,165.4,4,0,0,0,,64,27,17.9,71.89,68.42,11.33,Psychic,Kanto
693,Sabrina_8930,Lavender Town,Water,Squirtle,5,56.3,62.4,72.7,275.5,3,6.5,435,72.5,3,1,2,1277,49,8,10,0,3,2,45,5,0,135.5,155.4,6,0,0,0,,106,49,32.5,59.55,77.9,72.21,Ghost,Kanto
694,Lara_8522,Vermilion City,Fire,Charmander,5,28.5,32.5,69.6,146.2,5,1.2,165,73.6,4,1,3,2145,33,5,4,0,5,1,23,10,0,136.1,141.1,5,0,0,0,,109,67,44.4,72.05,52.4,27.34,Electric,Kanto
695,Green_4269,Lavender Town,Fire,Charmander,4,28.8,29.8,72.5,312.1,4,0.6,381,57.1,3,1,4,1059,35,8,7,0,1,0,46,4,0,142.6,162.5,2,0,0,0,,76,52,34.4,47.64,81.44,56.5,Ghost,Kanto
696,Clair_2549,Celadon City,Fire,Charmander,6,27.7,28.4,75.9,132.2,6,0.2,184,51.1,4,0,4,1707,39,5,8,0,3,1,19,2,1,164.6,210.6,4,0,0,0,,79,35,23.2,83.45,59.62,16.78,Grass,Kanto
697,Jasmine_1836,Celadon City,Grass,Bulbasaur,2,54.5,54.6,89.9,158.4,5,9.5,315,99.5,3,0,6,1088,45,9,13,0,2,1,31,5,0,128.7,168.5,8,1,1,1,339.0,194,55,36.4,84.98,86.87,39.45,Grass,Kanto
698,Gold_3339,Celadon City,Water,Squirtle,2,33.9,46.8,65.1,171.3,1,0.9,350,45.3,4,0,2,2239,58,9,7,1,2,2,51,6,0,163.7,215.5,3,0,0,0,,95,63,41.7,70.79,28.63,58.88,Grass,Kanto
699,James_3213,Cerulean City,Water,Squirtle,3,39.3,41.0,70.1,137.9,2,4.6,179,57.6,2,0,2,1380,34,4,1,0,3,0,20,2,0,109.5,120.4,3,0,0,0,,100,17,11.3,23.97,64.48,25.22,Water,Kanto
700,Brock_8707,Vermilion City,Fire,Charmander,6,48.7,61.0,33.0,295.9,6,1.4,515,48.6,3,1,2,1820,65,6,13,1,1,0,52,4,1,154.2,158.1,5,0,0,0,,110,75,49.7,76.02,0.81,92.71,Electric,Kanto
701,Jasmine_1866,Celadon City,Fire,Charmander,6,24.4,24.5,73.7,244.2,1,0.4,219,74.0,3,1,4,2004,40,11,2,0,0,0,30,9,1,155.3,155.9,4,0,0,0,,73,24,15.9,88.89,88.57,32.06,Grass,Kanto
702,Koga_7773,Pallet Town,Water,Squirtle,6,45.1,50.5,56.3,342.8,1,4.3,615,35.3,3,1,1,2083,77,13,12,0,4,2,65,3,2,127.4,149.9,3,0,0,0,,182,70,46.4,8.06,29.59,97.55,None,Kanto
703,Misty_5439,Cerulean City,Grass,Bulbasaur,6,26.2,26.7,81.7,117.7,5,1.2,228,67.3,1,0,8,807,32,6,8,0,3,1,22,6,2,204.5,210.7,5,0,0,0,,82,57,37.7,62.87,60.95,31.46,Water,Kanto
704,Ash_2550,Fuchsia City,Grass,Bulbasaur,6,44.1,79.7,49.6,296.6,2,3.6,433,50.5,1,1,4,928,50,15,8,0,1,1,35,6,1,100.9,109.3,3,0,0,0,,78,50,33.1,66.53,6.15,73.71,Poison,Kanto
705,Morty_9946,Lavender Town,Water,Squirtle,4,36.6,37.2,70.7,232.8,6,5.8,318,88.7,3,1,4,1806,34,12,7,0,2,0,37,6,3,154.7,163.5,7,0,0,0,,135,49,32.5,76.69,96.48,34.7,Ghost,Kanto
706,Gold_4659,Pewter City,Grass,Bulbasaur,6,37.6,41.6,68.0,206.1,2,1.3,338,37.1,2,0,5,975,41,13,4,0,2,1,46,2,0,162.9,171.2,2,0,0,0,,114,67,44.4,78.51,15.25,49.68,Rock,Kanto
707,Janine_3703,Cinnabar Island,Fire,Charmander,3,23.6,25.2,79.4,175.1,3,1.3,343,32.8,3,0,2,1780,33,8,5,0,3,0,39,3,1,140.2,141.3,1,0,0,0,,76,60,39.7,42.85,60.98,49.25,Fire,Kanto
708,Giselle_5446,Cerulean City,Water,Squirtle,5,19.5,37.8,61.8,121.9,1,2.6,65,57.6,3,0,3,1793,10,4,0,1,0,1,17,4,1,150.4,151.5,2,0,0,0,,62,31,20.5,76.46,57.51,4.73,Water,Kanto
709,Erika_6129,Fuchsia City,Fire,Charmander,6,57.8,61.1,87.4,281.1,5,5.5,511,66.4,4,1,2,2693,58,6,9,1,3,0,55,2,2,136.0,144.6,7,0,0,0,,130,56,37.1,27.78,83.22,81.4,Poison,Kanto
710,Richie_2403,Saffron City,Fire,Charmander,6,33.4,39.5,40.4,147.9,4,2.8,91,59.7,4,0,5,1842,23,1,0,1,4,2,11,5,0,163.2,164.2,6,0,0,0,,82,43,28.5,99.66,10.73,3.67,Psychic,Kanto
711,Duplica_1709,Cinnabar Island,Fire,Charmander,5,24.7,35.3,66.2,114.2,4,2.6,121,33.7,3,0,0,1388,14,10,1,0,4,1,20,3,1,118.6,120.2,2,0,0,0,,94,25,16.6,2.49,56.69,9.21,Fire,Kanto
712,Falkner_2294,Cinnabar Island,Water,Squirtle,6,44.0,56.0,39.5,205.0,6,7.1,316,41.4,3,0,1,1344,41,13,14,0,2,1,44,5,2,149.9,150.3,5,0,0,0,,98,49,32.5,39.45,26.0,32.23,Fire,Kanto
713,Gold_7100,Celadon City,Water,Squirtle,5,43.9,45.5,73.0,153.1,3,7.4,143,51.8,4,1,3,2476,10,3,0,0,1,0,32,1,3,160.1,180.0,4,0,0,0,,70,36,23.8,32.13,99.56,6.92,Grass,Kanto
714,Dario_6546,Cerulean City,Water,Squirtle,5,62.8,64.1,51.1,298.8,4,10.6,570,61.5,5,1,3,2483,54,23,14,0,4,0,56,8,4,171.1,185.5,7,0,0,0,,113,69,45.7,79.9,42.5,71.33,Water,Kanto
715,Brock_8717,Saffron City,Fire,Charmander,6,34.4,36.5,55.4,134.8,5,1.2,361,66.3,3,0,3,1635,40,8,5,0,1,2,44,2,1,163.8,180.5,6,0,0,0,,86,52,34.4,95.61,47.67,53.77,Psychic,Kanto
716,Sabrina_5974,Pallet Town,Water,Squirtle,3,41.0,41.4,70.0,268.2,3,2.7,320,60.7,2,1,5,1093,44,6,13,0,2,0,43,5,0,138.2,175.7,4,0,0,0,,82,62,41.1,70.49,69.26,47.72,None,Kanto
717,Janine_7575,Cinnabar Island,Fire,Charmander,6,33.8,36.2,61.3,102.4,1,3.2,210,36.8,3,0,4,1900,28,7,9,1,1,1,26,3,0,140.4,148.3,2,0,0,0,,90,31,20.5,1.57,45.57,30.4,Fire,Kanto
718,Bill_1703,Lavender Town,Fire,Charmander,4,33.7,35.0,73.0,234.2,3,0.1,546,57.1,2,0,5,1226,53,13,8,0,2,0,65,8,3,162.8,190.5,5,0,0,0,,92,95,62.9,66.65,72.1,86.29,Ghost,Kanto
719,Surge_6436,Saffron City,Grass,Bulbasaur,3,24.4,26.5,84.4,123.3,2,3.2,228,56.2,4,0,1,2036,27,4,6,0,0,2,23,3,1,123.7,126.5,3,0,0,0,,92,38,25.2,37.86,95.99,15.39,Psychic,Kanto
720,Will_7139,Cinnabar Island,Grass,Bulbasaur,3,45.4,45.8,62.1,173.0,1,4.8,347,24.4,3,0,2,1555,42,8,5,0,1,2,42,6,1,140.0,171.9,2,0,0,0,,138,54,35.8,23.28,10.49,53.4,Fire,Kanto
721,Green_7912,Cinnabar Island,Water,Squirtle,6,41.0,57.9,67.1,243.2,1,5.7,394,56.5,4,1,0,2454,41,23,3,1,1,2,46,5,1,126.0,138.7,4,0,0,0,,141,35,23.2,14.08,66.34,43.95,Fire,Kanto
722,Agatha_6763,Celadon City,Water,Squirtle,4,42.7,45.6,78.0,140.2,1,6.1,133,75.1,3,0,5,2226,18,1,4,0,2,0,26,6,1,134.3,139.2,5,0,0,0,,137,37,24.5,90.69,65.86,8.65,Grass,Kanto
723,Jessie_4902,Celadon City,Fire,Charmander,3,27.5,36.0,55.9,194.8,5,0.2,379,50.7,3,0,4,1036,41,10,13,1,2,1,39,4,2,139.2,141.4,4,0,0,0,,100,52,34.4,27.33,48.0,73.91,Grass,Kanto
724,Samurai_5359,Saffron City,Grass,Bulbasaur,5,38.8,42.9,80.3,130.4,4,0.9,313,71.9,2,0,3,1454,42,9,8,1,3,0,39,6,0,185.9,193.2,7,0,0,0,,111,44,29.1,87.31,72.59,60.09,Psychic,Kanto
725,Red_9234,Pewter City,Grass,Bulbasaur,4,28.9,32.4,79.4,165.4,1,4.0,162,48.6,4,0,2,2076,25,1,6,0,0,0,17,8,0,146.6,186.9,2,0,0,0,,73,57,37.7,70.99,46.07,30.76,Rock,Kanto
726,Gary_4786,Pewter City,Fire,Charmander,3,30.7,50.8,85.8,83.8,2,0.4,74,57.0,2,0,1,656,21,2,3,1,2,1,13,5,1,137.1,143.8,4,0,0,0,,92,35,23.2,13.97,77.39,14.15,Rock,Kanto
727,Blue_4436,Cerulean City,Grass,Bulbasaur,5,40.9,50.1,65.9,309.3,2,6.7,539,69.3,3,1,4,1916,51,12,10,0,5,0,57,5,1,186.8,187.8,5,0,0,0,,111,80,53.0,67.64,63.97,78.03,Water,Kanto
728,Blue_7715,Fuchsia City,Fire,Charmander,5,33.1,36.6,85.7,177.3,4,1.6,79,74.4,2,1,1,962,18,4,9,0,1,0,11,7,1,191.8,203.1,8,1,1,1,116.0,68,34,22.5,91.97,96.51,7.97,Poison,Kanto
729,Koga_1111,Lavender Town,Water,Squirtle,5,26.9,28.5,49.5,114.5,2,1.6,141,55.0,2,0,3,1996,35,4,1,0,2,0,13,5,0,109.5,110.7,3,0,0,0,,77,43,28.5,58.87,11.14,6.01,Ghost,Kanto
730,Sabrina_2313,Viridian City,Grass,Bulbasaur,3,38.7,41.3,75.7,151.3,4,0.8,310,63.6,5,0,2,2455,36,6,8,1,1,0,40,2,1,106.9,133.0,5,0,0,0,,74,49,32.5,23.02,85.78,36.51,Ground,Kanto
731,Pryce_5705,Cinnabar Island,Grass,Bulbasaur,4,38.7,50.8,53.6,135.6,1,1.6,177,53.3,3,0,1,2252,30,12,6,0,1,1,27,4,1,119.4,121.5,3,0,0,0,,107,31,20.5,30.52,36.82,34.01,Fire,Kanto
732,Green_9543,Pewter City,Fire,Charmander,3,44.8,46.9,51.6,242.5,2,4.9,492,32.4,3,1,1,1826,46,14,15,1,2,2,52,4,2,117.9,136.0,3,0,0,0,,93,69,45.7,21.29,7.64,81.07,Rock,Kanto
733,Yellow_5922,Cinnabar Island,Fire,Charmander,4,26.5,46.1,97.5,309.4,3,1.1,503,66.3,4,1,2,2020,54,14,7,0,1,1,56,6,1,183.3,189.9,4,0,0,0,,95,51,33.8,43.14,99.82,80.58,Fire,Kanto
734,Janine_8642,Celadon City,Water,Squirtle,4,36.6,38.7,62.9,279.3,3,0.5,412,44.0,3,1,0,1707,56,5,6,0,3,0,59,2,0,135.9,146.4,3,0,0,0,,90,52,34.4,0.47,51.69,64.08,Grass,Kanto
735,Brock_1521,Celadon City,Water,Squirtle,6,19.3,22.4,65.2,157.1,1,0.4,139,38.7,3,0,1,1298,20,8,3,1,2,2,23,4,1,117.6,118.2,2,0,0,0,,52,39,25.8,7.26,62.98,18.21,Grass,Kanto
736,Gold_8309,Cinnabar Island,Grass,Bulbasaur,3,33.2,39.2,80.2,206.7,1,1.9,426,49.9,2,0,4,975,53,14,13,0,1,0,51,7,1,158.4,164.7,2,0,0,0,,156,51,33.8,65.91,53.88,77.36,Fire,Kanto
737,Brock_8430,Pallet Town,Grass,Bulbasaur,6,41.7,43.0,39.1,210.4,2,3.0,340,43.1,2,1,4,1053,60,9,2,0,2,1,44,4,4,136.4,149.3,4,0,0,0,,52,48,31.8,35.48,40.38,52.01,None,Kanto
738,Jessie_8789,Vermilion City,Grass,Bulbasaur,5,22.5,33.1,76.1,98.9,4,1.0,155,42.6,4,0,3,2220,8,6,5,0,4,0,29,2,3,121.3,144.1,2,0,0,0,,102,20,13.2,14.81,79.58,9.79,Electric,Kanto
739,Duplica_5834,Celadon City,Water,Squirtle,3,41.7,48.7,62.8,276.7,3,1.5,538,62.0,3,1,3,1275,69,17,11,1,2,3,65,6,3,159.8,162.8,5,0,0,0,,60,59,39.1,59.02,62.68,92.92,Grass,Kanto
740,Green_5446,Pewter City,Fire,Charmander,6,42.9,43.8,81.1,127.9,1,5.3,110,65.4,2,0,0,558,10,3,6,0,2,0,19,5,1,151.8,158.8,4,0,0,0,,141,11,7.3,49.41,74.56,4.12,Rock,Kanto
741,Samurai_6838,Saffron City,Water,Squirtle,6,43.4,67.5,62.6,107.1,2,2.3,312,38.1,4,0,6,2643,33,10,0,0,1,1,50,6,6,167.1,168.5,2,0,0,0,,106,56,37.1,52.69,17.42,42.11,Psychic,Kanto
742,Crystal_2367,Cerulean City,Fire,Charmander,5,50.4,71.5,72.1,263.4,1,6.6,269,76.7,4,1,2,1952,45,8,5,0,2,0,37,16,1,153.9,155.3,6,0,0,0,,137,31,20.5,96.82,84.69,30.12,Water,Kanto
743,Jasmine_9293,Viridian City,Water,Squirtle,6,36.4,48.2,79.4,230.2,1,1.4,495,58.3,4,0,1,2171,73,9,17,1,1,4,63,4,0,118.6,172.3,4,0,0,0,,115,70,46.4,12.43,85.34,98.16,Ground,Kanto
744,Lara_6107,Pallet Town,Grass,Bulbasaur,6,57.6,65.6,42.0,222.1,4,9.9,434,50.3,2,1,1,1513,40,14,13,0,2,1,44,3,1,136.5,146.4,6,0,0,0,,176,59,39.1,57.18,12.0,71.59,None,Kanto
745,Bill_5660,Pallet Town,Water,Squirtle,5,33.2,33.4,81.1,259.0,3,5.1,283,68.1,3,1,5,1802,34,3,4,0,2,2,25,4,2,177.3,180.0,4,0,0,0,,128,30,19.9,91.42,70.69,35.9,None,Kanto
746,Jessie_6697,Viridian City,Grass,Bulbasaur,6,41.0,41.4,67.3,267.7,3,2.4,464,40.5,4,1,2,2383,68,8,12,0,3,2,67,4,0,122.1,133.0,2,0,0,0,,110,44,29.1,34.19,26.01,80.33,Ground,Kanto
747,Brock_8095,Cerulean City,Grass,Bulbasaur,1,36.2,40.1,91.7,324.2,3,2.1,404,51.2,3,1,3,1394,42,11,7,0,2,0,59,2,1,147.5,173.3,4,0,0,0,,107,60,39.7,35.8,84.41,78.55,Water,Kanto
748,Green_5401,Pewter City,Grass,Bulbasaur,5,48.1,56.0,46.4,215.9,2,8.3,510,57.2,2,0,2,965,52,8,14,0,4,0,68,4,1,142.7,148.9,4,0,0,0,,121,52,34.4,54.85,11.06,63.7,Rock,Kanto
749,Bugsy_4220,Celadon City,Water,Squirtle,3,40.8,46.1,48.8,281.9,3,1.5,494,44.6,4,1,0,2159,55,12,14,1,4,0,64,4,1,129.5,133.9,4,0,0,0,,111,62,41.1,10.93,34.22,85.23,Grass,Kanto
750,Blue_4978,Lavender Town,Grass,Bulbasaur,4,46.2,54.1,63.1,182.6,1,7.0,168,65.0,2,1,2,1268,23,3,0,0,0,4,30,3,2,128.5,160.0,4,0,0,0,,191,40,26.5,51.97,54.83,1.88,Ghost,Kanto
751,Stella_2906,Vermilion City,Grass,Bulbasaur,6,55.5,65.9,85.5,296.4,2,6.1,557,75.1,1,1,3,447,65,12,8,0,3,0,65,2,1,146.4,146.5,7,0,0,0,,125,78,51.7,32.35,79.35,86.85,Electric,Kanto
752,Samurai_9589,Viridian City,Grass,Bulbasaur,6,28.4,29.7,55.5,125.9,1,2.2,142,61.8,3,0,1,1450,19,4,5,0,3,1,30,6,1,145.6,167.8,3,0,0,0,,115,41,27.2,64.36,38.35,3.38,Ground,Kanto
753,Chuck_4052,Cerulean City,Water,Squirtle,3,43.4,44.9,78.1,139.0,1,3.8,280,38.3,3,0,0,1579,38,8,5,0,5,0,28,3,1,127.7,140.3,2,0,0,0,,59,35,23.2,23.46,58.22,37.47,Water,Kanto
754,Surge_6513,Lavender Town,Grass,Bulbasaur,3,14.6,44.4,85.4,164.7,3,0.0,183,68.2,3,0,4,1693,23,12,8,0,2,0,22,6,1,190.0,203.4,4,0,0,0,,61,52,34.4,95.63,82.2,24.63,Ghost,Kanto
755,Richie_6623,Cerulean City,Fire,Charmander,2,39.2,43.5,84.1,214.8,2,2.4,385,59.6,3,0,6,1157,46,9,7,0,4,0,49,6,1,155.0,161.9,4,0,0,0,,72,68,45.0,44.9,81.88,69.27,Water,Kanto
756,Bruno_5239,Saffron City,Grass,Bulbasaur,5,61.6,65.5,69.2,307.4,3,12.5,380,65.7,3,1,0,1183,61,8,12,0,3,0,58,3,0,88.1,113.5,7,0,0,0,,226,42,27.8,20.04,48.09,38.33,Psychic,Kanto
757,Sabrina_6937,Cerulean City,Grass,Bulbasaur,5,18.6,25.1,82.9,242.7,3,1.5,134,50.9,3,1,2,1485,6,5,10,1,1,0,27,6,0,83.2,86.0,3,0,0,0,,65,25,16.6,12.09,83.84,0.89,Water,Kanto
758,Ash_6061,Cerulean City,Fire,Charmander,2,40.9,43.5,62.2,164.3,1,4.7,109,62.2,3,1,2,1217,20,4,4,0,5,0,15,2,1,148.2,151.5,4,0,0,0,,93,31,20.5,50.7,67.71,9.87,Water,Kanto
759,Erika_5082,Pewter City,Fire,Charmander,3,40.7,56.2,63.8,159.8,4,5.0,94,54.8,2,0,2,852,9,2,8,1,0,1,12,4,1,130.2,130.6,6,0,0,0,,151,22,14.6,33.66,63.65,1.69,Rock,Kanto
760,Morty_2891,Pewter City,Fire,Charmander,6,36.4,41.8,64.8,174.0,5,0.5,504,36.9,5,0,2,3332,63,10,13,0,3,2,52,5,2,157.3,170.4,3,0,0,0,,39,84,55.6,75.47,39.97,93.16,Rock,Kanto
761,Ash_6551,Cinnabar Island,Grass,Bulbasaur,5,30.7,40.4,32.1,183.9,1,0.0,423,27.4,5,0,4,2842,69,21,11,0,1,2,43,4,1,149.7,152.0,1,0,0,0,,43,55,36.4,37.1,5.77,82.99,Fire,Kanto
762,AJ_2084,Celadon City,Water,Squirtle,5,21.5,31.5,79.2,147.0,2,0.9,110,61.9,4,0,1,1870,10,7,5,1,4,2,23,4,1,145.1,163.4,4,0,0,0,,44,22,14.6,80.09,92.13,5.83,Grass,Kanto
763,Blaine_1932,Pewter City,Grass,Bulbasaur,3,29.5,31.7,31.9,170.1,5,0.2,341,27.3,2,0,2,1226,57,5,10,0,2,0,52,1,0,153.2,153.4,1,0,0,0,,73,36,23.8,33.33,2.91,62.7,Rock,Kanto
764,Richie_2361,Cinnabar Island,Fire,Charmander,4,63.3,65.7,42.7,290.8,5,11.2,490,73.3,4,1,0,2737,67,8,13,1,2,0,58,9,2,145.1,147.0,8,1,1,1,513.0,162,70,46.4,86.65,9.77,51.31,Fire,Kanto
765,Jasmine_1725,Vermilion City,Fire,Charmander,3,37.2,39.0,86.2,158.0,2,2.8,518,58.5,3,0,4,1734,58,15,8,1,3,2,40,2,1,174.7,179.9,4,0,0,0,,106,78,51.7,76.93,80.19,90.74,Electric,Kanto
766,Casey_3432,Cinnabar Island,Grass,Bulbasaur,4,46.2,69.0,53.9,323.4,1,5.0,539,49.0,3,1,1,2288,50,12,12,0,6,0,70,3,0,182.1,190.4,4,0,0,0,,128,76,50.3,30.52,36.08,98.81,Fire,Kanto
767,Whitney_6007,Vermilion City,Water,Squirtle,3,41.9,47.2,59.5,256.6,5,2.4,383,33.0,3,1,2,2166,59,9,10,0,2,0,36,8,0,147.2,150.9,3,0,0,0,,93,71,47.0,48.11,9.1,56.31,Electric,Kanto
768,Whitney_2126,Celadon City,Fire,Charmander,6,30.1,65.3,79.4,133.5,2,2.1,285,52.8,5,0,2,2845,43,6,9,1,2,1,32,6,0,103.8,154.6,4,0,0,0,,137,39,25.8,29.05,91.1,44.63,Grass,Kanto
769,Lance_9265,Cinnabar Island,Fire,Charmander,5,30.4,32.5,70.7,231.5,6,1.3,411,78.0,4,1,0,2352,65,11,3,0,3,0,63,3,0,148.9,154.6,6,0,0,0,,116,58,38.4,89.29,99.11,63.45,Fire,Kanto
770,Karen_7231,Cerulean City,Water,Squirtle,5,25.2,29.6,57.9,242.7,2,0.2,396,48.7,4,0,3,1949,37,12,9,0,1,3,46,4,2,138.1,148.3,2,0,0,0,,64,70,46.4,94.76,17.7,60.98,Water,Kanto
771,Giovanni_2745,Viridian City,Fire,Charmander,5,18.2,30.0,59.5,124.9,1,0.5,92,28.6,4,0,2,1848,12,0,0,1,2,1,23,4,1,133.8,178.1,0,0,0,0,,40,37,24.5,15.1,29.25,3.94,Ground,Kanto
772,Clair_9662,Lavender Town,Water,Squirtle,4,33.5,38.8,58.1,147.6,3,2.2,128,17.8,3,0,1,1377,35,7,8,1,1,1,23,1,0,127.1,150.9,2,0,0,0,,77,27,17.9,26.29,7.73,29.02,Ghost,Kanto
773,Blaine_6814,Fuchsia City,Grass,Bulbasaur,1,30.2,30.5,88.0,157.1,1,0.9,471,46.3,3,0,1,1776,58,10,15,0,2,1,60,7,0,110.1,112.2,2,0,0,0,,57,61,40.4,10.8,67.24,82.22,Poison,Kanto
774,Bruno_6586,Viridian City,Grass,Bulbasaur,2,44.5,45.0,75.7,221.9,2,5.8,357,65.5,3,1,4,1908,55,10,10,0,3,3,42,9,1,192.7,219.3,6,0,0,0,,93,50,33.1,92.68,79.32,64.71,Ground,Kanto
775,Richie_6896,Cerulean City,Water,Squirtle,6,36.7,42.5,66.8,313.0,5,3.5,553,46.3,3,1,1,1895,61,13,12,0,1,1,49,5,1,124.0,128.2,4,0,0,0,,89,65,43.0,12.53,58.31,90.04,Water,Kanto
776,Lance_7714,Fuchsia City,Water,Squirtle,4,35.4,36.6,51.2,141.7,2,3.1,212,32.8,4,0,0,2236,46,5,4,1,2,1,26,3,2,98.3,117.9,2,0,0,0,,84,43,28.5,5.63,21.57,26.62,Poison,Kanto
777,Aya_2456,Fuchsia City,Fire,Charmander,6,32.2,66.5,69.0,154.0,1,0.6,313,48.7,3,0,2,2059,37,7,10,0,2,0,36,4,1,144.9,149.8,2,0,0,0,,101,38,25.2,46.27,29.64,50.6,Poison,Kanto
778,Red_4677,Cinnabar Island,Fire,Charmander,3,30.2,49.6,77.9,186.6,3,0.8,481,63.9,4,0,4,3125,41,14,5,0,3,0,49,7,1,145.0,178.5,5,0,0,0,,95,77,51.0,76.17,66.81,84.75,Fire,Kanto
779,Morty_7506,Celadon City,Water,Squirtle,2,35.3,46.8,70.5,211.3,4,2.0,316,45.1,3,1,0,1619,40,9,13,0,1,0,39,9,1,148.4,179.8,3,0,0,0,,59,28,18.5,12.58,83.71,51.7,Grass,Kanto
780,Yellow_5935,Cerulean City,Fire,Charmander,3,32.5,33.6,70.4,78.4,2,0.6,121,45.0,3,0,0,1224,15,1,1,1,2,1,20,5,1,139.8,143.1,3,0,0,0,,59,16,10.6,12.77,83.65,9.87,Water,Kanto
781,Casey_4866,Pewter City,Fire,Charmander,4,41.0,41.5,91.3,243.9,2,2.9,165,46.3,4,1,3,2553,16,6,6,1,2,3,17,3,1,145.7,156.2,4,0,0,0,,80,28,18.5,42.66,98.56,7.19,Rock,Kanto
782,Jasmine_7820,Pewter City,Fire,Charmander,3,28.7,49.3,36.8,121.9,3,0.7,117,57.4,4,0,4,2325,21,6,0,0,1,2,23,7,1,185.3,208.3,4,0,0,0,,47,27,17.9,94.99,0.33,16.74,Rock,Kanto
783,AJ_9091,Cinnabar Island,Water,Squirtle,4,44.8,92.6,43.2,278.9,2,5.2,477,37.7,3,1,3,2340,62,7,8,1,2,0,67,6,2,114.2,116.0,4,0,0,0,,159,60,39.7,35.8,25.84,62.29,Fire,Kanto
784,Misty_6807,Fuchsia City,Grass,Bulbasaur,5,36.2,71.8,97.8,157.2,3,1.6,331,57.3,3,0,1,1610,40,10,7,1,5,1,55,4,0,114.8,144.1,4,0,0,0,,84,61,40.4,43.69,92.08,48.53,Poison,Kanto
785,Chuck_8270,Cerulean City,Grass,Bulbasaur,6,50.5,60.6,46.7,166.9,6,9.8,174,54.7,3,0,3,769,23,6,4,1,3,1,22,2,0,122.8,125.9,7,0,0,0,,89,52,34.4,29.05,18.68,10.77,Water,Kanto
786,Bruno_1806,Cinnabar Island,Grass,Bulbasaur,4,33.5,41.9,61.1,232.8,1,1.9,359,31.8,3,1,5,2394,51,7,12,0,3,1,44,5,2,111.4,116.0,1,0,0,0,,115,61,40.4,28.08,35.58,72.98,Fire,Kanto
787,Bill_6401,Viridian City,Fire,Charmander,1,30.6,34.8,82.6,219.1,1,0.3,249,64.1,4,1,4,2294,43,9,10,1,2,0,32,0,0,150.7,164.0,4,0,0,0,,61,55,36.4,52.62,98.62,54.29,Ground,Kanto
788,Jessie_2187,Vermilion City,Fire,Charmander,3,21.0,31.3,43.5,119.0,3,1.1,142,22.8,5,0,3,2850,15,8,2,1,1,2,19,4,2,123.3,134.9,1,0,0,0,,62,21,13.9,38.65,2.01,22.53,Electric,Kanto
789,Brock_8879,Pewter City,Grass,Bulbasaur,2,30.6,30.8,57.3,214.9,2,2.9,90,54.6,3,1,4,1242,15,1,0,1,1,1,14,8,1,145.2,148.2,3,0,0,0,,118,30,19.9,83.39,47.54,6.64,Rock,Kanto
790,Gary_4029,Saffron City,Fire,Charmander,6,45.9,61.2,49.1,259.8,1,1.7,502,41.4,2,1,2,1312,66,13,7,0,2,0,70,4,0,166.5,168.6,3,0,0,0,,77,69,45.7,74.49,4.84,83.15,Psychic,Kanto
791,Misty_7991,Cinnabar Island,Fire,Charmander,5,28.5,29.4,33.3,127.0,3,0.7,212,32.4,3,0,2,1785,29,5,6,0,2,1,29,5,1,136.5,138.8,2,0,0,0,,56,30,19.9,49.31,10.07,37.89,Fire,Kanto
792,Agatha_8358,Pallet Town,Water,Squirtle,2,28.4,36.0,95.2,138.0,3,3.5,195,54.5,3,0,3,1868,7,1,12,1,3,1,34,1,3,99.9,102.2,4,0,0,0,,143,59,39.1,55.63,80.52,30.15,None,Kanto
793,Todd_3399,Pallet Town,Fire,Charmander,3,34.4,34.6,59.4,165.8,2,3.0,261,44.9,1,1,3,1077,23,5,5,0,1,1,35,6,3,127.1,128.1,3,0,0,0,,62,42,27.8,7.53,43.45,33.92,None,Kanto
794,Daisy_6895,Pallet Town,Fire,Charmander,3,31.6,40.1,84.7,155.5,4,4.3,220,53.6,4,0,4,2588,24,6,5,1,1,0,24,4,0,145.8,191.9,4,0,0,0,,53,48,31.8,54.71,95.69,18.18,None,Kanto
795,Falkner_7300,Viridian City,Fire,Charmander,4,27.9,30.4,64.8,277.8,3,1.7,453,55.0,5,1,4,2592,51,10,15,1,5,1,47,5,1,123.5,142.6,5,0,0,0,,129,81,53.6,57.98,35.1,78.09,Ground,Kanto
796,Joe_6769,Saffron City,Fire,Charmander,6,49.6,64.4,69.6,251.8,5,9.3,245,60.5,5,1,2,2214,24,5,4,0,0,4,29,2,1,140.0,152.8,5,0,0,0,,138,30,19.9,24.76,42.51,19.29,Psychic,Kanto
797,Aya_7794,Vermilion City,Fire,Charmander,3,33.9,40.3,42.6,209.2,1,0.7,477,27.5,3,1,2,2063,67,13,8,1,0,2,45,3,0,155.2,164.7,2,0,0,0,,75,63,41.7,19.83,16.93,95.05,Electric,Kanto
798,Bugsy_9196,Cinnabar Island,Fire,Charmander,6,48.3,53.1,55.7,257.0,3,5.5,435,42.0,3,1,1,1687,21,11,12,1,2,0,61,5,2,169.7,182.7,5,0,0,0,,148,58,38.4,43.85,5.27,69.14,Fire,Kanto
799,James_6488,Cerulean City,Water,Squirtle,3,35.6,39.3,76.3,243.5,2,2.0,412,71.7,3,1,3,1687,46,6,8,0,1,1,49,8,1,171.8,190.0,5,0,0,0,,101,64,42.4,59.73,75.37,65.94,Water,Kanto
800,Crystal_4112,Cinnabar Island,Fire,Charmander,2,37.8,44.3,51.2,235.3,3,1.9,502,39.1,3,0,2,1458,69,10,14,0,2,2,51,5,0,145.5,153.3,1,0,0,0,,100,63,41.7,8.98,15.57,91.67,Fire,Kanto
801,Erika_1164,Fuchsia City,Grass,Bulbasaur,3,34.1,40.1,64.4,143.1,1,1.7,307,28.4,4,0,1,1927,45,17,5,0,1,1,42,2,0,139.1,179.4,1,0,0,0,,62,31,20.5,14.66,16.09,54.88,Poison,Kanto
802,Brock_8456,Lavender Town,Grass,Bulbasaur,4,41.7,54.5,65.4,249.2,4,2.5,436,65.5,4,1,4,2032,64,8,10,0,1,1,47,6,1,203.9,213.2,6,0,0,0,,109,42,27.8,67.63,66.76,77.76,Ghost,Kanto
803,Blue_4307,Vermilion City,Water,Squirtle,5,47.0,55.7,83.0,172.0,2,5.2,378,68.6,3,0,0,1486,40,9,8,0,1,0,46,6,1,166.8,177.9,5,0,0,0,,132,70,46.4,23.4,82.34,57.39,Electric,Kanto
804,Morty_8534,Vermilion City,Fire,Charmander,5,52.3,75.9,66.1,198.4,4,5.2,502,50.1,3,0,2,1295,67,15,19,0,2,2,59,4,1,156.7,180.3,5,0,0,0,,133,53,35.1,34.83,55.65,88.12,Electric,Kanto
805,Bugsy_3488,Cerulean City,Grass,Bulbasaur,1,38.6,38.6,46.1,281.3,4,4.1,323,58.0,3,1,6,1840,26,7,10,1,3,3,36,10,0,203.2,217.2,6,0,0,0,,125,40,26.5,89.96,9.08,38.11,Water,Kanto
806,Blaine_7135,Cinnabar Island,Grass,Bulbasaur,5,29.0,38.3,57.7,243.3,2,0.6,243,38.5,2,1,2,1095,33,5,1,1,2,0,36,2,2,134.7,137.5,2,0,0,0,,98,54,35.8,22.4,69.49,59.59,Fire,Kanto
807,Lance_9489,Pewter City,Fire,Charmander,3,26.4,34.1,56.4,228.1,6,1.6,177,69.5,2,1,3,1133,31,2,2,0,0,1,32,5,0,151.1,155.1,5,0,0,0,,131,25,16.6,99.79,21.83,31.13,Rock,Kanto
808,Koga_5064,Saffron City,Fire,Charmander,2,26.2,31.6,78.6,98.0,2,3.2,127,90.6,2,0,4,1024,23,2,8,0,5,0,14,3,0,117.5,128.3,5,0,0,0,,128,27,17.9,83.1,97.97,6.94,Psychic,Kanto
809,Ash_3655,Vermilion City,Water,Squirtle,6,51.9,52.4,67.4,270.2,1,5.0,399,33.3,4,1,0,2403,42,13,11,1,1,1,47,3,0,111.8,141.3,4,0,0,0,,27,30,19.9,22.57,40.57,80.77,Electric,Kanto
810,Giselle_1876,Cerulean City,Grass,Bulbasaur,6,29.5,39.3,52.6,259.3,2,1.4,296,44.8,3,1,1,1353,34,9,2,0,0,4,38,1,0,154.2,170.7,3,0,0,0,,46,41,27.2,44.66,6.21,45.2,Water,Kanto
811,Misty_1063,Saffron City,Fire,Charmander,2,11.5,16.5,57.9,154.8,4,0.9,26,44.9,3,0,1,1238,6,3,0,0,2,0,14,3,0,111.7,136.5,2,0,0,0,,93,1,0.7,15.02,45.73,0.2,Psychic,Kanto
812,Yellow_8941,Vermilion City,Grass,Bulbasaur,2,37.7,38.7,72.1,184.6,4,3.1,439,48.8,1,0,0,1246,68,7,7,0,1,0,64,9,2,165.8,207.6,4,0,0,0,,89,46,30.5,12.27,66.13,73.72,Electric,Kanto
813,Agatha_1515,Pallet Town,Fire,Charmander,3,22.5,24.2,81.0,251.3,6,4.4,167,60.8,3,1,2,1822,8,2,8,0,2,2,21,7,0,135.9,136.2,3,0,0,0,,103,26,17.2,93.18,80.74,5.25,None,Kanto
814,Crystal_2701,Cerulean City,Grass,Bulbasaur,3,39.2,47.4,49.7,231.5,1,0.7,451,27.3,4,0,0,2248,62,6,7,0,0,5,49,1,0,139.0,140.0,1,0,0,0,,43,40,26.5,29.9,19.9,78.11,Water,Kanto
815,Whitney_1598,Saffron City,Grass,Bulbasaur,4,37.8,45.7,64.7,113.3,5,1.2,346,64.3,4,0,0,2338,49,16,10,0,2,0,38,0,0,122.4,123.4,5,0,0,0,,48,64,42.4,6.82,84.08,67.38,Psychic,Kanto
816,Falkner_4374,Pallet Town,Water,Squirtle,1,29.0,31.7,83.5,207.1,3,1.1,356,69.4,4,0,2,2028,50,11,5,0,4,0,54,5,3,168.7,168.9,5,0,0,0,,95,49,32.5,58.36,87.64,56.87,None,Kanto
817,Whitney_2096,Cerulean City,Grass,Bulbasaur,6,38.2,45.2,82.2,126.3,1,0.6,208,52.9,3,0,3,1330,25,9,2,1,3,0,33,2,1,100.8,137.3,4,0,0,0,,102,43,28.5,51.2,75.42,30.11,Water,Kanto
818,Surge_3800,Saffron City,Fire,Charmander,6,47.9,70.8,56.2,313.4,2,4.8,514,44.2,3,1,3,1966,57,12,13,0,3,1,71,7,3,121.9,159.7,3,0,0,0,,131,69,45.7,48.34,50.09,74.97,Psychic,Kanto
819,Blue_1196,Cinnabar Island,Fire,Charmander,5,35.7,41.9,50.4,282.2,2,4.6,534,31.7,3,1,1,1938,58,9,14,1,1,0,68,5,0,132.8,138.6,2,0,0,0,,42,55,36.4,18.81,9.96,92.33,Fire,Kanto
820,Will_1410,Cerulean City,Water,Squirtle,5,33.8,34.4,82.2,320.6,1,0.1,581,41.9,5,1,5,2789,70,18,16,1,2,0,69,6,0,161.7,161.9,2,0,0,0,,110,88,58.3,38.45,88.73,97.21,Water,Kanto
821,Joe_6267,Vermilion City,Grass,Bulbasaur,6,41.6,53.0,56.4,177.5,2,4.9,193,58.7,3,0,2,1709,12,9,8,0,1,0,28,3,0,131.8,154.1,5,0,0,0,,129,36,23.8,43.49,62.99,9.62,Electric,Kanto
822,Lorelei_2823,Lavender Town,Grass,Bulbasaur,3,53.2,59.0,85.5,202.9,3,5.3,555,75.4,3,0,4,1448,69,13,9,0,2,1,49,2,3,148.0,151.2,6,0,0,0,,85,79,52.3,33.47,99.14,93.29,Ghost,Kanto
823,Erika_7072,Fuchsia City,Water,Squirtle,6,25.3,26.1,76.2,250.5,3,0.6,177,44.7,2,1,0,1328,25,7,4,0,3,0,28,4,2,131.0,131.6,2,0,0,0,,114,27,17.9,6.49,37.06,24.54,Poison,Kanto
824,Samurai_9606,Cinnabar Island,Fire,Charmander,4,44.4,45.3,78.3,306.5,5,1.6,604,62.0,2,1,3,1089,72,19,17,0,3,0,59,5,0,160.3,171.4,6,0,0,0,,74,79,52.3,77.72,85.47,99.93,Fire,Kanto
825,Bill_8294,Lavender Town,Water,Squirtle,5,42.1,59.1,79.8,329.1,2,4.4,527,62.8,3,1,5,1013,68,14,4,0,1,0,61,3,1,114.1,118.3,5,0,0,0,,190,79,52.3,37.31,60.5,83.75,Ghost,Kanto
826,Karen_8169,Vermilion City,Water,Squirtle,6,33.6,41.7,91.7,281.7,3,0.7,504,47.6,3,1,4,1489,66,17,9,0,1,1,65,2,2,143.4,176.9,2,0,0,0,,111,89,58.9,41.18,81.05,78.71,Electric,Kanto
827,Whitney_3294,Fuchsia City,Grass,Bulbasaur,5,41.9,48.6,74.8,231.3,2,6.4,407,55.2,3,1,2,1700,45,8,9,1,1,2,30,3,0,140.4,153.0,5,0,0,0,,146,43,28.5,76.05,55.84,61.42,Poison,Kanto
828,Gary_9715,Viridian City,Water,Squirtle,4,27.5,30.6,47.6,179.1,2,1.2,286,38.2,2,0,9,1035,27,7,8,0,2,0,25,8,1,158.2,175.0,1,0,0,0,,85,44,29.1,84.45,25.55,48.67,Ground,Kanto
829,Casey_6877,Cerulean City,Fire,Charmander,1,49.6,55.9,48.6,150.2,1,5.1,359,36.1,4,0,2,2747,30,4,4,0,6,0,46,1,1,129.5,134.5,4,0,0,0,,100,65,43.0,23.79,15.04,70.38,Water,Kanto
830,Surge_1966,Celadon City,Water,Squirtle,3,51.6,58.6,68.3,296.2,1,6.5,405,52.0,3,1,8,1584,46,11,12,0,4,0,46,3,0,140.2,149.9,4,0,0,0,,100,78,51.7,20.07,59.1,54.49,Grass,Kanto
831,Bugsy_1540,Pewter City,Grass,Bulbasaur,2,30.9,48.6,85.0,232.8,3,2.3,249,53.3,3,1,5,931,15,8,5,0,3,0,25,7,0,161.7,167.8,4,0,0,0,,160,62,41.1,48.92,74.7,35.94,Rock,Kanto
832,Joe_9525,Saffron City,Fire,Charmander,4,27.5,33.5,70.0,189.4,3,3.4,128,32.9,3,1,1,1563,19,4,6,0,2,0,20,5,2,135.5,146.5,2,0,0,0,,85,24,15.9,26.0,44.19,1.72,Psychic,Kanto
833,Joe_1383,Viridian City,Fire,Charmander,1,21.5,23.5,71.0,199.6,4,1.5,273,62.4,3,1,3,1444,44,9,7,0,2,2,45,4,2,151.8,153.2,3,0,0,0,,76,57,37.7,76.35,84.82,41.54,Ground,Kanto
834,Giovanni_2144,Celadon City,Grass,Bulbasaur,6,43.3,60.2,75.3,170.4,1,2.1,338,47.3,3,1,3,1822,49,10,11,0,2,1,39,9,0,140.0,151.3,3,0,0,0,,81,59,39.1,62.02,61.1,66.29,Grass,Kanto
835,Aya_3926,Pallet Town,Water,Squirtle,4,43.1,43.8,87.3,202.6,5,5.2,241,85.9,2,1,8,1923,42,7,9,0,2,0,30,6,2,163.0,190.9,7,0,0,0,,103,49,32.5,85.61,84.16,29.68,None,Kanto
836,Green_1599,Pewter City,Water,Squirtle,2,47.9,48.7,57.1,231.6,3,6.6,373,39.4,2,0,6,821,49,10,6,0,2,3,34,4,1,154.9,178.5,2,0,0,0,,81,65,43.0,31.18,18.41,46.63,Rock,Kanto
837,Clair_4129,Vermilion City,Water,Squirtle,4,31.8,38.6,63.4,268.3,1,0.8,550,57.7,2,1,9,1519,69,12,19,0,5,1,55,5,2,201.4,220.0,2,0,0,0,,103,85,56.3,89.99,49.11,93.26,Electric,Kanto
838,Clair_9286,Pallet Town,Fire,Charmander,6,35.6,41.1,67.2,135.2,4,1.3,293,40.2,1,0,5,1112,35,7,8,0,1,1,37,5,0,164.9,171.8,4,0,0,0,,11,39,25.8,54.47,41.83,46.49,None,Kanto
839,Stella_6588,Fuchsia City,Water,Squirtle,3,31.2,41.3,45.6,182.9,3,0.0,302,34.7,3,0,2,1699,26,11,7,0,1,0,36,4,0,148.9,151.2,1,0,0,0,,9,55,36.4,12.6,18.42,47.74,Poison,Kanto
840,Richie_7391,Fuchsia City,Fire,Charmander,6,34.2,34.7,90.4,171.0,2,2.5,319,51.3,3,0,1,1854,34,9,10,1,0,0,30,5,1,120.9,136.5,4,0,0,0,,86,42,27.8,7.89,68.6,48.82,Poison,Kanto
841,Lara_6377,Cerulean City,Fire,Charmander,2,32.5,57.4,80.9,228.1,4,1.8,462,64.8,3,1,4,1863,60,6,9,0,6,1,46,4,1,164.3,198.8,5,0,0,0,,102,68,45.0,55.36,87.03,81.9,Water,Kanto
842,Ash_5661,Cinnabar Island,Water,Squirtle,6,25.4,28.9,68.0,140.2,2,0.1,390,61.8,2,0,3,1056,43,9,11,0,0,0,36,4,1,145.3,151.7,3,0,0,0,,43,51,33.8,59.25,64.59,63.91,Fire,Kanto
843,Misty_9883,Vermilion City,Grass,Bulbasaur,2,26.2,30.9,61.7,225.3,3,0.9,273,54.4,3,1,2,1916,35,5,9,0,5,0,28,6,2,134.3,152.2,3,0,0,0,,109,39,25.8,62.44,52.02,40.23,Electric,Kanto
844,Lorelei_3044,Viridian City,Water,Squirtle,5,63.5,65.0,67.2,200.5,4,12.9,447,77.6,2,0,8,1069,29,12,9,1,3,2,58,8,1,113.2,113.5,7,0,0,0,,229,78,51.7,97.73,57.17,50.6,Ground,Kanto
845,Bill_2270,Celadon City,Water,Squirtle,4,28.9,30.2,56.7,157.4,3,0.7,254,29.9,4,0,4,2080,36,4,8,1,4,0,35,6,1,133.2,150.0,1,0,0,0,,29,57,37.7,28.59,9.01,40.88,Grass,Kanto
846,Koga_4450,Cerulean City,Fire,Charmander,6,27.4,48.1,88.3,133.5,4,1.6,140,33.2,3,0,2,1672,13,1,4,0,5,2,21,3,0,80.3,111.1,2,0,0,0,,43,9,6.0,6.38,88.07,4.62,Water,Kanto
847,Morty_3814,Cinnabar Island,Grass,Bulbasaur,6,38.0,39.3,47.5,284.9,3,1.1,443,53.5,4,1,3,2041,59,6,11,0,2,1,51,6,0,148.9,170.6,5,0,0,0,,79,63,41.7,77.71,17.73,70.9,Fire,Kanto
848,Tracey_9386,Saffron City,Grass,Bulbasaur,4,40.8,43.8,65.4,115.0,3,4.0,236,44.5,3,0,3,1394,38,6,6,0,0,2,30,6,2,156.5,166.9,3,0,0,0,,92,58,38.4,99.42,48.39,49.04,Psychic,Kanto
849,Lance_6561,Vermilion City,Grass,Bulbasaur,3,41.9,44.6,67.6,198.4,1,6.0,348,45.2,3,0,0,968,54,9,2,1,1,1,56,4,0,157.8,168.8,3,0,0,0,,157,59,39.1,16.98,63.93,36.39,Electric,Kanto
850,Karen_2600,Pallet Town,Grass,Bulbasaur,5,43.4,45.1,59.8,92.8,4,4.4,290,51.7,2,0,5,678,43,8,8,0,0,2,38,5,1,109.4,129.0,4,0,0,0,,128,50,33.1,36.56,41.27,46.51,None,Kanto
851,Stella_5684,Celadon City,Grass,Bulbasaur,6,59.3,71.1,43.8,337.9,1,7.4,643,41.2,3,1,1,1314,61,16,6,0,3,0,76,4,2,167.2,167.3,3,0,0,0,,161,72,47.7,34.04,11.67,86.89,Grass,Kanto
852,Brock_2697,Viridian City,Water,Squirtle,6,36.1,42.2,52.7,160.8,3,0.8,354,40.7,3,0,3,1628,36,8,4,0,1,0,40,9,0,148.2,156.0,2,0,0,0,,62,48,31.8,58.94,30.26,64.74,Ground,Kanto
853,Green_9990,Fuchsia City,Grass,Bulbasaur,3,33.0,40.0,70.4,231.9,4,3.3,215,36.1,3,1,0,1660,27,5,1,0,2,2,31,4,0,161.5,172.3,2,0,0,0,,95,38,25.2,57.74,45.47,20.39,Poison,Kanto
854,Samurai_5442,Vermilion City,Water,Squirtle,4,28.3,33.7,48.6,225.8,1,1.4,294,29.8,2,1,3,1170,46,8,4,0,1,0,36,2,0,159.8,174.9,1,0,0,0,,119,41,27.2,16.33,4.02,49.46,Electric,Kanto
855,Lorelei_9777,Fuchsia City,Water,Squirtle,4,43.6,48.0,38.8,217.2,3,4.4,601,46.1,2,0,1,1870,66,14,15,0,5,0,74,7,1,162.1,182.6,4,0,0,0,,105,69,45.7,21.59,21.63,91.98,Poison,Kanto
856,Yellow_7286,Vermilion City,Water,Squirtle,1,48.9,56.0,64.4,289.8,1,4.5,470,32.7,3,1,4,1295,47,9,11,0,3,2,69,2,0,113.5,125.2,2,0,0,0,,106,72,47.7,35.51,48.0,70.61,Electric,Kanto
857,Joe_1116,Pallet Town,Water,Squirtle,6,33.3,43.0,56.4,167.2,1,0.1,372,48.9,3,0,5,2157,27,14,10,1,2,2,50,3,1,130.9,150.7,3,0,0,0,,92,49,32.5,80.08,33.91,44.3,None,Kanto
858,Silver_4706,Cinnabar Island,Grass,Bulbasaur,4,26.3,29.1,75.1,100.0,1,0.8,151,65.6,2,0,4,807,7,5,0,0,2,1,20,3,0,162.7,179.2,5,0,0,0,,53,11,7.3,60.39,99.46,14.53,Fire,Kanto
859,Red_4489,Celadon City,Grass,Bulbasaur,3,37.3,38.1,60.0,208.9,2,3.7,314,57.1,4,1,9,1964,39,8,9,0,4,2,47,6,2,169.1,181.5,5,0,0,0,,93,61,40.4,89.18,24.65,43.43,Grass,Kanto
860,Koga_1846,Pewter City,Fire,Charmander,5,44.6,50.4,62.6,261.1,3,7.1,309,50.0,3,1,1,1303,45,8,11,0,2,2,33,5,0,105.6,106.4,4,0,0,0,,147,49,32.5,20.2,43.0,42.85,Rock,Kanto
861,Lorelei_8469,Fuchsia City,Fire,Charmander,6,43.4,53.4,51.1,307.4,3,4.0,522,53.9,2,1,8,1660,67,15,9,1,3,0,67,8,2,157.6,189.9,5,0,0,0,,109,74,49.0,72.17,11.77,88.48,Poison,Kanto
862,Lance_9102,Lavender Town,Water,Squirtle,3,47.4,65.2,61.9,339.6,1,6.1,626,67.3,4,1,6,2583,76,6,15,1,5,1,72,8,3,170.3,175.4,5,0,0,0,,124,108,71.5,95.27,47.89,91.05,Ghost,Kanto
863,Yellow_4605,Fuchsia City,Fire,Charmander,3,38.7,52.3,56.7,248.1,1,2.2,352,34.1,4,1,1,2132,33,7,6,0,1,1,51,3,3,164.1,175.2,1,0,0,0,,122,48,31.8,17.69,6.7,54.5,Poison,Kanto
864,Stella_7602,Fuchsia City,Water,Squirtle,6,42.8,43.9,53.7,284.7,4,4.5,378,53.6,3,1,7,1523,39,11,9,0,2,0,52,4,2,146.7,150.4,5,0,0,0,,31,68,45.0,53.7,34.04,49.71,Poison,Kanto
865,Daisy_2124,Vermilion City,Fire,Charmander,5,38.1,77.1,60.6,232.9,5,4.0,319,45.3,3,1,3,1664,35,13,10,0,5,1,32,1,0,157.7,159.4,4,0,0,0,,127,67,44.4,47.59,33.26,44.12,Electric,Kanto
866,Chuck_2266,Vermilion City,Grass,Bulbasaur,3,32.4,35.6,51.3,273.7,6,2.2,327,26.7,2,1,1,1377,46,9,10,0,4,0,35,2,0,102.3,111.0,3,0,0,0,,124,45,29.8,13.26,1.34,47.59,Electric,Kanto
867,Gold_1504,Celadon City,Fire,Charmander,5,38.2,44.9,74.1,183.9,5,0.5,482,71.2,3,0,4,1893,57,5,16,1,0,0,64,7,2,184.3,202.2,6,0,0,0,,64,76,50.3,92.53,53.04,83.54,Grass,Kanto
868,Stella_3684,Celadon City,Fire,Charmander,6,62.2,67.7,61.3,324.6,2,9.1,570,59.5,4,1,2,2365,51,12,11,0,3,1,57,3,0,148.7,153.4,5,0,0,0,,183,81,53.6,63.08,51.77,79.13,Grass,Kanto
869,Ash_9403,Viridian City,Grass,Bulbasaur,6,43.2,58.5,39.5,273.3,3,1.2,411,39.4,2,1,1,1283,54,13,12,0,4,0,46,7,0,115.7,117.4,4,0,0,0,,80,45,29.8,13.79,19.01,71.02,Ground,Kanto
870,Karen_5706,Saffron City,Water,Squirtle,2,24.2,28.7,48.6,162.6,1,0.9,188,36.1,4,0,4,2253,24,11,3,0,3,0,29,1,1,116.1,119.7,1,0,0,0,,63,23,15.2,39.47,13.22,27.38,Psychic,Kanto
871,Misty_6653,Viridian City,Fire,Charmander,5,30.1,30.6,83.1,216.8,5,0.9,259,71.9,5,0,2,2820,27,3,6,0,0,2,35,7,3,146.6,167.4,5,0,0,0,,73,48,31.8,93.3,93.93,44.05,Ground,Kanto
872,Blaine_7061,Cinnabar Island,Water,Squirtle,4,39.8,48.1,67.4,294.0,3,3.7,520,71.4,3,1,1,2110,54,12,8,1,2,1,54,9,2,215.5,223.4,7,0,0,0,,70,73,48.3,95.39,24.62,88.57,Fire,Kanto
873,Falkner_8368,Saffron City,Fire,Charmander,6,29.4,33.9,78.1,134.9,2,3.9,280,61.4,4,0,0,2629,31,7,7,0,1,2,33,6,3,149.8,173.0,2,0,0,0,,89,24,15.9,63.82,77.41,23.18,Psychic,Kanto
874,Richie_6982,Cinnabar Island,Grass,Bulbasaur,6,33.3,44.3,62.8,172.1,2,1.9,468,49.4,4,0,5,2308,66,9,14,0,5,2,63,6,0,153.4,159.2,3,0,0,0,,93,75,49.7,41.93,11.08,87.24,Fire,Kanto
875,Gold_2538,Pallet Town,Fire,Charmander,6,44.1,46.3,79.0,148.6,2,5.6,204,57.3,3,0,5,1823,32,9,12,0,4,0,28,3,0,129.7,165.2,5,0,0,0,,201,43,28.5,91.17,68.71,31.69,None,Kanto
876,Lara_9959,Vermilion City,Fire,Charmander,5,48.3,57.8,77.6,195.0,3,5.4,442,70.5,4,1,4,1942,61,12,14,1,1,0,49,7,4,175.1,181.4,5,0,0,0,,142,61,40.4,80.56,85.34,69.14,Electric,Kanto
877,Bill_1177,Pallet Town,Water,Squirtle,6,43.7,48.1,53.1,251.7,2,3.2,409,39.1,3,1,3,1683,48,6,6,1,5,0,48,2,1,182.4,190.5,3,0,0,0,,73,62,41.1,19.4,20.1,67.51,None,Kanto
878,Aya_4158,Saffron City,Grass,Bulbasaur,5,32.4,53.3,78.2,222.5,3,3.9,239,66.6,5,1,7,3117,26,9,4,0,3,2,22,5,1,147.3,149.1,5,0,0,0,,44,50,33.1,81.55,90.27,19.36,Psychic,Kanto
879,Bill_1648,Pewter City,Water,Squirtle,3,27.8,38.4,50.9,131.2,6,1.1,103,59.9,3,0,6,1973,22,6,6,0,1,0,26,4,1,138.5,179.9,4,0,0,0,,20,32,21.2,90.37,16.52,14.05,Rock,Kanto
880,Joe_7727,Viridian City,Water,Squirtle,6,23.5,40.1,74.0,167.1,1,0.6,212,65.7,3,0,1,1522,36,8,6,1,2,1,29,8,1,188.4,195.3,4,0,0,0,,57,46,30.5,83.09,97.81,40.44,Ground,Kanto
881,Bill_1345,Fuchsia City,Water,Squirtle,3,23.9,32.9,88.5,207.0,4,2.1,164,62.2,3,1,5,1917,27,8,6,0,2,1,16,4,1,142.2,147.6,4,0,0,0,,76,45,29.8,61.02,91.15,24.68,Poison,Kanto
882,Lara_9887,Celadon City,Fire,Charmander,6,67.8,72.4,75.2,184.2,3,15.0,294,70.5,4,1,3,2114,40,13,8,1,3,1,35,5,2,154.7,156.7,7,0,0,0,,182,55,36.4,25.71,75.91,21.33,Grass,Kanto
883,Janine_1085,Vermilion City,Water,Squirtle,4,31.3,48.7,62.5,43.6,3,2.2,56,44.6,2,0,0,1038,28,3,5,0,1,0,10,5,0,124.6,130.6,3,0,0,0,,53,11,7.3,17.57,42.26,6.66,Electric,Kanto
884,Red_4009,Saffron City,Grass,Bulbasaur,6,44.9,46.0,63.2,131.6,6,8.1,279,45.9,3,0,1,1534,36,6,11,1,3,0,37,2,1,149.0,208.1,4,0,0,0,,105,48,31.8,49.65,25.33,25.9,Psychic,Kanto
885,AJ_3781,Pallet Town,Grass,Bulbasaur,6,50.2,53.4,76.5,205.4,2,7.4,293,73.4,4,0,4,2137,46,12,8,1,4,1,51,4,2,114.6,116.7,7,0,0,0,,173,46,30.5,42.67,71.9,36.73,None,Kanto
886,Gary_7945,Pewter City,Grass,Bulbasaur,3,25.9,31.0,51.7,283.8,1,0.0,257,36.1,3,1,3,1587,40,5,1,0,1,2,38,3,3,173.1,189.0,2,0,0,0,,153,25,16.6,79.47,18.57,44.48,Rock,Kanto
887,Falkner_3659,Pewter City,Grass,Bulbasaur,2,31.7,33.2,62.9,145.1,1,0.5,269,46.7,3,0,4,1151,36,11,7,0,1,1,36,2,3,117.0,138.1,2,0,0,0,,80,58,38.4,96.74,36.85,52.25,Rock,Kanto
888,Crystal_1595,Pewter City,Fire,Charmander,1,31.4,37.3,63.6,155.8,2,1.3,191,40.7,2,0,1,1328,9,1,7,0,1,0,21,1,2,110.4,135.0,2,0,0,0,,79,19,12.6,11.03,51.92,23.01,Rock,Kanto
889,Jasmine_5742,Cinnabar Island,Grass,Bulbasaur,3,25.9,37.3,80.4,196.8,3,1.2,264,53.3,3,0,4,1901,29,6,7,0,1,1,43,7,1,119.0,133.1,3,0,0,0,,68,45,29.8,46.6,91.15,42.18,Fire,Kanto
890,Giselle_6700,Pallet Town,Grass,Bulbasaur,6,37.8,38.0,47.2,250.8,1,2.6,192,36.1,3,1,1,1781,26,6,4,0,1,1,19,6,0,141.1,143.5,2,0,0,0,,107,40,26.5,40.04,20.24,19.35,None,Kanto
891,Green_3292,Saffron City,Grass,Bulbasaur,3,62.6,67.2,54.2,181.9,4,8.2,453,57.2,4,0,3,1457,68,12,13,0,6,2,60,3,0,172.8,191.9,5,0,0,0,,143,53,35.1,63.16,18.59,66.9,Psychic,Kanto
892,Green_7469,Cinnabar Island,Water,Squirtle,6,46.1,56.8,86.0,198.8,1,3.2,372,63.5,3,0,1,1800,47,9,10,1,0,1,60,2,0,171.1,189.3,5,0,0,0,,76,45,29.8,6.73,79.39,66.96,Fire,Kanto
893,Gary_8197,Fuchsia City,Water,Squirtle,6,31.5,64.4,51.2,241.5,1,1.8,253,58.9,3,1,6,2212,40,5,4,0,1,1,38,4,1,139.5,159.8,4,0,0,0,,63,59,39.1,99.51,42.25,42.53,Poison,Kanto
894,Sabrina_6636,Saffron City,Grass,Bulbasaur,6,66.5,72.6,79.4,271.0,1,11.9,548,77.8,4,1,4,2625,50,14,14,1,4,1,59,5,0,145.6,165.6,8,1,1,1,551.0,175,67,44.4,74.23,65.16,68.71,Psychic,Kanto
895,Koga_5645,Cinnabar Island,Water,Squirtle,6,37.0,37.8,54.4,109.3,6,7.8,167,67.9,2,0,4,1735,21,6,8,1,1,1,26,6,2,171.3,195.3,6,0,0,0,,146,41,27.2,91.7,1.61,4.32,Fire,Kanto
896,AJ_5360,Lavender Town,Grass,Bulbasaur,4,66.8,68.0,31.3,209.9,1,13.0,423,62.5,2,1,4,1378,36,10,10,0,3,1,54,4,2,167.6,175.6,6,0,0,0,,183,61,40.4,96.94,5.19,45.96,Ghost,Kanto
897,Bill_5883,Viridian City,Grass,Bulbasaur,4,29.2,53.2,48.9,123.0,3,2.9,156,20.0,2,0,1,1293,31,6,6,0,1,0,28,2,1,131.4,143.3,1,0,0,0,,101,45,29.8,18.57,41.1,12.61,Ground,Kanto
898,Lorelei_1607,Lavender Town,Fire,Charmander,5,36.3,41.9,48.4,228.7,5,1.6,478,16.3,2,0,1,894,65,10,12,1,3,1,43,2,0,155.2,184.4,2,0,0,0,,51,74,49.0,29.57,3.4,83.37,Ghost,Kanto
899,Surge_8448,Pallet Town,Water,Squirtle,4,32.7,32.9,61.6,131.9,3,4.6,190,42.2,2,0,0,1329,23,3,8,1,1,0,22,3,3,140.2,184.3,2,0,0,0,,120,41,27.2,12.8,45.04,20.42,None,Kanto
900,Bugsy_9294,Pallet Town,Grass,Bulbasaur,5,33.5,37.0,86.2,218.4,2,2.4,452,67.1,2,0,5,1337,55,16,13,0,3,1,53,4,2,193.8,200.3,4,0,0,0,,58,78,51.7,84.34,48.08,78.05,None,Kanto
901,Tracey_9131,Celadon City,Fire,Charmander,1,39.7,40.2,87.9,192.5,3,2.0,410,59.1,3,0,3,1954,43,11,8,0,3,0,49,6,1,137.2,141.2,5,0,0,0,,126,76,50.3,73.13,91.97,76.97,Grass,Kanto
902,Jasmine_2814,Vermilion City,Fire,Charmander,6,32.9,43.2,56.9,185.6,1,3.0,398,39.5,3,0,0,1702,49,6,4,0,1,0,52,3,3,107.0,124.2,2,0,0,0,,124,56,37.1,16.22,24.1,54.69,Electric,Kanto
903,Chuck_2998,Vermilion City,Fire,Charmander,6,51.8,53.3,87.7,224.5,3,11.2,358,65.5,3,1,4,1146,31,7,8,1,2,1,37,5,1,165.7,201.4,6,0,0,0,,192,49,32.5,54.74,91.16,38.06,Electric,Kanto
904,Brock_3726,Pallet Town,Water,Squirtle,3,47.6,50.9,83.2,282.6,1,4.9,589,60.0,2,1,3,1361,74,16,16,0,4,1,50,5,0,171.2,172.6,5,0,0,0,,71,78,51.7,14.03,97.42,98.79,None,Kanto
905,Ash_7999,Fuchsia City,Grass,Bulbasaur,1,62.9,66.0,53.5,315.9,2,9.3,514,47.9,3,1,5,1747,63,11,8,0,2,0,65,8,2,154.5,195.0,4,0,0,0,,139,68,45.0,57.65,19.59,66.19,Poison,Kanto
906,Gary_9748,Cinnabar Island,Fire,Charmander,6,21.6,35.4,70.6,117.6,3,1.5,131,60.5,3,0,9,1127,10,1,8,1,2,0,23,3,0,151.0,192.2,3,0,0,0,,96,55,36.4,93.26,52.97,6.93,Fire,Kanto
907,Duplica_7950,Vermilion City,Water,Squirtle,5,62.6,63.8,73.3,278.5,1,8.0,412,61.0,4,1,2,2319,44,8,12,0,0,4,62,6,0,118.8,119.2,6,0,0,0,,152,44,29.1,11.98,77.61,59.42,Electric,Kanto
908,Karen_8456,Fuchsia City,Water,Squirtle,6,21.5,26.5,75.6,286.1,3,1.9,167,53.5,2,1,3,1102,20,8,2,0,2,0,16,6,1,186.9,215.2,2,0,0,0,,71,38,25.2,61.97,64.24,24.78,Poison,Kanto
909,Lara_8119,Cerulean City,Water,Squirtle,6,43.5,47.0,74.7,94.5,1,5.2,138,46.7,2,0,0,729,27,4,6,0,5,1,24,4,1,117.9,130.1,2,0,0,0,,112,28,18.5,4.25,56.72,14.59,Water,Kanto
910,Lara_9772,Fuchsia City,Grass,Bulbasaur,4,51.4,62.9,54.7,171.9,3,8.9,398,52.1,2,0,4,1902,48,10,12,0,1,0,58,6,0,153.6,175.6,4,0,0,0,,161,64,42.4,57.39,4.6,54.12,Poison,Kanto
911,Green_5915,Cerulean City,Fire,Charmander,3,47.3,90.8,44.4,280.5,2,6.6,536,40.8,3,1,0,1387,48,16,14,1,4,2,69,3,2,181.1,196.8,4,0,0,0,,115,65,43.0,5.8,30.03,85.89,Water,Kanto
912,Chuck_2836,Lavender Town,Grass,Bulbasaur,6,44.1,52.2,64.6,132.9,1,2.6,379,46.9,3,0,1,1743,47,7,11,0,3,2,40,3,0,119.7,122.2,2,0,0,0,,94,45,29.8,9.91,29.08,65.23,Ghost,Kanto
913,Lorelei_4337,Lavender Town,Water,Squirtle,1,49.2,49.5,55.2,273.1,4,5.6,608,51.8,4,1,3,2311,66,11,10,0,3,3,74,5,0,177.2,182.2,6,0,0,0,,159,79,52.3,97.37,18.65,97.81,Ghost,Kanto
914,Koga_9948,Cerulean City,Fire,Charmander,3,45.9,47.4,90.0,208.3,2,8.9,181,73.5,3,1,6,1758,22,7,8,0,1,2,26,10,2,147.1,155.4,7,0,0,0,,152,47,31.1,95.04,74.07,9.11,Water,Kanto
915,James_4808,Saffron City,Water,Squirtle,6,35.8,36.0,80.7,123.0,1,4.2,254,54.8,3,0,4,1504,39,5,9,0,4,1,27,7,0,150.4,156.0,4,0,0,0,,121,33,21.9,32.17,93.84,23.61,Psychic,Kanto
916,Yellow_5075,Vermilion City,Fire,Charmander,3,30.8,38.7,71.6,184.1,1,0.2,298,41.0,3,0,1,1587,45,13,10,0,1,3,44,2,1,112.9,145.6,2,0,0,0,,120,46,30.5,27.66,73.49,54.64,Electric,Kanto
917,Koga_6905,Saffron City,Water,Squirtle,6,40.1,72.8,52.7,117.7,1,5.9,119,59.7,3,0,2,2301,12,6,5,0,3,1,26,3,1,119.1,120.8,5,0,0,0,,149,32,21.2,39.96,43.43,9.44,Psychic,Kanto
918,Aya_2501,Celadon City,Fire,Charmander,5,18.3,18.6,76.5,198.0,3,0.0,10,49.5,4,1,1,2119,2,4,3,0,3,1,8,6,0,138.7,158.8,2,0,0,0,,68,9,6.0,50.87,54.9,0.64,Grass,Kanto
919,Lance_8896,Cerulean City,Grass,Bulbasaur,5,35.6,40.1,71.8,164.6,3,0.2,359,56.4,4,0,7,1968,46,12,5,0,3,0,49,1,1,107.1,126.4,4,0,0,0,,96,46,30.5,3.46,96.67,63.85,Water,Kanto
920,Crystal_7926,Fuchsia City,Grass,Bulbasaur,6,34.3,34.9,83.1,165.7,2,2.3,87,59.6,3,0,4,2058,9,7,4,1,1,0,18,6,2,118.5,150.7,4,0,0,0,,71,38,25.2,59.82,99.09,9.31,Poison,Kanto
921,Duplica_4218,Lavender Town,Grass,Bulbasaur,6,35.2,42.3,47.6,216.8,4,0.3,370,31.7,3,0,4,1893,60,14,16,0,0,1,53,5,2,150.6,167.4,2,0,0,0,,90,68,45.0,72.17,4.94,72.53,Ghost,Kanto
922,Gold_7470,Pallet Town,Fire,Charmander,2,36.7,55.0,87.1,252.4,3,0.5,259,55.0,3,0,3,1508,37,15,5,0,1,1,35,6,2,120.8,125.5,5,0,0,0,,73,43,28.5,3.13,72.08,35.85,None,Kanto
923,Green_1014,Celadon City,Grass,Bulbasaur,6,43.6,45.0,51.2,283.7,4,5.6,562,33.6,4,0,5,2529,75,14,7,0,1,1,58,7,2,121.7,124.3,3,0,0,0,,71,74,49.0,56.29,14.79,88.57,Grass,Kanto
924,Brock_1585,Fuchsia City,Fire,Charmander,3,25.9,40.5,55.3,236.1,2,0.5,301,21.0,4,1,2,1771,37,10,8,0,2,0,31,1,0,150.7,154.4,1,0,0,0,,14,40,26.5,25.96,6.3,51.81,Poison,Kanto
925,Daisy_9554,Pallet Town,Grass,Bulbasaur,6,41.8,61.0,43.8,218.5,2,1.9,474,54.8,2,1,7,1209,48,12,8,0,1,0,55,2,0,121.7,137.0,2,0,0,0,,152,83,55.0,98.43,17.18,70.57,None,Kanto
926,AJ_8927,Cerulean City,Water,Squirtle,3,47.9,63.9,63.0,143.0,2,5.1,493,53.4,4,0,9,1986,50,11,6,1,2,1,49,1,3,182.9,196.5,5,0,0,0,,80,63,41.7,63.76,33.75,75.92,Water,Kanto
927,Morty_5111,Viridian City,Grass,Bulbasaur,6,35.9,39.3,82.3,230.1,3,7.5,310,85.8,2,1,6,1255,45,5,4,1,3,0,35,5,3,169.1,178.5,8,1,1,1,323.0,124,49,32.5,79.53,92.96,35.34,Ground,Kanto
928,Erika_9687,Viridian City,Fire,Charmander,6,71.4,74.5,61.8,287.5,1,11.4,477,51.4,4,1,3,2266,47,12,15,1,1,0,46,1,1,147.4,156.8,6,0,0,0,,202,86,57.0,40.65,25.32,69.39,Ground,Kanto
929,Ash_2634,Cinnabar Island,Fire,Charmander,4,25.0,63.1,64.4,187.8,2,0.3,42,48.3,4,1,4,1951,14,2,0,1,2,2,14,7,0,140.8,159.6,3,0,0,0,,90,24,15.9,85.39,71.13,10.37,Fire,Kanto
930,Jasmine_4076,Celadon City,Grass,Bulbasaur,5,30.8,40.6,86.0,182.0,1,1.4,451,65.1,1,0,3,896,51,12,13,0,6,0,55,2,1,144.7,246.2,5,0,0,0,,94,72,47.7,44.99,99.88,82.2,Grass,Kanto
931,Falkner_2429,Pewter City,Water,Squirtle,6,72.9,84.9,65.9,247.7,4,15.0,238,70.3,3,1,4,2098,22,7,8,1,1,2,30,4,2,179.1,181.4,7,0,0,0,,235,46,30.5,76.06,22.35,19.63,Rock,Kanto
932,Gary_6709,Fuchsia City,Water,Squirtle,6,72.2,81.4,45.3,222.9,2,15.0,293,42.3,3,1,2,1668,43,4,4,0,3,0,35,3,1,217.9,219.3,5,0,0,0,,200,47,31.1,43.08,14.43,9.54,Poison,Kanto
933,Green_6282,Cerulean City,Fire,Charmander,2,26.4,33.3,61.2,160.9,1,2.4,179,25.5,4,0,2,1943,15,6,0,1,2,1,29,2,0,148.1,150.3,1,0,0,0,,98,46,30.5,63.69,28.18,8.18,Water,Kanto
934,Lorelei_9316,Pallet Town,Water,Squirtle,6,31.4,50.4,72.3,276.3,2,0.4,385,63.2,2,1,4,1239,53,8,9,0,4,1,43,12,3,155.2,155.4,4,0,0,0,,76,81,53.6,85.47,78.11,70.04,None,Kanto
935,Lara_8722,Viridian City,Water,Squirtle,3,70.9,93.4,50.4,342.1,3,9.9,655,53.6,3,1,5,1710,70,15,10,1,4,0,81,3,0,184.1,197.8,7,0,0,0,,147,100,66.2,77.95,10.24,97.14,Ground,Kanto
936,Brock_9157,Pallet Town,Water,Squirtle,6,41.6,45.1,72.5,137.2,1,5.1,151,54.4,2,0,3,1361,30,3,8,1,1,3,17,7,1,128.8,146.9,4,0,0,0,,97,27,17.9,67.82,57.35,19.76,None,Kanto
937,Blue_7551,Cerulean City,Fire,Charmander,5,26.2,30.2,79.7,131.2,1,0.4,193,40.0,3,0,0,1605,32,7,6,0,2,4,31,3,2,112.7,135.5,1,0,0,0,,45,27,17.9,22.72,86.33,20.45,Water,Kanto
938,Tracey_3779,Viridian City,Water,Squirtle,4,30.8,35.6,71.4,155.6,1,3.2,129,52.1,3,0,1,1362,22,2,11,0,1,0,14,4,1,144.4,159.9,3,0,0,0,,49,40,26.5,32.11,56.19,8.7,Ground,Kanto
939,Bill_9061,Cerulean City,Grass,Bulbasaur,1,44.0,47.4,61.9,317.0,2,4.6,499,43.7,4,1,1,2074,72,12,12,1,0,1,55,3,0,136.3,152.9,4,0,0,0,,118,67,44.4,36.02,28.34,71.41,Water,Kanto
940,Surge_9164,Saffron City,Water,Squirtle,2,28.5,34.5,58.3,133.1,2,3.2,10,28.8,4,0,1,2023,11,1,5,0,3,2,8,5,3,131.9,134.9,0,0,0,0,,117,18,11.9,55.27,22.06,6.64,Psychic,Kanto
941,Koga_1397,Pallet Town,Water,Squirtle,4,37.3,38.3,48.0,251.1,2,3.4,97,34.2,4,1,1,2159,16,4,7,1,4,0,13,6,0,150.7,157.2,3,0,0,0,,122,20,13.2,39.4,8.56,12.67,None,Kanto
942,Giselle_9590,Vermilion City,Water,Squirtle,5,26.2,26.2,58.1,152.9,4,0.3,381,34.6,2,0,2,969,40,12,4,0,1,1,40,7,0,163.2,165.3,3,0,0,0,,92,45,29.8,47.79,36.25,54.48,Electric,Kanto
943,Jessie_8732,Lavender Town,Water,Squirtle,6,49.4,58.1,68.6,258.1,1,5.4,339,46.3,2,1,0,1315,39,13,11,1,3,1,46,9,0,154.5,168.7,4,0,0,0,,122,53,35.1,13.74,76.73,43.87,Ghost,Kanto
944,AJ_8338,Viridian City,Fire,Charmander,2,26.6,28.5,72.1,137.0,6,1.1,321,61.8,3,0,5,1560,51,18,6,0,1,0,43,3,4,176.4,179.2,5,0,0,0,,92,50,33.1,81.35,74.06,50.43,Ground,Kanto
945,James_8083,Lavender Town,Water,Squirtle,6,38.3,42.2,66.0,246.9,4,1.7,448,53.4,2,1,1,933,43,7,8,1,1,3,57,4,0,164.6,165.1,5,0,0,0,,105,64,42.4,82.32,67.15,67.83,Ghost,Kanto
946,Blue_6012,Pallet Town,Fire,Charmander,3,46.6,56.2,63.3,249.1,3,6.0,428,56.4,4,1,2,2573,46,7,12,1,1,2,46,3,0,127.2,166.5,5,0,0,0,,129,70,46.4,40.89,61.05,53.43,None,Kanto
947,Bill_6703,Pewter City,Water,Squirtle,5,40.9,41.9,60.8,239.8,6,2.4,379,52.3,2,0,4,926,55,9,10,0,0,0,50,3,1,131.2,143.8,6,0,0,0,,41,56,37.1,67.67,46.82,79.23,Rock,Kanto
948,Blue_4497,Lavender Town,Water,Squirtle,1,41.2,42.4,52.4,251.7,2,2.4,274,53.7,4,1,4,2248,43,7,7,1,1,3,42,7,2,162.5,163.5,6,0,0,0,,148,56,37.1,75.35,17.47,55.36,Ghost,Kanto
949,Jessie_7482,Lavender Town,Water,Squirtle,3,36.3,56.2,79.5,163.3,1,7.1,243,51.6,2,0,1,890,25,12,6,0,2,1,23,2,0,112.9,137.4,3,0,0,0,,171,38,25.2,19.14,51.71,19.09,Ghost,Kanto
950,Yellow_5624,Vermilion City,Grass,Bulbasaur,2,56.6,62.0,65.7,298.3,5,4.3,660,58.2,3,1,0,2031,63,19,16,0,1,1,77,1,0,123.8,133.0,5,0,0,0,,102,69,45.7,13.46,74.73,96.36,Electric,Kanto
951,Clair_3299,Pewter City,Fire,Charmander,3,26.2,27.0,58.3,129.6,3,0.7,98,18.6,4,0,8,1667,23,2,8,1,2,1,15,4,0,113.4,131.6,1,0,0,0,,112,25,16.6,19.57,0.96,13.51,Rock,Kanto
952,Duplica_8581,Vermilion City,Water,Squirtle,6,53.3,74.8,59.8,282.5,3,6.6,499,62.3,4,1,5,2332,77,14,19,0,5,2,68,1,1,149.5,180.2,6,0,0,0,,110,65,43.0,45.0,16.91,89.47,Electric,Kanto
953,Surge_6523,Pallet Town,Grass,Bulbasaur,6,81.7,82.0,86.0,329.9,4,15.0,445,95.9,3,1,3,2034,59,11,13,1,4,1,50,4,1,192.1,203.0,8,1,1,1,469.0,245,72,47.7,70.6,94.06,54.7,None,Kanto
954,Misty_6858,Fuchsia City,Water,Squirtle,5,34.9,35.9,48.4,130.6,3,2.8,285,55.5,1,0,2,670,28,3,7,0,2,1,35,7,1,143.1,151.3,4,0,0,0,,52,52,34.4,98.31,9.72,40.67,Poison,Kanto
955,Tracey_2542,Pewter City,Grass,Bulbasaur,6,57.4,60.3,76.4,253.5,3,8.6,408,66.5,1,1,2,630,46,8,8,0,1,0,43,4,1,160.2,176.6,7,0,0,0,,93,41,27.2,67.62,78.55,33.08,Rock,Kanto
956,Blue_8839,Saffron City,Water,Squirtle,6,42.3,56.4,46.0,117.4,4,4.3,220,46.6,3,0,2,2377,42,5,9,1,2,0,26,7,2,151.0,157.1,5,0,0,0,,128,61,40.4,75.3,23.38,35.73,Psychic,Kanto
957,Giovanni_9893,Saffron City,Grass,Bulbasaur,6,38.3,48.8,70.6,199.6,1,3.0,264,66.4,3,1,0,1765,42,5,7,0,1,2,27,4,1,154.9,162.0,4,0,0,0,,135,28,18.5,58.2,98.91,39.87,Psychic,Kanto
958,Brock_3282,Pewter City,Grass,Bulbasaur,5,36.2,41.8,68.7,136.0,1,5.4,227,62.2,3,0,2,1827,41,4,13,0,3,2,33,9,1,144.0,149.7,3,0,0,0,,76,45,29.8,74.46,77.23,41.6,Rock,Kanto
959,Pryce_1980,Vermilion City,Water,Squirtle,4,29.8,47.0,56.7,232.2,2,1.9,272,37.6,3,1,0,1569,39,9,5,1,3,0,39,2,2,82.0,125.4,2,0,0,0,,105,39,25.8,56.64,28.67,48.7,Electric,Kanto
960,Gary_7188,Saffron City,Grass,Bulbasaur,4,42.5,49.6,57.0,151.4,5,3.7,305,54.4,3,0,5,1561,28,9,5,0,0,2,36,9,1,129.6,134.0,5,0,0,0,,89,55,36.4,72.7,37.11,36.63,Psychic,Kanto
961,Koga_7519,Pewter City,Water,Squirtle,6,41.1,51.4,78.7,275.7,2,5.2,306,66.4,2,1,4,1796,34,10,4,0,3,2,43,6,3,170.6,178.1,5,0,0,0,,112,50,33.1,66.31,82.16,30.5,Rock,Kanto
962,Lorelei_7371,Celadon City,Water,Squirtle,6,40.2,47.7,59.7,209.8,1,6.8,329,40.6,3,1,2,1529,39,8,7,1,2,1,43,5,2,140.9,142.4,2,0,0,0,,88,60,39.7,12.06,78.27,54.59,Grass,Kanto
963,Lara_9848,Cinnabar Island,Fire,Charmander,6,57.1,63.8,59.5,256.6,4,9.0,513,44.1,4,1,3,2394,72,17,19,0,5,2,53,3,2,129.5,135.5,5,0,0,0,,149,69,45.7,25.54,29.2,77.91,Fire,Kanto
964,Agatha_6862,Cinnabar Island,Fire,Charmander,6,24.8,25.8,69.2,212.4,1,0.8,269,52.2,2,1,5,649,44,9,9,0,2,1,30,4,0,171.7,174.3,2,0,0,0,,97,48,31.8,62.46,77.7,49.1,Fire,Kanto
965,Blaine_7872,Lavender Town,Water,Squirtle,5,44.1,45.7,64.5,251.4,3,5.8,337,60.9,3,1,3,1585,39,12,10,0,3,2,40,3,1,146.9,148.9,5,0,0,0,,119,43,28.5,96.63,24.79,46.62,Ghost,Kanto
966,Silver_4677,Pallet Town,Water,Squirtle,3,27.1,70.2,46.8,141.5,1,1.4,328,17.4,2,0,3,800,27,9,10,0,1,2,31,4,0,104.6,123.4,0,0,0,0,,110,46,30.5,14.71,5.67,54.07,None,Kanto
967,Chuck_3356,Fuchsia City,Grass,Bulbasaur,6,51.1,60.0,51.0,200.7,4,13.8,181,54.2,4,1,2,2491,9,8,5,1,2,0,35,2,4,123.4,186.7,6,0,0,0,,192,36,23.8,52.83,36.78,5.87,Poison,Kanto
968,Green_8879,Fuchsia City,Water,Squirtle,6,23.5,28.9,61.6,59.4,1,1.4,141,35.1,3,0,3,1565,13,6,4,0,0,1,28,2,2,139.6,146.8,0,0,0,0,,109,38,25.2,39.29,18.83,2.45,Poison,Kanto
969,Karen_9793,Saffron City,Water,Squirtle,6,65.6,81.6,64.6,268.0,6,11.9,400,75.1,2,1,6,1120,63,6,11,1,6,1,51,7,4,131.5,154.8,8,1,1,1,416.0,182,66,43.7,78.53,48.5,43.12,Psychic,Kanto
970,Janine_7668,Fuchsia City,Fire,Charmander,6,37.1,38.4,102.8,257.6,4,0.4,561,45.3,3,1,1,2262,76,12,9,0,1,1,63,8,3,144.7,179.7,5,0,0,0,,74,71,47.0,0.09,85.61,93.41,Poison,Kanto
971,Morty_3030,Cinnabar Island,Fire,Charmander,6,37.2,46.9,71.9,139.1,2,2.8,282,63.6,2,0,2,1387,27,6,5,0,2,1,42,3,3,114.2,115.9,4,0,0,0,,73,55,36.4,36.31,72.23,26.19,Fire,Kanto
972,Daisy_6254,Cinnabar Island,Grass,Bulbasaur,4,52.2,59.8,43.1,173.0,2,10.2,165,40.0,2,0,2,1276,22,4,4,1,5,0,18,4,2,132.8,136.7,4,0,0,0,,183,31,20.5,4.61,24.21,12.12,Fire,Kanto
973,Blaine_3524,Cerulean City,Fire,Charmander,5,34.0,35.2,43.8,168.7,1,0.9,323,45.0,3,0,0,1226,41,9,3,1,0,1,42,1,1,103.2,104.0,2,0,0,0,,58,33,21.9,23.99,13.87,54.09,Water,Kanto
974,Gary_2859,Cerulean City,Grass,Bulbasaur,6,31.4,58.5,84.3,156.7,1,0.8,261,59.0,3,0,1,1720,38,7,8,0,1,2,33,1,0,146.3,151.1,2,0,0,0,,105,36,23.8,30.62,82.55,35.39,Water,Kanto
975,Richie_2628,Lavender Town,Grass,Bulbasaur,2,31.4,33.0,42.4,248.1,3,1.2,486,57.3,2,1,7,1819,56,13,10,0,1,2,56,6,2,165.2,176.7,4,0,0,0,,85,84,55.6,99.05,17.44,90.99,Ghost,Kanto
976,Koga_1842,Cerulean City,Grass,Bulbasaur,4,46.0,80.7,63.6,172.1,2,6.2,347,43.4,3,0,2,1585,57,10,6,0,1,0,40,3,0,159.9,187.6,3,0,0,0,,172,51,33.8,20.96,59.31,44.18,Water,Kanto
977,Lara_2714,Pallet Town,Fire,Charmander,4,29.4,32.7,86.0,226.6,6,2.7,177,73.6,2,1,5,391,14,7,5,0,1,1,27,5,0,122.5,146.3,6,0,0,0,,118,38,25.2,95.21,94.23,15.51,None,Kanto
978,Misty_9801,Celadon City,Fire,Charmander,6,26.9,28.6,94.6,262.1,2,0.1,362,60.1,5,1,3,2288,54,15,4,0,1,1,45,8,1,129.9,137.5,4,0,0,0,,62,59,39.1,49.32,96.81,45.54,Grass,Kanto
979,Chuck_8913,Celadon City,Water,Squirtle,6,68.8,68.9,76.8,272.1,3,13.0,540,83.3,3,1,9,1772,63,11,10,1,2,0,66,5,1,148.8,168.7,8,1,1,1,546.0,188,82,54.3,90.8,65.76,86.98,Grass,Kanto
980,Misty_5121,Pallet Town,Grass,Bulbasaur,6,21.2,22.2,73.6,211.0,6,1.3,263,54.1,3,1,5,1516,39,4,3,1,1,0,45,7,1,125.0,138.4,4,0,0,0,,81,53,35.1,77.28,58.97,24.51,None,Kanto
981,Gary_8197,Viridian City,Water,Squirtle,5,55.4,61.2,93.0,250.8,6,8.1,423,60.9,4,1,0,2402,62,8,16,0,3,1,41,4,0,133.6,148.1,7,0,0,0,,152,48,31.8,20.74,87.95,63.39,Ground,Kanto
982,AJ_7947,Lavender Town,Fire,Charmander,5,51.6,53.0,55.3,157.5,5,6.6,416,50.4,3,0,3,1617,52,12,10,1,0,0,56,2,1,139.7,156.8,6,0,0,0,,187,75,49.7,52.35,18.49,72.52,Ghost,Kanto
983,Gold_4058,Cerulean City,Fire,Charmander,6,39.0,41.2,84.5,187.5,4,3.3,374,82.0,4,0,5,1708,36,9,9,1,4,1,48,6,0,110.6,136.8,6,0,0,0,,107,75,49.7,94.03,94.53,50.0,Water,Kanto
984,Blue_5121,Pallet Town,Fire,Charmander,4,30.4,33.1,81.5,96.8,1,3.2,80,41.3,4,0,0,2440,13,3,0,0,1,2,15,6,4,117.8,128.9,1,0,0,0,,90,23,15.2,42.34,76.31,2.32,None,Kanto
985,Bruno_2333,Vermilion City,Water,Squirtle,6,48.6,50.6,76.7,261.7,2,11.1,378,72.9,4,1,3,1712,39,12,11,1,4,0,39,5,0,95.2,100.4,7,0,0,0,,223,55,36.4,27.16,63.48,42.8,Electric,Kanto
986,Bugsy_3049,Saffron City,Water,Squirtle,3,18.3,19.1,62.9,127.0,2,0.7,163,35.7,3,0,7,1428,35,3,3,1,1,0,22,4,1,176.8,177.0,1,0,0,0,,73,50,33.1,96.88,11.47,23.02,Psychic,Kanto
987,Surge_9864,Lavender Town,Grass,Bulbasaur,1,63.6,64.3,77.1,277.2,2,8.7,467,56.7,3,1,6,1821,59,12,14,1,5,0,62,3,1,137.7,143.9,6,0,0,0,,211,52,34.4,37.13,60.04,76.46,Ghost,Kanto
988,Ash_4692,Fuchsia City,Water,Squirtle,1,28.7,39.9,55.3,175.1,3,0.6,167,47.9,4,1,2,1705,22,3,4,1,1,2,30,6,1,161.4,165.5,3,0,0,0,,37,21,13.9,10.81,46.17,27.13,Poison,Kanto
989,Richie_3544,Cerulean City,Water,Squirtle,6,49.2,51.8,76.1,308.5,2,5.3,557,77.2,2,1,2,1286,60,12,13,0,0,0,77,8,2,161.6,174.4,6,0,0,0,,78,75,49.7,82.62,93.66,80.87,Water,Kanto
990,Yellow_6139,Cerulean City,Grass,Bulbasaur,6,40.8,42.8,44.9,186.8,1,1.7,353,36.5,4,0,6,2051,47,10,13,0,3,1,37,5,0,124.7,129.0,2,0,0,0,,82,68,45.0,77.21,0.56,56.04,Water,Kanto
991,Gary_7421,Pewter City,Fire,Charmander,4,30.8,32.4,71.5,255.1,2,0.7,369,68.1,3,1,5,1350,35,15,7,1,1,0,29,5,0,110.8,120.5,5,0,0,0,,66,39,25.8,17.92,98.33,46.36,Rock,Kanto
992,AJ_8476,Celadon City,Grass,Bulbasaur,6,35.2,43.2,74.9,243.0,1,3.4,537,61.7,3,1,6,1657,63,8,17,0,6,1,68,4,3,141.1,159.9,4,0,0,0,,123,78,51.7,48.82,72.55,95.14,Grass,Kanto
993,Blaine_3110,Lavender Town,Fire,Charmander,5,23.1,33.6,78.7,123.7,2,0.2,193,50.5,3,0,3,1107,27,5,8,0,4,1,21,4,0,138.3,142.9,3,0,0,0,,37,40,26.5,20.75,59.38,29.82,Ghost,Kanto
994,Giovanni_6919,Viridian City,Grass,Bulbasaur,6,42.8,46.0,68.0,297.3,4,3.1,418,52.6,3,1,0,1564,49,10,10,0,3,0,65,6,1,131.2,140.8,5,0,0,0,,62,39,25.8,24.98,74.75,72.18,Ground,Kanto
995,Green_4092,Fuchsia City,Water,Squirtle,3,36.8,47.8,58.7,186.1,2,2.8,437,44.2,4,0,4,2757,44,9,14,0,3,0,49,2,1,124.9,155.7,3,0,0,0,,73,45,29.8,73.61,8.92,62.8,Poison,Kanto
996,Gold_3871,Pewter City,Grass,Bulbasaur,4,47.7,54.8,48.8,259.3,1,7.1,572,43.9,4,1,5,2882,63,12,10,1,3,0,74,2,0,174.8,179.6,4,0,0,0,,115,94,62.3,60.06,6.17,95.79,Rock,Kanto
997,Clair_9115,Cinnabar Island,Fire,Charmander,5,41.4,50.4,54.3,225.9,1,4.5,395,26.1,3,0,2,1561,50,9,12,0,3,1,57,4,2,151.5,152.7,2,0,0,0,,57,43,28.5,6.78,42.38,69.68,Fire,Kanto
998,Surge_8071,Lavender Town,Grass,Bulbasaur,4,31.4,32.0,65.0,226.6,6,3.7,229,83.6,3,1,1,1836,42,9,4,0,3,2,27,3,0,115.1,140.7,6,0,0,0,,102,28,18.5,69.01,83.77,38.48,Ghost,Kanto
999,Bill_3556,Pallet Town,Fire,Charmander,6,71.0,82.6,80.9,170.6,2,14.4,245,89.2,3,1,5,2031,23,3,11,0,6,0,21,4,2,133.8,138.4,7,0,0,0,,179,46,30.5,66.38,87.99,8.33,None,Kanto
1000,Giselle_3350,Saffron City,Grass,Bulbasaur,3,26.7,28.9,79.6,125.0,1,0.4,227,56.8,3,0,4,1844,27,5,11,0,0,2,29,8,1,157.1,182.8,2,0,0,0,,46,35,23.2,92.55,87.79,21.68,Psychic,Kanto
1001,Casey_2257,Saffron City,Water,Squirtle,6,61.3,66.9,57.9,192.8,3,11.4,332,45.8,3,0,1,1636,47,5,2,1,2,0,40,5,1,120.0,139.3,5,0,0,0,,194,29,19.2,11.77,31.16,36.9,Psychic,Kanto
1002,Giselle_9794,Celadon City,Fire,Charmander,6,32.8,48.1,54.1,184.1,4,0.1,428,54.8,3,0,5,1910,52,13,14,0,2,0,41,5,1,152.0,160.6,4,0,0,0,,2,69,45.7,94.14,30.68,82.63,Grass,Kanto
1003,Giovanni_8607,Saffron City,Grass,Bulbasaur,6,31.3,55.4,73.6,163.5,3,1.6,341,54.1,2,1,2,1291,57,11,15,0,2,0,42,1,1,158.9,176.7,4,0,0,0,,81,38,25.2,36.65,78.85,75.97,Psychic,Kanto
1004,Falkner_5066,Cerulean City,Grass,Bulbasaur,5,43.3,53.4,60.7,281.7,2,4.1,203,43.9,4,1,2,1807,38,4,7,0,4,1,31,3,2,110.3,132.3,3,0,0,0,,125,29,19.2,30.08,14.4,29.53,Water,Kanto
1005,Todd_5609,Fuchsia City,Fire,Charmander,2,38.2,52.2,69.4,146.2,2,1.6,229,49.5,2,0,5,984,53,8,9,0,1,0,26,6,2,175.2,255.0,3,0,0,0,,101,51,33.8,87.95,20.05,30.33,Poison,Kanto
1006,Stella_9893,Lavender Town,Grass,Bulbasaur,6,33.9,40.2,41.2,161.7,1,1.5,147,37.5,2,0,4,1583,34,5,4,0,2,0,24,3,2,132.3,162.3,2,0,0,0,,85,31,20.5,52.92,2.73,3.95,Ghost,Kanto
1007,Casey_5765,Cinnabar Island,Water,Squirtle,6,55.5,65.2,80.7,268.1,2,9.8,516,70.1,2,1,5,1033,51,14,14,0,2,0,63,5,1,103.6,119.5,6,0,0,0,,178,66,43.7,29.01,91.22,77.91,Fire,Kanto
1008,Erika_9973,Pewter City,Fire,Charmander,1,38.8,52.6,63.9,201.0,2,1.3,204,58.1,3,0,5,1526,26,6,8,0,0,2,30,2,1,147.1,175.2,3,0,0,0,,93,42,27.8,92.41,59.83,29.21,Rock,Kanto
1009,Lara_5034,Cerulean City,Water,Squirtle,4,41.5,42.7,80.6,130.1,3,6.5,216,67.1,2,0,4,659,32,7,7,1,2,1,26,5,1,145.1,183.0,6,0,0,0,,151,48,31.8,9.03,92.83,22.59,Water,Kanto
1010,Pryce_4345,Pallet Town,Water,Squirtle,6,35.1,51.0,69.5,199.9,4,1.2,518,44.7,1,0,3,509,77,13,6,0,2,0,58,6,2,149.2,174.4,3,0,0,0,,116,54,35.8,47.77,44.87,85.55,None,Kanto
1011,Clair_5288,Cerulean City,Water,Squirtle,6,29.2,37.0,46.7,227.4,1,0.3,391,51.6,4,0,3,2459,26,16,10,0,1,1,41,4,2,158.1,167.7,3,0,0,0,,154,48,31.8,86.36,0.52,61.2,Water,Kanto
1012,Ash_1898,Cerulean City,Fire,Charmander,6,39.1,43.9,60.1,282.5,1,2.4,357,32.3,2,1,0,1035,49,10,12,1,1,2,43,6,0,133.8,134.9,2,0,0,0,,95,46,30.5,24.34,22.59,59.35,Water,Kanto
1013,Daisy_6514,Cinnabar Island,Fire,Charmander,4,38.5,51.4,55.2,98.0,1,4.5,256,39.0,4,0,2,2187,26,12,7,1,2,0,34,4,2,132.4,139.9,2,0,0,0,,96,15,9.9,43.64,14.25,22.53,Fire,Kanto
1014,Lorelei_1887,Pallet Town,Fire,Charmander,6,25.0,31.3,76.2,181.8,3,0.7,360,66.3,2,0,3,1430,54,9,8,0,2,3,42,2,2,153.1,173.1,4,0,0,0,,81,45,29.8,76.15,78.52,54.55,None,Kanto
1015,Koga_6406,Celadon City,Grass,Bulbasaur,3,29.1,35.8,59.6,294.1,4,1.8,322,76.2,5,1,7,2426,51,10,10,0,1,2,32,5,0,192.8,194.0,6,0,0,0,,109,57,37.7,99.99,70.25,61.11,Grass,Kanto
1016,Blaine_4854,Pallet Town,Grass,Bulbasaur,6,31.3,43.5,54.1,0.0,2,2.2,141,36.6,3,0,4,1735,19,7,4,1,3,0,18,4,1,104.8,138.1,3,0,0,0,,72,41,27.2,51.18,4.95,9.43,None,Kanto
1017,Tracey_2818,Pewter City,Fire,Charmander,2,25.9,33.8,53.6,221.8,1,1.8,354,36.0,3,0,3,1305,36,8,8,0,4,0,57,3,0,137.6,152.3,2,0,0,0,,60,26,17.2,19.79,7.34,51.54,Rock,Kanto
1018,Samurai_3392,Lavender Town,Fire,Charmander,6,59.2,68.0,44.3,205.5,4,13.0,182,50.3,2,1,1,362,16,4,17,1,0,0,29,5,2,157.5,158.7,6,0,0,0,,155,35,23.2,11.32,10.61,15.79,Ghost,Kanto
1019,Sabrina_2807,Saffron City,Water,Squirtle,6,73.4,85.9,64.1,183.2,4,14.7,252,63.6,4,1,3,1947,30,10,4,0,1,0,26,6,2,132.8,163.7,7,0,0,0,,191,44,29.1,30.87,40.43,27.88,Psychic,Kanto
1020,Ash_9078,Viridian City,Grass,Bulbasaur,5,37.2,54.4,58.9,206.2,3,2.1,308,62.0,3,1,3,1738,23,7,7,0,6,2,46,7,1,182.1,188.5,4,0,0,0,,74,66,43.7,89.28,55.49,42.62,Ground,Kanto
1021,Gary_3103,Celadon City,Fire,Charmander,6,38.6,77.2,80.5,242.8,3,4.1,283,84.7,2,1,7,662,56,10,6,0,1,0,30,2,1,157.3,173.3,7,0,0,0,,78,58,38.4,80.2,89.76,56.84,Grass,Kanto
1022,Agatha_8902,Vermilion City,Grass,Bulbasaur,4,31.1,45.2,81.6,301.4,2,3.7,469,65.0,4,1,6,2351,60,10,12,1,2,1,52,3,2,137.3,165.1,5,0,0,0,,96,87,57.6,72.77,89.27,72.54,Electric,Kanto
1023,Koga_6238,Fuchsia City,Fire,Charmander,4,53.0,54.1,63.6,182.6,5,7.3,435,36.8,3,0,3,1869,42,7,8,0,2,2,48,5,1,138.0,145.0,4,0,0,0,,151,64,42.4,37.67,20.72,56.59,Poison,Kanto
1024,Aya_6354,Lavender Town,Fire,Charmander,3,60.3,62.0,71.5,196.8,3,11.8,411,63.9,4,0,2,1773,46,8,8,0,2,2,51,6,1,139.8,143.2,6,0,0,0,,224,65,43.0,32.32,58.87,37.46,Ghost,Kanto
1025,Gary_9042,Celadon City,Grass,Bulbasaur,6,28.2,31.7,43.6,162.4,4,3.0,153,34.4,3,0,3,1105,22,4,5,0,1,0,25,8,1,146.4,160.3,1,0,0,0,,82,18,11.9,26.46,19.81,14.66,Grass,Kanto
1026,Tracey_6660,Fuchsia City,Water,Squirtle,3,34.8,35.0,54.5,114.9,4,2.2,192,56.7,3,0,4,1864,17,6,0,1,0,0,33,3,2,147.9,152.0,5,0,0,0,,111,31,20.5,75.62,20.67,24.52,Poison,Kanto
1027,Morty_6229,Viridian City,Water,Squirtle,4,28.2,33.2,32.9,97.5,4,0.4,176,56.6,2,0,4,461,21,7,3,0,3,2,30,10,0,183.7,213.9,5,0,0,0,,31,42,27.8,88.62,23.01,15.08,Ground,Kanto
1028,Clair_1946,Pallet Town,Water,Squirtle,4,28.8,41.5,76.8,229.4,4,1.8,155,73.6,2,1,2,1708,28,6,3,0,1,0,27,3,0,119.1,141.7,4,0,0,0,,80,17,11.3,60.77,92.3,15.35,None,Kanto
1029,Bill_2811,Saffron City,Fire,Charmander,4,23.2,44.2,83.5,152.4,1,2.2,240,59.9,3,0,0,1460,33,2,4,0,4,1,34,5,1,139.7,141.7,3,0,0,0,,65,51,33.8,40.85,75.99,16.97,Psychic,Kanto
1030,Koga_5522,Vermilion City,Fire,Charmander,6,35.5,39.1,56.6,151.3,2,3.9,378,64.8,3,0,0,2138,42,10,5,1,5,1,43,3,0,156.0,204.4,4,0,0,0,,102,57,37.7,66.79,48.8,47.08,Electric,Kanto
1031,Blaine_3066,Lavender Town,Fire,Charmander,6,40.1,44.5,65.9,198.7,2,3.0,477,63.8,2,0,1,1203,58,14,10,0,1,1,62,8,3,143.6,162.6,5,0,0,0,,94,69,45.7,48.97,77.09,78.77,Ghost,Kanto
1032,Giovanni_8202,Viridian City,Water,Squirtle,6,36.2,36.6,37.4,221.9,2,2.9,314,43.4,2,1,7,1518,52,5,11,0,3,1,47,5,0,160.4,178.2,2,0,0,0,,96,52,34.4,65.8,15.79,54.31,Ground,Kanto
1033,AJ_7356,Pewter City,Grass,Bulbasaur,6,59.0,77.2,101.9,273.1,4,8.7,499,64.1,2,1,3,898,53,9,9,1,3,1,56,7,1,124.8,142.7,6,0,0,0,,132,66,43.7,71.51,76.17,75.45,Rock,Kanto
1034,Koga_4761,Cerulean City,Water,Squirtle,6,52.3,61.5,76.3,184.2,2,10.5,233,72.9,2,1,4,1384,22,5,2,0,2,0,24,3,1,125.1,128.3,5,0,0,0,,113,30,19.9,60.97,65.76,10.49,Water,Kanto
1035,Falkner_8083,Celadon City,Fire,Charmander,5,31.3,55.4,50.5,217.0,5,0.3,526,46.2,3,0,4,1607,68,14,9,0,1,0,61,3,1,132.2,144.9,3,0,0,0,,83,82,54.3,51.26,18.74,82.76,Grass,Kanto
1036,Gary_5434,Saffron City,Fire,Charmander,4,36.8,56.8,68.2,191.5,1,2.1,213,27.5,4,0,0,1947,21,8,3,0,4,0,31,5,0,144.9,147.9,2,0,0,0,,87,38,25.2,4.01,37.58,29.92,Psychic,Kanto
1037,Giselle_5975,Viridian City,Water,Squirtle,5,24.7,25.6,50.2,102.8,1,2.4,99,63.1,3,0,2,1619,23,8,4,0,0,1,14,4,0,108.5,116.2,3,0,0,0,,48,27,17.9,72.96,23.07,2.31,Ground,Kanto
1038,Yellow_3503,Cinnabar Island,Water,Squirtle,6,32.7,40.2,86.7,200.2,1,1.3,410,72.9,4,0,6,2575,62,12,3,1,1,0,41,4,3,162.0,170.3,6,0,0,0,,80,67,44.4,46.87,94.68,66.3,Fire,Kanto
1039,Falkner_5290,Fuchsia City,Water,Squirtle,4,38.5,46.3,73.9,326.1,4,1.2,555,68.2,3,1,4,1820,57,11,14,0,2,2,72,5,3,172.4,178.7,6,0,0,0,,107,54,35.8,83.26,67.25,93.12,Poison,Kanto
1040,Surge_9655,Cinnabar Island,Water,Squirtle,3,38.2,48.8,65.9,278.9,2,4.2,243,51.4,3,1,4,2058,37,9,7,1,0,4,26,2,2,134.1,151.0,4,0,0,0,,118,54,35.8,86.54,77.36,36.74,Fire,Kanto
1041,AJ_9920,Cinnabar Island,Water,Squirtle,6,64.5,71.3,53.4,258.2,1,11.1,396,58.2,2,1,0,1373,42,15,13,0,3,1,46,5,1,123.1,128.4,6,0,0,0,,247,48,31.8,0.53,65.0,40.25,Fire,Kanto
1042,Janine_5922,Celadon City,Fire,Charmander,4,22.9,27.5,49.1,174.9,3,0.7,169,31.6,4,0,3,1803,19,5,3,0,3,1,30,7,1,131.0,148.2,2,0,0,0,,40,50,33.1,58.35,0.06,11.79,Grass,Kanto
1043,Giselle_3646,Cinnabar Island,Fire,Charmander,6,31.5,39.7,59.7,128.0,1,1.0,337,35.1,2,0,0,1012,42,5,10,0,4,0,51,2,0,158.9,162.4,2,0,0,0,,48,40,26.5,2.7,55.44,55.64,Fire,Kanto
1044,Green_3067,Saffron City,Water,Squirtle,6,22.5,25.0,75.7,194.0,4,0.9,170,54.9,1,0,2,547,25,6,6,0,4,2,26,3,3,116.5,129.9,4,0,0,0,,28,44,29.1,55.14,81.87,21.1,Psychic,Kanto
1045,Joe_5178,Lavender Town,Fire,Charmander,4,33.7,38.2,64.9,237.5,3,0.2,379,31.0,3,0,4,1834,63,14,2,0,2,0,49,7,1,165.0,175.2,2,0,0,0,,96,77,51.0,53.04,20.32,75.66,Ghost,Kanto
1046,Green_7589,Cinnabar Island,Fire,Charmander,2,19.4,21.5,64.8,164.5,1,0.2,304,46.4,4,0,5,1839,27,4,2,1,4,1,34,4,0,153.5,159.0,1,0,0,0,,68,34,22.5,66.58,13.6,41.66,Fire,Kanto
1047,Gold_4960,Pallet Town,Grass,Bulbasaur,1,34.2,48.9,60.6,176.1,4,2.2,523,45.2,3,0,1,1738,45,10,8,1,3,1,53,3,4,94.5,97.9,4,0,0,0,,63,59,39.1,8.92,30.16,65.88,None,Kanto
1048,Lara_5975,Saffron City,Water,Squirtle,6,70.0,72.7,55.8,333.4,6,12.1,540,58.7,3,1,8,2142,45,20,18,1,3,0,65,5,2,154.7,166.7,8,1,1,1,570.0,208,79,52.3,54.59,35.15,62.24,Psychic,Kanto
1049,Bruno_9105,Pewter City,Fire,Charmander,4,38.0,43.9,52.5,100.8,2,5.7,101,46.4,2,0,3,1319,27,6,6,0,2,1,14,8,3,160.6,168.7,4,0,0,0,,127,25,16.6,64.04,6.28,14.5,Rock,Kanto
1050,Richie_5648,Saffron City,Grass,Bulbasaur,6,59.7,67.3,66.0,243.9,1,8.5,449,61.3,5,1,4,2063,54,17,15,1,4,3,54,7,1,126.1,136.0,5,0,0,0,,182,71,47.0,21.99,88.22,72.47,Psychic,Kanto
1051,Red_8405,Celadon City,Fire,Charmander,6,38.4,65.4,66.7,249.8,3,3.8,365,52.4,4,1,3,2158,35,8,1,1,4,0,48,4,2,119.9,169.4,3,0,0,0,,104,69,45.7,53.75,43.98,29.85,Grass,Kanto
1052,Duplica_3652,Saffron City,Water,Squirtle,6,49.5,53.9,68.4,194.0,2,8.8,508,79.8,2,0,6,1275,48,7,15,0,2,0,54,3,2,157.5,158.1,6,0,0,0,,119,52,34.4,72.91,53.74,69.77,Psychic,Kanto
1053,Duplica_8427,Lavender Town,Grass,Bulbasaur,6,30.2,32.4,66.4,225.3,1,4.5,597,58.7,3,0,1,1630,59,20,12,0,5,0,70,2,3,166.8,184.2,3,0,0,0,,116,81,53.6,29.2,83.61,97.01,Ghost,Kanto
1054,Will_4422,Lavender Town,Water,Squirtle,4,30.3,60.1,81.5,217.5,5,1.0,557,69.1,2,0,9,1316,80,12,20,0,6,0,68,7,1,153.2,154.6,6,0,0,0,,159,112,74.2,75.96,79.2,98.73,Ghost,Kanto
1055,AJ_8602,Celadon City,Water,Squirtle,5,34.3,50.4,62.3,251.8,1,2.3,249,52.5,3,1,4,1535,30,11,5,0,0,0,32,9,4,177.4,178.5,2,0,0,0,,51,45,29.8,84.83,13.41,45.41,Grass,Kanto
1056,Richie_4724,Viridian City,Fire,Charmander,5,41.8,42.1,72.8,286.5,3,0.4,526,54.1,3,1,3,1343,70,9,16,0,3,1,53,3,1,161.2,162.9,4,0,0,0,,61,81,53.6,37.69,60.32,86.67,Ground,Kanto
1057,Koji_8770,Cerulean City,Fire,Charmander,6,25.1,27.8,46.5,250.4,2,2.5,334,33.8,3,1,2,1507,32,12,16,0,1,1,53,2,2,177.9,191.9,1,0,0,0,,89,63,41.7,92.94,6.52,67.47,Water,Kanto
1058,Richie_4922,Viridian City,Fire,Charmander,6,37.1,49.7,50.0,274.0,1,0.4,422,21.5,3,1,3,1734,55,7,15,0,1,3,53,2,0,104.0,118.6,1,0,0,0,,129,62,41.1,25.47,14.97,74.36,Ground,Kanto
1059,Janine_2181,Lavender Town,Grass,Bulbasaur,4,36.2,37.5,72.1,206.3,3,2.5,138,65.0,2,1,6,1017,14,6,6,0,4,0,24,3,1,161.4,190.1,4,0,0,0,,56,44,29.1,71.93,71.08,31.29,Ghost,Kanto
1060,Lara_3224,Fuchsia City,Grass,Bulbasaur,4,64.5,77.4,88.4,252.8,2,11.9,452,79.2,3,1,1,1643,42,11,12,1,2,1,51,2,1,126.8,165.3,7,0,0,0,,211,52,34.4,15.99,88.42,64.45,Poison,Kanto
1061,Jasmine_1342,Cinnabar Island,Grass,Bulbasaur,1,35.1,40.4,67.7,177.6,6,3.6,296,60.3,2,0,3,647,40,7,7,0,1,2,30,7,1,125.2,125.3,5,0,0,0,,78,52,34.4,68.2,33.72,43.58,Fire,Kanto
1062,Will_1694,Viridian City,Fire,Charmander,3,29.3,39.8,81.0,278.3,2,0.7,467,51.9,2,1,3,1172,59,15,12,1,2,2,68,0,1,153.2,161.3,4,0,0,0,,65,50,33.1,14.07,95.21,80.91,Ground,Kanto
1063,Blue_3633,Saffron City,Fire,Charmander,6,44.8,53.2,75.2,273.2,4,3.0,361,58.8,3,1,3,1160,49,7,12,1,4,0,50,8,0,115.3,121.3,5,0,0,0,,93,55,36.4,44.49,94.96,67.93,Psychic,Kanto
1064,Pryce_2120,Cinnabar Island,Fire,Charmander,2,39.6,40.3,72.6,264.3,4,4.0,379,53.5,2,1,2,1269,44,9,9,1,3,1,52,10,0,153.7,156.7,5,0,0,0,,93,45,29.8,80.69,53.65,60.43,Fire,Kanto
1065,Janine_3889,Pewter City,Fire,Charmander,5,34.1,38.0,42.6,215.6,1,2.3,236,36.7,4,1,2,2615,35,4,8,1,1,1,33,1,1,118.3,140.0,2,0,0,0,,43,38,25.2,65.94,5.56,39.53,Rock,Kanto
1066,Casey_9066,Pallet Town,Water,Squirtle,6,47.4,51.8,51.5,187.5,1,7.6,223,56.8,3,1,7,1880,26,5,1,0,1,0,46,7,2,133.1,138.5,3,0,0,0,,102,49,32.5,88.89,20.27,13.49,None,Kanto
1067,Lorelei_4310,Fuchsia City,Water,Squirtle,3,41.7,56.8,80.4,254.3,1,2.1,253,67.7,2,1,0,681,17,11,3,0,2,0,40,3,2,116.0,138.6,6,0,0,0,,97,34,22.5,46.88,77.79,31.18,Poison,Kanto
1068,James_3379,Cinnabar Island,Fire,Charmander,3,18.2,26.1,53.9,112.2,1,1.1,96,22.1,3,0,0,1393,30,4,2,1,1,0,20,2,2,146.7,151.8,1,0,0,0,,104,33,21.9,1.34,41.62,9.02,Fire,Kanto
1069,Jasmine_2611,Pewter City,Fire,Charmander,6,56.1,64.3,57.5,184.6,4,9.8,329,67.5,3,1,4,1887,45,4,8,1,2,1,34,5,0,149.4,163.0,7,0,0,0,,130,46,30.5,99.07,33.76,36.66,Rock,Kanto
1070,Brock_2808,Cerulean City,Grass,Bulbasaur,6,64.0,64.1,73.9,247.9,2,9.4,349,91.9,2,1,5,1056,47,10,6,0,5,1,51,4,1,154.0,156.3,8,1,1,1,352.0,152,67,44.4,74.25,89.27,44.01,Water,Kanto
1071,Surge_1064,Pewter City,Water,Squirtle,6,36.6,52.9,32.0,195.6,1,4.8,377,25.4,2,0,0,1027,40,8,9,0,2,0,36,2,3,136.7,138.6,1,0,0,0,,168,57,37.7,2.05,14.37,59.55,Rock,Kanto
1072,Pryce_1861,Pewter City,Grass,Bulbasaur,2,49.6,74.9,72.9,203.1,5,6.7,279,48.7,3,1,5,1562,40,12,10,0,1,2,36,9,1,105.6,113.7,5,0,0,0,,84,66,43.7,48.92,76.08,50.72,Rock,Kanto
1073,Casey_7025,Saffron City,Fire,Charmander,3,37.8,46.7,57.9,279.1,2,0.5,369,49.6,4,1,4,2211,56,8,8,0,0,2,43,8,3,206.4,213.8,3,0,0,0,,91,79,52.3,88.54,22.66,75.19,Psychic,Kanto
1074,Stella_1967,Cerulean City,Fire,Charmander,3,39.8,48.7,63.6,68.6,1,6.1,10,47.4,3,0,3,1650,7,2,14,1,3,1,8,5,1,126.4,138.8,5,0,0,0,,111,17,11.3,9.03,56.15,6.37,Water,Kanto
1075,Lorelei_8747,Cinnabar Island,Fire,Charmander,4,31.7,33.7,59.1,146.7,1,1.3,248,26.3,3,0,4,1631,35,14,4,1,1,2,23,4,0,169.3,183.4,1,0,0,0,,81,49,32.5,17.31,36.97,29.73,Fire,Kanto
1076,AJ_3568,Pallet Town,Grass,Bulbasaur,4,28.7,29.0,94.6,284.6,4,0.5,431,79.2,4,1,2,2202,45,9,6,1,4,1,43,7,2,172.7,183.8,6,0,0,0,,53,52,34.4,93.68,85.82,66.41,None,Kanto
1077,Koji_8025,Cerulean City,Water,Squirtle,4,41.8,58.9,66.8,158.9,3,3.4,298,50.3,3,0,3,1441,44,6,12,0,2,1,40,3,2,146.7,146.8,4,0,0,0,,136,51,33.8,53.56,62.84,42.7,Water,Kanto
1078,Gold_8998,Celadon City,Water,Squirtle,4,74.0,97.5,65.3,299.0,2,15.0,590,74.9,3,1,2,1970,81,13,17,1,4,3,63,5,2,150.7,167.9,7,0,0,0,,165,54,35.8,84.4,27.94,85.25,Grass,Kanto
1079,Lara_7635,Lavender Town,Grass,Bulbasaur,6,59.7,87.2,59.8,282.9,5,10.1,474,77.0,3,1,3,1836,56,11,15,0,2,0,55,7,1,158.6,160.7,8,1,1,1,505.0,125,62,41.1,94.01,46.38,69.71,Ghost,Kanto
1080,Gold_8157,Vermilion City,Water,Squirtle,1,35.7,36.8,79.1,286.2,6,0.4,534,64.5,3,0,2,2039,70,11,12,0,1,0,52,3,2,162.1,162.4,5,0,0,0,,76,59,39.1,61.5,86.88,97.41,Electric,Kanto
1081,Karen_6044,Cinnabar Island,Grass,Bulbasaur,3,39.2,39.7,58.3,173.7,3,3.7,149,49.5,3,1,0,1231,11,6,4,0,1,1,17,4,1,96.0,123.9,3,0,0,0,,77,13,8.6,8.56,63.14,11.46,Fire,Kanto
1082,Blue_5299,Fuchsia City,Grass,Bulbasaur,3,50.2,50.6,50.7,212.1,1,2.2,514,14.4,3,0,1,1792,66,14,13,0,2,2,43,5,3,131.5,151.2,0,0,0,0,,47,55,36.4,34.5,1.8,87.83,Poison,Kanto
1083,Bruno_6719,Viridian City,Fire,Charmander,3,36.4,49.5,60.4,200.9,4,1.2,511,54.9,4,0,6,2394,52,12,14,0,1,1,49,2,0,150.5,152.2,4,0,0,0,,88,67,44.4,89.28,30.35,82.33,Ground,Kanto
1084,Giovanni_4140,Lavender Town,Water,Squirtle,6,83.0,99.2,46.1,251.9,6,15.0,518,68.5,2,1,5,1600,47,11,12,1,2,0,60,4,0,149.7,167.6,8,1,1,1,529.0,235,72,47.7,50.88,13.82,58.65,Ghost,Kanto
1085,Aya_9521,Pewter City,Fire,Charmander,6,44.4,63.0,85.6,164.2,6,2.8,194,51.5,3,1,2,1636,26,10,2,0,0,0,30,1,1,73.1,82.0,6,0,0,0,,68,32,21.2,25.12,74.52,23.39,Rock,Kanto
1086,Ash_6416,Fuchsia City,Water,Squirtle,3,51.3,51.5,84.0,204.0,2,5.8,526,69.5,3,0,9,1862,70,11,15,0,5,2,53,3,1,130.4,148.5,6,0,0,0,,121,63,41.7,85.93,67.21,83.6,Poison,Kanto
1087,Falkner_9487,Pewter City,Grass,Bulbasaur,4,39.0,51.1,60.5,122.5,2,1.9,157,41.4,5,0,1,2865,25,5,4,0,0,0,31,5,0,102.7,109.5,2,0,0,0,,110,52,34.4,22.4,25.43,19.98,Rock,Kanto
1088,Joe_5022,Pallet Town,Grass,Bulbasaur,6,58.2,62.3,70.4,188.4,3,15.0,265,60.3,3,0,1,1893,29,5,3,1,2,0,34,2,3,159.7,161.6,6,0,0,0,,185,51,33.8,21.08,63.22,12.62,None,Kanto
1089,Sabrina_8583,Celadon City,Fire,Charmander,6,72.6,80.8,54.1,281.5,2,9.6,556,48.7,1,1,1,945,59,12,9,0,3,0,69,6,3,158.7,174.4,5,0,0,0,,145,69,45.7,33.71,17.3,98.4,Grass,Kanto
1090,Pryce_5630,Fuchsia City,Water,Squirtle,6,53.2,62.2,67.9,183.3,3,5.4,465,77.3,3,0,4,1910,54,11,11,1,1,1,59,6,1,187.6,190.6,8,1,1,1,483.0,97,73,48.3,94.06,55.01,78.16,Poison,Kanto
1091,Whitney_2976,Saffron City,Fire,Charmander,4,42.5,44.9,59.9,200.8,3,3.9,311,48.8,4,1,7,2417,41,5,12,0,5,1,33,2,1,164.7,183.1,3,0,0,0,,20,76,50.3,84.7,37.88,48.21,Psychic,Kanto
1092,Giselle_9787,Saffron City,Fire,Charmander,3,26.8,28.1,92.8,176.7,4,1.1,342,52.9,4,0,6,1873,46,8,4,1,3,0,47,7,1,142.7,143.2,3,0,0,0,,88,69,45.7,96.02,92.15,52.83,Psychic,Kanto
1093,Blue_8017,Cinnabar Island,Fire,Charmander,2,38.1,67.7,90.4,162.3,1,2.0,487,72.3,4,0,4,1728,65,10,12,1,1,0,65,4,1,170.6,177.9,5,0,0,0,,20,47,31.1,72.48,75.86,80.45,Fire,Kanto
1094,Bill_5316,Celadon City,Grass,Bulbasaur,4,31.4,35.4,76.2,127.3,2,0.9,149,62.6,2,0,1,919,22,3,6,1,0,0,20,9,2,144.3,151.0,4,0,0,0,,81,41,27.2,88.19,81.11,8.86,Grass,Kanto
1095,Brock_1059,Viridian City,Fire,Charmander,6,30.7,34.1,41.1,242.2,2,3.2,232,46.6,3,1,1,1775,27,5,6,0,3,0,36,8,4,123.7,137.3,2,0,0,0,,136,41,27.2,78.11,3.11,27.26,Ground,Kanto
1096,Richie_9814,Cinnabar Island,Fire,Charmander,6,47.6,76.6,72.0,223.7,2,4.4,431,71.8,2,1,3,717,46,13,12,0,2,0,47,5,0,157.2,173.0,6,0,0,0,,134,64,42.4,83.36,83.39,63.06,Fire,Kanto
1097,Jessie_8638,Cerulean City,Fire,Charmander,6,54.2,61.3,62.5,262.0,4,9.4,572,76.4,2,0,5,1301,68,21,19,1,6,2,80,4,1,148.0,148.9,7,0,0,0,,175,75,49.7,55.49,56.31,96.0,Water,Kanto
1098,AJ_9463,Vermilion City,Fire,Charmander,6,53.2,60.0,64.3,188.7,3,6.1,463,77.8,3,0,3,2170,69,5,15,0,4,1,51,5,0,179.5,190.4,8,1,1,1,487.0,153,65,43.0,53.01,73.58,84.4,Electric,Kanto
1099,Samurai_7163,Cerulean City,Fire,Charmander,3,45.6,53.7,59.0,166.3,2,5.0,433,36.9,4,0,4,2580,42,12,13,0,3,0,59,4,0,137.6,146.9,3,0,0,0,,120,65,43.0,27.24,21.75,54.01,Water,Kanto
1100,Green_7680,Lavender Town,Grass,Bulbasaur,2,30.0,37.5,83.2,252.7,2,0.1,463,63.1,4,1,4,2497,53,9,6,0,4,1,55,4,0,125.5,129.6,4,0,0,0,,85,64,42.4,78.43,89.21,64.56,Ghost,Kanto
1101,Richie_4045,Celadon City,Grass,Bulbasaur,5,29.7,30.3,58.8,184.0,2,2.9,195,48.0,2,0,2,624,16,5,8,0,1,1,33,4,0,123.2,127.3,3,0,0,0,,45,41,27.2,53.44,4.35,19.99,Grass,Kanto
1102,AJ_1294,Saffron City,Grass,Bulbasaur,6,21.4,25.1,76.7,196.7,1,1.2,255,39.1,3,1,4,1406,28,8,6,0,3,0,31,7,2,133.3,139.0,1,0,0,0,,70,43,28.5,48.39,70.31,36.89,Psychic,Kanto
1103,James_2436,Celadon City,Fire,Charmander,2,29.3,29.9,73.6,87.8,1,1.7,134,68.4,4,0,4,1886,28,4,5,0,2,0,27,5,0,162.6,205.4,4,0,0,0,,101,29,19.2,91.22,53.15,12.98,Grass,Kanto
1104,Daisy_8709,Viridian City,Water,Squirtle,3,36.9,48.1,67.9,168.6,1,4.0,169,35.4,2,0,1,718,26,6,6,0,1,0,22,1,0,134.5,149.4,2,0,0,0,,101,30,19.9,22.03,13.59,11.26,Ground,Kanto
1105,Jasmine_3889,Pewter City,Grass,Bulbasaur,1,44.5,47.7,83.7,266.6,3,2.6,524,45.9,4,1,1,2297,64,14,13,0,5,2,68,4,0,164.3,196.8,3,0,0,0,,112,68,45.0,3.79,95.94,85.07,Rock,Kanto
1106,Janine_4617,Pallet Town,Fire,Charmander,3,47.9,94.0,72.2,317.5,1,7.9,439,39.8,4,1,2,2032,58,9,9,1,2,0,39,3,4,127.0,127.1,4,0,0,0,,141,41,27.2,0.8,62.15,62.2,None,Kanto
1107,Crystal_8454,Vermilion City,Water,Squirtle,4,73.5,77.6,65.4,330.3,3,15.0,719,46.9,3,1,0,1829,72,19,13,0,2,1,71,3,3,135.8,169.8,5,0,0,0,,159,82,54.3,2.96,49.86,89.64,Electric,Kanto
1108,Aya_5480,Fuchsia City,Fire,Charmander,6,59.8,82.3,85.1,188.0,5,10.9,284,79.9,3,1,4,1775,47,6,3,0,3,1,30,4,1,139.7,154.7,6,0,0,0,,180,61,40.4,81.64,99.59,30.66,Poison,Kanto
1109,James_9612,Saffron City,Fire,Charmander,1,26.3,31.5,72.3,214.8,1,0.7,130,54.3,4,1,4,2003,31,2,4,0,3,1,17,6,0,116.9,122.5,2,0,0,0,,40,21,13.9,12.44,94.98,27.81,Psychic,Kanto
1110,Koga_9455,Viridian City,Grass,Bulbasaur,4,47.6,59.3,48.1,326.6,4,5.6,543,48.8,4,1,1,2160,61,23,14,0,6,2,59,3,1,123.3,126.8,5,0,0,0,,101,67,44.4,29.74,5.14,83.25,Ground,Kanto
1111,Stella_1108,Pallet Town,Grass,Bulbasaur,6,48.5,52.0,83.9,286.4,4,6.8,455,58.9,3,1,3,1448,46,8,13,1,2,0,59,4,2,190.9,215.0,5,0,0,0,,183,73,48.3,78.87,83.4,72.45,None,Kanto
1112,Janine_2135,Viridian City,Water,Squirtle,4,68.9,75.6,54.6,276.5,3,12.4,498,65.1,3,1,1,2255,47,11,17,0,4,0,61,5,1,170.2,173.8,6,0,0,0,,204,68,45.0,35.58,48.16,60.84,Ground,Kanto
1113,Gold_2640,Cinnabar Island,Grass,Bulbasaur,4,68.0,69.2,79.5,286.6,3,10.4,489,80.8,4,1,5,1815,67,8,9,1,3,0,44,5,3,178.0,188.2,8,1,1,1,509.0,180,70,46.4,87.04,81.63,71.21,Fire,Kanto
1114,Jessie_4062,Pewter City,Fire,Charmander,4,24.8,49.3,71.7,118.4,4,0.4,246,65.3,3,0,9,2032,17,3,3,0,1,2,41,7,0,149.8,184.8,4,0,0,0,,31,54,35.8,90.43,98.88,30.65,Rock,Kanto
1115,James_6763,Pallet Town,Grass,Bulbasaur,1,43.4,66.7,78.3,159.1,4,6.2,139,60.5,2,0,2,1118,28,3,8,1,2,1,24,8,1,130.3,147.0,7,0,0,0,,88,35,23.2,11.69,64.5,23.71,None,Kanto
1116,Dario_6544,Cinnabar Island,Grass,Bulbasaur,3,44.7,47.4,75.8,271.2,4,2.7,513,62.4,4,1,4,2478,70,8,12,0,2,0,64,7,1,151.1,191.0,5,0,0,0,,123,79,52.3,38.23,71.12,95.62,Fire,Kanto
1117,Giovanni_6713,Fuchsia City,Grass,Bulbasaur,4,40.2,40.4,77.2,222.5,1,4.9,247,43.9,3,1,1,1767,35,14,11,1,1,2,36,4,0,114.2,114.8,3,0,0,0,,145,54,35.8,14.4,49.76,30.68,Poison,Kanto
1118,Green_9346,Saffron City,Fire,Charmander,6,33.1,46.0,82.2,179.7,3,0.8,234,61.5,4,1,4,2006,43,6,4,1,3,1,30,4,0,118.4,120.7,4,0,0,0,,123,39,25.8,39.07,93.45,29.15,Psychic,Kanto
1119,Lara_9284,Cinnabar Island,Fire,Charmander,6,29.0,37.9,71.2,114.1,5,3.2,122,46.1,4,0,1,2609,16,8,0,0,1,2,20,0,1,130.4,163.1,3,0,0,0,,123,40,26.5,49.51,54.95,17.17,Fire,Kanto
1120,Jasmine_9066,Saffron City,Fire,Charmander,3,63.1,100.0,92.3,170.7,1,15.0,211,91.5,2,0,3,966,14,6,11,1,3,0,25,5,1,139.0,161.5,8,1,1,1,224.0,194,44,29.1,55.58,84.15,4.24,Psychic,Kanto
1121,Casey_8967,Vermilion City,Water,Squirtle,4,47.6,48.1,75.7,276.7,5,6.0,531,64.7,3,1,3,2051,58,8,14,0,4,1,44,7,0,142.5,157.0,5,0,0,0,,144,74,49.0,59.01,63.27,81.87,Electric,Kanto
1122,Brock_3929,Vermilion City,Water,Squirtle,6,41.5,49.8,79.7,254.2,4,1.8,486,52.9,4,1,0,2447,51,11,18,1,1,1,50,3,2,177.5,185.5,5,0,0,0,,133,59,39.1,64.71,76.48,99.11,Electric,Kanto
1123,Blaine_7452,Viridian City,Grass,Bulbasaur,4,40.1,48.9,64.0,280.4,1,2.5,336,22.1,2,1,5,743,46,9,16,0,1,0,41,9,1,148.5,162.9,2,0,0,0,,137,52,34.4,47.79,19.24,49.26,Ground,Kanto
1124,Daisy_7936,Pewter City,Water,Squirtle,3,71.1,89.6,69.9,236.9,5,15.0,493,86.0,2,1,11,730,52,18,14,1,2,0,62,8,3,142.6,199.8,8,1,1,1,509.0,209,95,62.9,76.77,90.05,54.58,Rock,Kanto
1125,Blue_1726,Fuchsia City,Water,Squirtle,6,30.2,32.3,69.3,226.2,5,1.3,340,54.2,2,1,1,1188,54,8,7,0,3,0,37,3,1,145.3,153.8,4,0,0,0,,49,53,35.1,0.37,92.92,47.82,Poison,Kanto
1126,Karen_5499,Pewter City,Water,Squirtle,3,40.9,45.2,46.6,207.5,2,2.0,475,59.2,3,0,3,1765,48,16,11,0,1,2,58,11,0,132.0,171.3,4,0,0,0,,85,80,53.0,86.75,21.93,86.48,Rock,Kanto
1127,Lance_5383,Pewter City,Fire,Charmander,6,27.3,53.0,60.2,239.1,4,0.5,276,24.8,3,1,2,1546,27,4,7,1,3,3,50,3,0,145.9,155.0,1,0,0,0,,86,39,25.8,9.58,37.7,43.27,Rock,Kanto
1128,Tracey_5248,Cerulean City,Fire,Charmander,6,32.1,37.0,71.5,99.2,3,2.1,268,44.6,2,0,3,804,22,15,3,0,3,0,45,4,1,179.8,196.6,3,0,0,0,,103,50,33.1,73.91,47.15,27.5,Water,Kanto
1129,Lorelei_6887,Viridian City,Grass,Bulbasaur,6,27.3,30.9,60.4,183.0,5,3.1,357,36.6,4,0,0,1920,34,12,11,1,1,2,43,4,0,116.3,120.9,4,0,0,0,,113,48,31.8,68.97,17.05,46.52,Ground,Kanto
1130,Joe_9388,Pallet Town,Grass,Bulbasaur,6,36.5,42.7,40.9,223.7,1,4.8,183,49.5,4,1,0,1827,40,5,4,1,2,0,37,8,0,154.9,158.9,4,0,0,0,,154,54,35.8,62.22,23.71,22.49,None,Kanto
1131,Surge_5725,Pallet Town,Fire,Charmander,6,40.7,46.7,75.1,274.1,1,0.2,532,36.2,2,1,2,1043,67,11,11,0,0,2,57,6,1,133.8,135.7,2,0,0,0,,74,69,45.7,10.75,72.1,97.33,None,Kanto
1132,Surge_2242,Vermilion City,Fire,Charmander,1,27.5,49.2,51.1,82.1,1,2.4,32,43.1,3,0,5,1154,3,3,0,0,2,1,9,3,2,142.5,150.5,2,0,0,0,,104,26,17.2,74.0,16.41,7.26,Electric,Kanto
1133,Crystal_5009,Celadon City,Grass,Bulbasaur,6,39.1,39.4,58.5,118.8,2,4.4,75,70.4,2,0,6,1063,18,4,5,0,1,0,24,5,1,155.0,167.5,4,0,0,0,,96,36,23.8,94.6,60.43,20.96,Grass,Kanto
1134,Giovanni_3978,Cinnabar Island,Water,Squirtle,6,48.4,58.6,73.1,302.9,2,4.8,525,46.2,3,1,3,1607,56,10,7,1,4,2,76,1,0,138.7,147.6,4,0,0,0,,121,80,53.0,22.83,59.42,83.46,Fire,Kanto
1135,Aya_4909,Lavender Town,Fire,Charmander,6,41.5,49.6,61.0,276.0,2,3.6,497,61.9,3,1,1,2052,66,21,17,1,2,1,62,5,2,167.3,180.7,6,0,0,0,,145,68,45.0,55.81,55.31,86.19,Ghost,Kanto
1136,Karen_6664,Cinnabar Island,Water,Squirtle,6,21.1,23.5,71.7,128.8,3,0.1,262,67.7,3,0,3,1505,37,8,6,0,3,0,30,5,0,167.1,170.8,4,0,0,0,,77,63,41.7,92.98,68.25,40.1,Fire,Kanto
1137,Silver_5901,Cinnabar Island,Fire,Charmander,6,35.8,45.7,62.6,308.2,2,2.2,410,37.4,3,1,4,2150,50,14,11,0,6,3,61,3,1,165.4,181.7,3,0,0,0,,155,72,47.7,20.08,42.86,76.54,Fire,Kanto
1138,Clair_4629,Fuchsia City,Grass,Bulbasaur,4,28.7,40.7,93.5,125.2,3,1.6,308,43.1,3,0,3,2068,33,7,8,0,1,0,55,0,2,137.2,169.6,2,0,0,0,,99,48,31.8,9.72,86.89,50.2,Poison,Kanto
1139,Chuck_8841,Celadon City,Grass,Bulbasaur,6,34.6,57.8,72.8,231.7,5,1.0,299,53.3,4,1,3,2086,43,1,0,0,2,0,37,2,1,75.4,86.5,4,0,0,0,,43,59,39.1,48.61,45.52,40.03,Grass,Kanto
1140,Jasmine_9604,Lavender Town,Water,Squirtle,2,42.1,42.5,89.1,251.1,5,3.9,316,65.6,3,1,4,1482,44,6,9,0,2,0,45,4,2,174.1,185.2,5,0,0,0,,110,58,38.4,58.75,68.82,63.37,Ghost,Kanto
1141,Todd_8760,Saffron City,Water,Squirtle,4,56.3,60.3,65.9,175.4,1,7.7,486,81.0,3,0,3,1884,49,14,11,1,2,2,64,5,0,125.3,135.4,7,0,0,0,,187,70,46.4,54.28,36.3,66.57,Psychic,Kanto
1142,Misty_8223,Pewter City,Water,Squirtle,6,73.3,80.2,51.2,240.8,3,13.3,490,49.7,2,1,2,993,45,13,9,1,2,0,56,5,2,139.8,146.4,6,0,0,0,,182,75,49.7,58.84,7.57,66.62,Rock,Kanto
1143,Duplica_5189,Fuchsia City,Grass,Bulbasaur,4,25.0,32.0,90.2,238.7,1,1.0,253,57.1,2,0,3,1151,22,6,13,0,4,1,46,8,2,111.0,112.6,2,0,0,0,,50,37,24.5,43.86,89.51,53.63,Poison,Kanto
1144,Ash_6473,Celadon City,Fire,Charmander,3,36.1,54.7,53.1,181.6,4,2.1,379,55.8,3,0,3,1831,63,9,11,0,2,0,47,4,0,174.4,204.0,4,0,0,0,,73,45,29.8,96.04,22.46,66.98,Grass,Kanto
1145,Dario_5908,Lavender Town,Fire,Charmander,4,53.4,58.0,66.2,298.6,3,4.9,557,70.2,2,1,2,1228,61,13,8,0,2,1,64,6,1,133.2,135.1,7,0,0,0,,155,69,45.7,51.04,67.38,87.49,Ghost,Kanto
1146,Samurai_1719,Saffron City,Fire,Charmander,2,13.4,15.5,57.2,176.7,1,0.2,48,41.8,4,1,1,2566,27,3,3,0,1,0,14,8,1,139.2,141.3,1,0,0,0,,47,28,18.5,93.31,12.6,6.84,Psychic,Kanto
1147,Morty_7640,Cinnabar Island,Grass,Bulbasaur,5,24.5,27.5,63.4,181.4,1,0.3,294,56.9,2,0,3,1283,33,10,7,1,2,0,38,4,2,134.9,142.8,3,0,0,0,,117,60,39.7,56.67,69.7,49.21,Fire,Kanto
1148,Samurai_3177,Saffron City,Grass,Bulbasaur,4,48.5,57.8,52.6,313.1,1,2.6,536,26.7,3,1,1,1757,67,18,15,0,1,1,65,3,1,159.5,180.8,2,0,0,0,,93,54,35.8,5.76,20.83,87.85,Psychic,Kanto
1149,Giselle_5575,Viridian City,Fire,Charmander,6,30.9,35.9,91.5,172.8,5,2.2,300,76.7,4,1,1,1852,37,6,9,0,0,1,30,5,1,132.4,134.0,6,0,0,0,,122,45,29.8,67.39,95.7,52.2,Ground,Kanto
1150,Dario_4399,Fuchsia City,Grass,Bulbasaur,5,57.2,62.5,72.4,226.1,4,7.3,478,67.1,4,1,4,2731,61,7,11,1,0,0,55,6,1,156.9,167.0,7,0,0,0,,142,60,39.7,70.01,28.02,75.09,Poison,Kanto
1151,Jessie_3031,Saffron City,Grass,Bulbasaur,5,45.7,51.9,56.3,260.2,3,9.6,386,60.8,4,1,4,2062,43,8,10,0,3,0,34,6,0,157.4,158.0,6,0,0,0,,172,43,28.5,73.05,28.91,44.1,Psychic,Kanto
1152,Surge_1961,Celadon City,Fire,Charmander,6,37.3,53.8,74.7,229.6,2,5.0,293,55.2,3,1,1,1536,25,6,7,0,3,0,38,3,0,141.1,172.2,3,0,0,0,,90,41,27.2,29.86,84.95,50.24,Grass,Kanto
1153,Lara_3288,Cinnabar Island,Water,Squirtle,6,55.8,62.2,53.1,199.3,2,8.6,247,68.1,4,1,3,1598,48,8,9,0,4,1,24,3,2,126.9,128.5,6,0,0,0,,119,42,27.8,65.84,12.22,24.62,Fire,Kanto
1154,Janine_8908,Saffron City,Water,Squirtle,6,47.2,72.4,38.3,299.6,3,8.0,645,39.7,3,1,2,1823,66,15,17,0,1,1,89,3,1,164.3,169.6,4,0,0,0,,145,77,51.0,26.84,7.4,90.66,Psychic,Kanto
1155,Bill_5590,Saffron City,Water,Squirtle,2,59.9,63.2,57.1,254.5,4,7.6,274,45.4,3,1,2,1648,30,15,0,0,2,1,48,2,0,125.2,130.3,5,0,0,0,,137,43,28.5,11.36,35.65,27.73,Psychic,Kanto
1156,Sabrina_9324,Pallet Town,Water,Squirtle,3,38.9,41.9,83.6,254.1,2,2.6,496,64.3,2,1,7,1246,55,12,3,1,2,0,63,6,2,154.2,175.6,6,0,0,0,,72,99,65.6,61.08,76.57,80.89,None,Kanto
1157,Will_4318,Pewter City,Water,Squirtle,6,45.8,60.6,80.0,129.3,1,7.1,168,62.4,4,0,3,2001,19,1,8,0,1,0,18,4,0,148.7,155.0,4,0,0,0,,161,34,22.5,16.69,88.55,7.18,Rock,Kanto
1158,Erika_8600,Celadon City,Grass,Bulbasaur,1,63.4,72.9,55.0,197.0,3,15.0,195,53.0,4,1,2,1600,37,9,8,0,0,1,22,4,2,92.8,103.9,6,0,0,0,,200,30,19.9,6.86,8.87,5.79,Grass,Kanto
1159,Giovanni_7554,Pallet Town,Water,Squirtle,6,71.9,79.2,69.4,306.4,1,10.6,639,52.6,2,1,3,1205,73,12,10,0,0,1,72,4,1,127.6,138.9,5,0,0,0,,171,89,58.9,6.62,61.45,99.8,None,Kanto
1160,Chuck_1790,Lavender Town,Fire,Charmander,5,38.3,39.0,47.4,202.1,2,5.0,359,52.2,3,0,0,1798,39,6,4,0,1,0,54,7,2,144.0,188.5,4,0,0,0,,155,42,27.8,40.97,20.31,53.72,Ghost,Kanto
1161,Karen_7666,Cinnabar Island,Water,Squirtle,3,39.0,45.1,50.9,219.6,3,3.5,117,39.4,3,1,1,1373,30,4,2,0,1,2,23,3,0,125.2,127.0,2,0,0,0,,148,25,16.6,33.88,8.09,12.38,Fire,Kanto
1162,Pryce_7598,Cerulean City,Water,Squirtle,6,45.4,45.5,64.9,255.0,1,2.8,593,55.5,3,1,3,1933,68,8,13,1,2,0,56,8,1,155.2,205.3,4,0,0,0,,78,77,51.0,75.13,41.14,96.0,Water,Kanto
1163,Blue_3503,Saffron City,Fire,Charmander,4,39.7,57.8,63.1,168.2,2,2.6,240,44.5,4,0,3,1833,20,9,5,1,2,0,28,4,1,122.7,157.6,4,0,0,0,,103,55,36.4,29.94,40.62,35.0,Psychic,Kanto
1164,Yellow_3804,Lavender Town,Grass,Bulbasaur,5,25.8,52.9,68.6,192.2,4,1.6,152,54.9,2,1,3,1520,27,5,4,0,3,0,9,7,1,159.4,178.3,4,0,0,0,,152,55,36.4,51.05,50.62,21.06,Ghost,Kanto
1165,Tracey_1756,Fuchsia City,Grass,Bulbasaur,5,30.9,36.7,67.3,187.6,3,2.1,215,33.0,3,0,0,885,31,7,6,1,1,0,25,3,1,112.1,122.3,2,0,0,0,,63,31,20.5,10.53,54.89,30.83,Poison,Kanto
1166,Silver_1978,Viridian City,Fire,Charmander,6,34.3,51.7,71.1,132.4,1,7.4,189,35.3,5,0,0,2601,17,4,8,0,2,0,40,6,1,135.4,137.9,3,0,0,0,,86,32,21.2,14.54,47.69,7.96,Ground,Kanto
1167,Jasmine_9196,Saffron City,Water,Squirtle,6,52.1,54.1,61.9,262.2,6,5.2,397,70.8,3,1,4,1236,54,9,10,0,1,0,45,1,0,143.4,171.4,7,0,0,0,,143,62,41.1,95.63,44.41,65.13,Psychic,Kanto
1168,Morty_9851,Pewter City,Water,Squirtle,3,44.1,47.8,30.3,203.8,2,4.3,407,17.2,4,0,2,1692,48,12,8,0,4,2,45,4,1,113.3,125.2,2,0,0,0,,113,56,37.1,15.41,3.63,66.34,Rock,Kanto
1169,James_1451,Saffron City,Water,Squirtle,6,50.6,57.6,79.7,134.3,2,7.3,200,70.7,3,0,0,1234,25,4,9,0,5,0,34,5,1,141.9,143.3,7,0,0,0,,156,50,33.1,37.82,96.7,18.59,Psychic,Kanto
1170,Lara_5566,Lavender Town,Grass,Bulbasaur,4,49.5,64.0,68.0,206.2,3,8.7,360,55.6,5,1,2,2768,33,9,9,1,4,0,53,6,1,132.5,173.2,6,0,0,0,,159,53,35.1,31.8,39.37,25.95,Ghost,Kanto
1171,Pryce_1889,Cinnabar Island,Fire,Charmander,3,49.6,63.8,69.5,226.6,2,4.4,508,65.2,3,0,3,1447,62,15,11,0,1,0,58,6,1,144.5,151.8,6,0,0,0,,147,76,50.3,14.59,89.0,97.19,Fire,Kanto
1172,Agatha_1107,Fuchsia City,Fire,Charmander,5,42.1,54.6,54.9,114.9,3,1.2,205,59.6,2,0,3,1019,37,6,6,0,0,1,29,7,3,161.3,211.0,5,0,0,0,,109,68,45.0,80.73,55.35,28.68,Poison,Kanto
1173,Stella_4506,Pallet Town,Water,Squirtle,4,26.8,27.4,64.7,228.6,3,0.8,470,29.5,2,0,4,1155,45,11,10,0,3,0,57,2,1,100.1,101.4,1,0,0,0,,71,63,41.7,18.64,49.34,62.83,None,Kanto
1174,Stella_2307,Saffron City,Water,Squirtle,4,29.5,40.5,64.4,150.9,3,1.3,299,58.5,3,0,7,1413,37,10,9,0,1,3,38,6,0,155.6,170.8,4,0,0,0,,66,57,37.7,75.16,34.44,51.62,Psychic,Kanto
1175,Richie_6185,Cerulean City,Fire,Charmander,2,29.8,34.9,66.6,198.8,3,0.0,272,53.7,3,1,2,1643,39,15,9,1,0,2,38,0,3,150.1,151.4,4,0,0,0,,61,41,27.2,50.24,45.86,42.37,Water,Kanto
1176,James_2800,Celadon City,Fire,Charmander,6,26.4,27.1,66.4,186.1,4,1.5,403,51.5,5,0,1,2534,71,9,10,1,1,0,52,7,0,122.6,151.6,4,0,0,0,,90,61,40.4,22.28,83.91,68.59,Grass,Kanto
1177,Todd_4475,Cerulean City,Grass,Bulbasaur,2,31.6,38.8,65.5,225.8,6,0.9,282,54.4,1,1,5,109,41,11,9,0,2,0,34,2,1,179.3,180.9,5,0,0,0,,42,64,42.4,88.05,16.94,56.43,Water,Kanto
1178,Agatha_5433,Fuchsia City,Grass,Bulbasaur,6,65.3,66.9,87.4,278.5,2,12.0,378,69.8,2,1,4,1356,42,8,13,1,5,1,50,3,2,132.7,139.3,6,0,0,0,,176,67,44.4,69.76,99.37,52.26,Poison,Kanto
1179,Daisy_8312,Cinnabar Island,Water,Squirtle,4,48.4,50.2,61.8,109.6,1,7.3,270,47.8,3,0,0,1626,33,6,12,1,1,0,32,2,1,135.6,153.6,5,0,0,0,,136,57,37.7,5.9,49.27,36.32,Fire,Kanto
1180,Yellow_3049,Celadon City,Fire,Charmander,3,36.9,37.8,86.6,208.4,1,3.0,336,44.5,4,0,2,2223,48,8,9,0,2,0,41,2,0,114.3,128.1,2,0,0,0,,81,39,25.8,11.57,72.88,46.39,Grass,Kanto
1181,Lara_3607,Saffron City,Water,Squirtle,6,71.4,76.9,40.3,345.5,2,15.0,619,67.7,3,1,1,1995,51,14,13,1,4,0,72,7,1,110.8,112.1,8,1,1,1,638.0,139,67,44.4,21.54,32.12,77.83,Psychic,Kanto
1182,Chuck_4294,Celadon City,Water,Squirtle,4,37.8,51.8,65.8,318.4,2,3.1,518,43.4,4,1,3,2330,69,11,11,0,5,0,60,3,1,142.8,150.3,3,0,0,0,,77,64,42.4,65.08,61.73,89.72,Grass,Kanto
1183,Joe_4889,Pallet Town,Water,Squirtle,2,37.9,38.7,51.1,266.7,2,0.4,462,40.5,3,1,2,1446,64,9,13,0,3,0,45,3,2,144.0,150.2,3,0,0,0,,104,48,31.8,25.85,37.72,93.19,None,Kanto
1184,Daisy_4011,Lavender Town,Grass,Bulbasaur,2,42.4,45.1,78.3,255.2,4,4.7,497,77.6,3,1,2,1715,59,11,15,0,3,2,55,4,2,196.4,216.6,7,0,0,0,,68,59,39.1,90.59,83.4,82.14,Ghost,Kanto
1185,Falkner_5072,Pallet Town,Water,Squirtle,6,40.9,45.7,75.9,207.4,6,6.1,131,70.4,3,1,3,1464,20,5,3,0,2,0,24,3,1,140.1,179.0,6,0,0,0,,138,21,13.9,71.6,53.94,21.53,None,Kanto
1186,Joe_8029,Cinnabar Island,Fire,Charmander,6,34.8,38.9,37.7,184.3,4,4.7,172,23.9,3,1,1,1493,12,3,3,0,4,1,25,5,0,121.4,161.1,1,0,0,0,,101,21,13.9,25.87,6.09,15.9,Fire,Kanto
1187,Lara_8985,Cinnabar Island,Fire,Charmander,5,41.6,50.6,79.5,256.8,6,0.2,459,53.8,3,1,6,1921,49,9,13,0,1,1,60,3,0,134.4,141.4,4,0,0,0,,107,89,58.9,82.03,79.07,80.87,Fire,Kanto
1188,Stella_3269,Vermilion City,Grass,Bulbasaur,6,21.1,33.6,50.4,101.2,2,1.9,34,49.5,2,0,4,1353,14,4,1,1,2,0,8,3,1,123.0,130.3,3,0,0,0,,125,36,23.8,40.63,24.07,0.91,Electric,Kanto
1189,Casey_9958,Saffron City,Water,Squirtle,1,21.9,32.7,62.0,224.7,2,0.3,146,45.5,5,1,1,2321,16,4,5,0,6,1,24,5,3,150.5,170.5,2,0,0,0,,73,29,19.2,41.71,40.68,16.84,Psychic,Kanto
1190,Bugsy_4240,Cerulean City,Fire,Charmander,5,25.0,26.5,72.5,224.8,6,0.2,276,52.9,5,1,2,2215,48,9,10,0,1,1,34,5,4,141.2,145.9,4,0,0,0,,0,45,29.8,42.17,65.84,49.4,Water,Kanto
1191,Jasmine_3435,Viridian City,Water,Squirtle,6,82.8,87.5,68.2,309.2,4,15.0,625,73.4,3,1,0,1625,73,18,11,0,0,0,68,3,3,113.9,135.8,6,0,0,0,,185,72,47.7,14.37,93.66,77.2,Ground,Kanto
1192,Koga_8477,Fuchsia City,Water,Squirtle,2,34.0,47.1,54.7,340.8,5,0.1,590,61.7,3,1,4,1755,73,12,11,0,6,0,67,5,0,156.9,192.4,5,0,0,0,,95,76,50.3,93.65,66.17,99.56,Poison,Kanto
1193,Blue_6869,Pallet Town,Grass,Bulbasaur,6,31.9,48.3,39.0,175.6,3,1.8,249,39.9,3,0,4,1168,42,8,6,1,0,1,30,7,1,161.8,171.1,3,0,0,0,,92,63,41.7,84.91,9.17,31.94,None,Kanto
1194,Koji_8169,Cinnabar Island,Fire,Charmander,6,67.3,89.9,56.0,190.7,5,13.5,274,61.6,4,0,3,2036,18,10,7,1,2,1,46,7,0,122.0,132.2,7,0,0,0,,173,33,21.9,55.6,19.46,5.91,Fire,Kanto
1195,Aya_5707,Lavender Town,Grass,Bulbasaur,2,26.1,43.7,76.4,151.3,2,0.6,251,65.7,2,0,3,1224,39,6,8,0,4,0,43,5,1,95.5,102.4,3,0,0,0,,105,38,25.2,16.89,95.69,26.36,Ghost,Kanto
1196,Crystal_8141,Vermilion City,Fire,Charmander,6,24.0,33.7,76.7,176.2,3,0.2,529,69.1,4,0,3,2042,67,12,6,1,3,0,67,3,1,169.2,176.7,5,0,0,0,,142,77,51.0,68.29,69.53,78.09,Electric,Kanto
1197,Duplica_7527,Pallet Town,Grass,Bulbasaur,3,35.5,38.6,82.0,122.9,1,1.7,194,69.6,2,0,2,1150,50,11,2,0,2,0,24,7,2,180.4,204.7,4,0,0,0,,55,28,18.5,56.71,98.9,14.97,None,Kanto
1198,Karen_2889,Cerulean City,Water,Squirtle,2,46.7,55.4,55.0,231.1,5,6.0,391,52.8,4,1,3,2141,55,10,8,1,2,1,48,2,0,131.6,135.2,5,0,0,0,,106,49,32.5,91.71,6.88,54.76,Water,Kanto
1199,Richie_3512,Saffron City,Grass,Bulbasaur,6,13.8,16.2,86.4,137.7,2,0.4,118,60.3,5,0,5,2146,11,1,1,0,0,3,20,2,3,151.2,179.5,2,0,0,0,,47,30,19.9,45.72,57.65,11.62,Psychic,Kanto
1200,Agatha_8275,Celadon City,Grass,Bulbasaur,6,18.3,23.0,70.2,154.1,4,0.7,133,64.8,4,0,5,2390,19,7,0,1,2,0,22,4,0,158.0,158.1,5,0,0,0,,90,37,24.5,67.24,80.72,1.87,Grass,Kanto
1201,Gold_9724,Cinnabar Island,Fire,Charmander,2,36.9,37.0,62.7,67.9,4,3.1,227,66.7,2,0,3,1403,41,4,4,0,2,1,43,5,3,140.0,172.2,4,0,0,0,,81,53,35.1,36.86,32.32,25.7,Fire,Kanto
1202,Pryce_6835,Saffron City,Grass,Bulbasaur,6,22.1,45.8,67.3,55.1,1,1.4,99,55.4,3,0,3,1461,38,4,4,0,2,0,16,7,1,158.0,163.3,3,0,0,0,,112,42,27.8,69.68,46.92,13.28,Psychic,Kanto
1203,Karen_9862,Pewter City,Grass,Bulbasaur,6,32.4,33.8,80.7,135.6,3,1.3,224,49.3,3,0,5,2050,30,4,3,0,4,1,34,7,1,131.0,175.7,4,0,0,0,,86,46,30.5,86.57,49.43,30.65,Rock,Kanto
1204,AJ_5988,Celadon City,Fire,Charmander,3,39.9,49.8,50.8,163.1,1,1.5,442,38.1,5,0,3,2424,48,11,11,1,3,0,50,3,4,151.1,176.1,3,0,0,0,,31,50,33.1,36.06,12.48,87.27,Grass,Kanto
1205,Falkner_3610,Saffron City,Grass,Bulbasaur,4,46.5,46.5,61.6,243.3,1,4.8,500,52.8,4,1,3,2793,60,11,6,1,0,1,66,5,1,136.5,140.7,4,0,0,0,,93,57,37.7,42.65,52.97,88.33,Psychic,Kanto
1206,Clair_8362,Viridian City,Fire,Charmander,5,39.5,40.7,69.5,177.7,1,3.9,344,64.3,5,0,3,2945,50,9,10,0,3,2,35,6,2,134.4,134.4,4,0,0,0,,115,69,45.7,86.3,82.54,51.36,Ground,Kanto
1207,Koji_8308,Pallet Town,Fire,Charmander,3,37.8,48.9,76.0,153.1,4,1.1,319,53.6,3,0,5,1555,42,6,5,0,5,2,34,6,1,140.8,161.0,4,0,0,0,,69,68,45.0,81.7,38.61,51.21,None,Kanto
1208,Surge_6409,Pewter City,Grass,Bulbasaur,6,47.0,48.6,86.0,103.7,3,8.0,107,46.6,2,0,0,856,26,2,1,0,1,2,12,2,5,99.2,111.3,3,0,0,0,,115,17,11.3,13.21,57.58,6.04,Rock,Kanto
1209,James_9073,Vermilion City,Water,Squirtle,2,32.4,39.4,44.6,205.7,5,0.6,469,51.6,4,0,4,2111,55,10,7,0,0,1,60,8,0,183.4,216.3,3,0,0,0,,39,73,48.3,92.74,23.39,88.0,Electric,Kanto
1210,Casey_6544,Celadon City,Fire,Charmander,2,33.4,41.9,72.2,197.2,3,1.4,328,74.2,5,0,2,2719,44,6,9,1,0,3,45,4,4,181.3,183.1,5,0,0,0,,72,52,34.4,49.36,90.17,59.28,Grass,Kanto
1211,Surge_4998,Vermilion City,Grass,Bulbasaur,5,37.0,44.0,62.6,200.2,4,1.3,221,45.2,2,1,2,530,39,11,5,0,4,3,34,4,0,152.2,178.4,4,0,0,0,,73,37,24.5,33.23,38.39,39.29,Electric,Kanto
1212,Lara_6743,Cerulean City,Grass,Bulbasaur,6,30.6,39.1,62.7,148.7,3,0.8,325,21.2,3,0,7,1996,58,8,8,0,0,1,44,2,2,146.2,158.6,1,0,0,0,,60,74,49.0,44.56,23.54,58.66,Water,Kanto
1213,Yellow_2094,Pewter City,Grass,Bulbasaur,4,34.6,39.6,75.0,245.2,2,2.8,348,63.6,3,0,2,1652,50,13,2,1,1,1,50,2,2,155.2,162.1,5,0,0,0,,124,49,32.5,16.71,96.67,40.28,Rock,Kanto
1214,Clair_5513,Fuchsia City,Grass,Bulbasaur,2,30.4,34.3,83.9,298.4,1,1.1,433,62.3,2,1,3,1231,70,9,13,0,3,2,48,4,0,170.6,175.8,4,0,0,0,,47,58,38.4,29.36,91.18,82.08,Poison,Kanto
1215,Jasmine_5235,Cinnabar Island,Grass,Bulbasaur,4,36.0,49.6,58.4,294.1,4,3.1,558,55.6,4,1,2,2419,77,17,12,1,6,2,79,3,1,156.7,159.4,5,0,0,0,,154,67,44.4,49.95,67.61,95.14,Fire,Kanto
1216,Blue_9070,Cerulean City,Grass,Bulbasaur,6,27.1,40.4,69.5,193.5,2,0.9,28,55.3,3,1,4,2020,5,2,8,1,1,1,12,4,0,151.9,199.4,4,0,0,0,,144,42,27.8,60.95,70.39,13.61,Water,Kanto
1217,Chuck_2835,Viridian City,Fire,Charmander,5,57.7,71.4,49.7,192.1,1,8.6,461,40.8,3,0,3,2053,54,10,9,0,3,1,56,3,1,124.4,218.0,3,0,0,0,,131,63,41.7,9.66,1.88,81.07,Ground,Kanto
1218,Morty_9631,Saffron City,Grass,Bulbasaur,1,35.9,46.0,73.1,235.8,2,1.1,496,32.1,4,1,3,2337,59,20,10,0,4,0,67,2,0,143.7,145.7,2,0,0,0,,81,74,49.0,14.25,51.09,93.58,Psychic,Kanto
1219,Duplica_1937,Pewter City,Fire,Charmander,6,36.9,52.5,61.7,213.4,6,2.3,404,64.8,3,0,5,1659,53,14,10,1,0,0,48,11,2,158.9,188.6,6,0,0,0,,98,58,38.4,99.69,30.72,62.95,Rock,Kanto
1220,Koga_6048,Pallet Town,Water,Squirtle,4,54.8,62.4,54.5,329.8,3,4.7,592,54.5,2,1,4,1441,67,11,17,0,1,0,56,6,1,183.9,188.0,5,0,0,0,,139,76,50.3,79.56,19.35,98.17,None,Kanto
1221,Koji_5403,Cinnabar Island,Fire,Charmander,4,22.2,26.6,71.3,95.7,2,0.4,199,34.3,2,0,0,1373,45,5,10,0,5,0,22,2,1,105.9,116.3,1,0,0,0,,81,1,0.7,2.72,59.89,44.16,Fire,Kanto
1222,Daisy_5655,Celadon City,Water,Squirtle,3,42.9,44.0,77.9,172.8,2,2.6,197,61.8,3,0,5,1151,42,9,9,0,3,0,33,4,1,126.1,141.0,4,0,0,0,,143,40,26.5,66.93,45.42,36.62,Grass,Kanto
1223,Gary_2190,Saffron City,Water,Squirtle,6,39.0,39.2,52.7,127.7,2,4.2,196,34.1,4,0,1,1993,25,7,3,0,0,0,22,4,2,86.7,100.4,3,0,0,0,,166,12,7.9,0.37,18.5,20.18,Psychic,Kanto
1224,Gary_9766,Cinnabar Island,Water,Squirtle,2,41.4,44.0,58.1,186.8,1,8.9,246,41.8,2,1,1,997,19,4,8,1,1,0,34,3,0,145.5,159.2,4,0,0,0,,173,31,20.5,32.88,18.04,16.52,Fire,Kanto
1225,Koga_1669,Pallet Town,Water,Squirtle,5,51.9,63.0,70.5,231.2,1,4.2,455,50.5,2,0,1,1017,53,8,10,1,2,0,70,3,0,124.2,131.7,5,0,0,0,,108,68,45.0,13.59,70.23,69.2,None,Kanto
1226,Jessie_5388,Fuchsia City,Water,Squirtle,3,22.2,27.8,89.6,108.1,6,0.5,301,79.7,3,0,6,1554,40,16,4,0,1,1,34,6,2,161.1,164.4,4,0,0,0,,77,55,36.4,95.0,96.32,41.85,Poison,Kanto
1227,Will_3937,Cinnabar Island,Water,Squirtle,6,37.8,47.8,44.9,145.9,2,7.7,248,36.4,2,0,0,1054,22,6,5,0,2,1,28,3,2,118.2,180.8,2,0,0,0,,140,21,13.9,8.82,3.31,24.29,Fire,Kanto
1228,Jessie_3434,Celadon City,Water,Squirtle,6,40.7,50.4,87.3,200.9,2,0.5,472,51.0,4,0,2,2021,60,15,10,1,1,1,52,2,2,145.5,185.4,5,0,0,0,,158,70,46.4,14.63,95.49,81.53,Grass,Kanto
1229,Bruno_7979,Cinnabar Island,Water,Squirtle,5,38.1,45.1,57.6,82.2,1,2.4,196,40.0,3,0,3,1470,21,5,6,0,4,0,32,2,2,142.4,146.5,3,0,0,0,,116,55,36.4,8.18,32.68,29.06,Fire,Kanto
1230,Clair_2049,Viridian City,Grass,Bulbasaur,4,26.5,49.5,85.5,221.1,2,2.6,280,57.9,3,1,6,2063,40,3,7,1,1,1,38,5,2,151.7,167.3,4,0,0,0,,125,55,36.4,80.1,55.91,56.42,Ground,Kanto
1231,Casey_2255,Vermilion City,Water,Squirtle,6,43.7,53.7,41.4,139.9,3,4.8,140,35.4,4,0,2,2055,9,8,1,0,0,2,17,5,1,125.1,130.6,4,0,0,0,,102,29,19.2,3.83,16.39,9.67,Electric,Kanto
1232,Dario_2251,Pewter City,Fire,Charmander,2,45.1,66.6,32.2,140.7,3,5.4,136,65.4,5,0,5,2133,29,8,6,1,1,0,30,4,2,145.9,186.9,7,0,0,0,,83,36,23.8,92.56,5.31,12.42,Rock,Kanto
1233,Joe_2497,Lavender Town,Water,Squirtle,4,42.1,42.7,79.0,182.8,1,1.8,541,66.2,3,0,5,1823,62,14,16,1,1,0,79,6,2,171.4,208.8,5,0,0,0,,146,87,57.6,82.64,81.49,83.92,Ghost,Kanto
1234,Daisy_6406,Vermilion City,Water,Squirtle,4,26.1,28.7,70.0,137.7,5,0.4,15,60.1,3,0,8,1581,22,4,4,0,6,1,8,2,1,122.1,139.9,4,0,0,0,,25,42,27.8,54.95,66.23,9.37,Electric,Kanto
1235,Clair_4771,Fuchsia City,Fire,Charmander,1,44.5,52.5,80.9,199.3,1,3.3,213,54.0,4,1,1,1762,24,6,8,0,0,2,20,7,1,104.0,108.6,4,0,0,0,,84,15,9.9,26.49,86.4,29.99,Poison,Kanto
1236,James_5347,Cinnabar Island,Water,Squirtle,5,53.9,54.7,71.8,193.4,3,5.3,539,63.2,3,0,2,774,61,12,14,0,3,1,57,1,1,145.8,163.9,6,0,0,0,,170,57,37.7,16.48,66.24,82.44,Fire,Kanto
1237,Giovanni_8677,Lavender Town,Fire,Charmander,5,37.6,38.4,55.7,112.9,1,6.2,132,36.6,4,0,2,2002,2,2,9,1,2,0,17,6,2,160.6,163.1,3,0,0,0,,124,34,22.5,27.65,15.39,9.62,Ghost,Kanto
1238,Lara_2493,Celadon City,Fire,Charmander,2,29.4,32.7,81.0,247.8,1,1.3,187,56.0,3,1,5,1679,24,10,4,0,5,1,23,10,2,149.7,215.3,3,0,0,0,,81,41,27.2,57.24,73.75,32.68,Grass,Kanto
1239,Janine_3894,Pewter City,Water,Squirtle,6,54.4,62.9,83.9,277.8,1,1.5,497,48.4,2,1,2,1149,68,7,1,0,1,1,51,2,3,136.2,153.9,4,0,0,0,,100,62,41.1,4.25,72.69,79.1,Rock,Kanto
1240,Blue_8877,Vermilion City,Fire,Charmander,4,37.1,44.6,63.7,271.6,1,1.8,460,41.2,3,1,0,1624,56,10,7,1,2,0,52,5,0,137.7,141.2,2,0,0,0,,83,58,38.4,9.85,67.14,60.34,Electric,Kanto
1241,AJ_3274,Pallet Town,Water,Squirtle,4,18.9,21.0,84.5,282.7,5,0.8,245,64.2,3,1,1,1729,34,3,7,0,2,2,27,3,4,174.1,187.1,5,0,0,0,,85,40,26.5,89.81,69.62,40.63,None,Kanto
1242,Silver_2810,Lavender Town,Water,Squirtle,3,29.6,33.6,56.3,164.5,5,0.7,254,51.7,3,0,8,1649,42,6,12,0,1,4,32,3,3,164.0,177.7,4,0,0,0,,80,63,41.7,80.01,11.7,36.51,Ghost,Kanto
1243,Bruno_5079,Lavender Town,Water,Squirtle,5,33.5,35.2,69.6,147.5,1,2.0,296,57.2,3,0,2,1689,48,10,6,1,3,0,42,4,1,107.2,108.2,4,0,0,0,,83,51,33.8,19.72,77.9,56.61,Ghost,Kanto
1244,Gary_7259,Cinnabar Island,Fire,Charmander,6,38.7,47.0,62.3,200.9,4,1.0,202,33.2,5,1,3,2988,35,7,3,1,3,2,35,4,0,94.4,107.6,4,0,0,0,,72,61,40.4,9.54,53.56,31.42,Fire,Kanto
1245,Brock_8647,Celadon City,Water,Squirtle,1,68.8,70.4,56.2,269.1,2,13.6,242,75.2,4,1,3,1855,28,9,9,1,5,1,24,6,4,169.0,181.3,8,1,1,1,278.0,207,30,19.9,65.9,23.96,8.62,Grass,Kanto
1246,Daisy_7185,Pewter City,Water,Squirtle,2,62.8,70.7,46.3,148.0,4,12.2,386,60.5,3,0,1,1481,31,8,6,0,2,1,48,3,2,143.6,169.1,5,0,0,0,,181,49,32.5,27.88,14.98,41.62,Rock,Kanto
1247,Green_9766,Pallet Town,Fire,Charmander,3,43.2,80.9,65.3,236.9,5,4.5,286,49.6,3,1,0,1376,47,8,10,0,3,2,22,3,0,136.7,144.5,5,0,0,0,,104,48,31.8,31.16,42.05,46.36,None,Kanto
1248,Richie_1400,Pallet Town,Water,Squirtle,5,34.6,53.4,41.9,163.9,2,5.2,348,42.6,4,0,2,1626,36,13,13,1,5,3,50,4,3,145.3,159.7,4,0,0,0,,65,42,27.8,18.81,11.0,30.53,None,Kanto
1249,Morty_6853,Saffron City,Fire,Charmander,6,38.6,46.5,41.6,110.7,1,4.0,127,32.7,4,0,0,1828,16,5,5,0,2,3,21,0,3,82.9,91.0,1,0,0,0,,110,9,6.0,0.33,8.27,13.32,Psychic,Kanto
1250,Surge_1225,Lavender Town,Fire,Charmander,5,26.5,42.6,78.3,227.5,3,0.2,276,74.7,2,1,5,1022,30,13,10,0,4,0,42,4,0,160.0,180.7,5,0,0,0,,136,52,34.4,49.59,83.34,47.88,Ghost,Kanto
1251,Giselle_5339,Cerulean City,Grass,Bulbasaur,4,25.0,29.7,68.6,212.6,1,0.3,458,33.5,3,1,0,1731,44,18,7,0,2,0,51,3,2,114.9,121.4,0,0,0,0,,103,50,33.1,13.43,57.27,84.46,Water,Kanto
1252,Bill_1893,Viridian City,Grass,Bulbasaur,4,62.8,78.2,69.0,184.3,1,8.7,511,81.1,4,0,3,2118,77,11,11,1,2,0,51,7,2,124.5,125.6,7,0,0,0,,188,59,39.1,61.25,75.18,90.22,Ground,Kanto
1253,Koji_2211,Viridian City,Water,Squirtle,4,16.8,28.6,53.3,90.9,2,0.2,43,49.4,3,0,4,1143,27,2,3,0,3,1,5,9,0,138.2,143.9,2,0,0,0,,81,40,26.5,98.31,7.95,6.19,Ground,Kanto
1254,Daisy_8238,Cerulean City,Grass,Bulbasaur,6,48.3,70.6,90.0,256.6,6,11.1,339,46.6,3,1,5,2280,47,7,8,1,2,1,42,5,2,73.3,117.8,6,0,0,0,,78,56,37.1,0.74,91.63,32.31,Water,Kanto
1255,Joe_9866,Pallet Town,Grass,Bulbasaur,6,33.0,72.0,56.6,190.3,2,0.6,419,35.5,4,0,2,1913,56,12,9,0,2,2,50,1,2,133.6,144.8,2,0,0,0,,68,46,30.5,20.19,6.78,64.2,None,Kanto
1256,Gary_5505,Saffron City,Fire,Charmander,6,27.9,28.8,61.1,132.3,1,0.9,164,43.4,4,0,4,2400,31,3,0,0,3,1,21,5,0,164.1,230.9,2,0,0,0,,31,35,23.2,62.72,63.11,21.62,Psychic,Kanto
1257,Yellow_1581,Cerulean City,Fire,Charmander,4,30.4,42.6,84.0,128.5,3,1.1,411,49.1,3,0,4,1812,37,9,5,0,3,0,49,3,2,162.3,166.9,2,0,0,0,,106,48,31.8,75.48,77.13,62.84,Water,Kanto
1258,AJ_9729,Viridian City,Grass,Bulbasaur,2,27.6,30.4,68.6,131.2,4,2.3,241,52.9,3,0,3,1019,18,14,1,0,2,1,41,1,1,164.5,164.7,4,0,0,0,,142,42,27.8,51.93,91.87,22.74,Ground,Kanto
1259,Tracey_2889,Cerulean City,Grass,Bulbasaur,6,37.8,53.8,55.5,135.5,2,4.7,137,30.9,3,0,1,1484,15,6,2,1,3,0,18,1,0,117.0,121.1,2,0,0,0,,102,24,15.9,11.62,10.83,5.85,Water,Kanto
1260,Brock_6488,Saffron City,Grass,Bulbasaur,5,43.4,51.3,50.4,111.1,6,6.8,124,49.3,3,0,2,1316,20,8,2,0,1,0,21,4,1,115.7,136.8,6,0,0,0,,153,33,21.9,81.47,25.38,6.82,Psychic,Kanto
1261,Casey_2996,Saffron City,Water,Squirtle,3,24.4,30.3,100.6,110.0,3,2.4,78,83.3,2,0,4,798,24,4,6,0,0,2,17,5,1,136.3,156.6,6,0,0,0,,160,49,32.5,83.01,99.4,8.26,Psychic,Kanto
1262,Daisy_4855,Pewter City,Water,Squirtle,4,29.7,31.1,69.2,209.8,4,0.7,217,62.5,3,1,5,1660,28,2,10,1,4,1,32,6,2,128.2,134.7,5,0,0,0,,58,55,36.4,83.62,56.24,41.73,Rock,Kanto
1263,Brock_7621,Fuchsia City,Grass,Bulbasaur,3,72.9,94.7,62.3,282.0,5,12.9,513,56.3,2,1,2,1084,66,12,7,0,4,0,63,3,0,140.6,140.8,6,0,0,0,,180,63,41.7,44.96,30.44,67.95,Poison,Kanto
1264,Jasmine_2285,Cerulean City,Grass,Bulbasaur,2,25.3,29.9,79.6,253.7,3,2.0,384,71.9,4,1,6,2939,34,10,9,0,1,0,44,7,1,149.9,150.1,3,0,0,0,,95,72,47.7,80.07,71.36,78.51,Water,Kanto
1265,Richie_6327,Cerulean City,Grass,Bulbasaur,4,31.7,62.8,55.0,192.3,1,1.1,234,40.8,4,0,4,2671,23,8,7,1,3,0,28,3,0,127.5,129.2,2,0,0,0,,37,51,33.8,27.93,19.07,39.32,Water,Kanto
1266,Joe_9065,Pallet Town,Fire,Charmander,4,29.4,35.3,67.1,239.9,4,1.9,362,65.6,2,1,7,1078,32,10,7,0,1,2,38,2,0,138.1,139.1,3,0,0,0,,60,63,41.7,67.04,67.65,66.87,None,Kanto
1267,Blaine_7612,Lavender Town,Fire,Charmander,5,27.5,41.1,77.3,105.0,1,0.3,136,43.5,3,0,3,1565,27,2,5,0,4,0,23,6,3,131.0,155.8,2,0,0,0,,72,51,33.8,15.59,77.16,8.95,Ghost,Kanto
1268,Dario_2970,Saffron City,Fire,Charmander,3,55.3,69.5,57.7,285.0,4,8.5,507,53.6,5,1,1,2204,49,14,18,1,2,1,49,2,2,150.3,170.0,6,0,0,0,,121,63,41.7,65.87,33.27,67.79,Psychic,Kanto
1269,Casey_5655,Viridian City,Fire,Charmander,6,44.9,55.4,52.9,145.7,3,5.6,264,72.7,2,0,6,911,33,6,7,1,0,1,36,6,2,148.0,182.6,6,0,0,0,,149,38,25.2,91.12,29.03,24.4,Ground,Kanto
1270,Will_8405,Vermilion City,Fire,Charmander,1,27.3,38.6,65.1,178.9,2,1.1,279,61.5,3,1,2,1468,53,7,13,0,5,1,32,2,0,161.6,171.6,3,0,0,0,,82,42,27.8,63.45,75.66,44.5,Electric,Kanto
1271,Bruno_7998,Cerulean City,Fire,Charmander,1,36.8,52.9,77.1,143.1,1,4.2,180,61.2,4,0,5,2155,22,3,9,0,3,1,30,3,2,123.1,130.1,4,0,0,0,,162,36,23.8,50.23,70.45,15.26,Water,Kanto
1272,Yellow_3005,Celadon City,Grass,Bulbasaur,3,25.3,37.8,99.7,235.8,1,1.1,264,68.5,2,1,6,864,45,4,4,1,2,1,29,7,2,150.5,155.5,3,0,0,0,,135,49,32.5,88.66,86.62,35.43,Grass,Kanto
1273,Chuck_3327,Vermilion City,Fire,Charmander,3,30.7,60.1,61.8,108.0,2,3.3,297,61.2,3,0,2,1209,40,5,10,1,2,0,36,6,0,117.3,195.9,4,0,0,0,,63,20,13.2,80.54,20.14,45.8,Electric,Kanto
1274,Gary_7777,Saffron City,Fire,Charmander,6,37.3,49.9,67.3,184.0,1,2.5,46,35.4,4,1,2,1564,24,4,5,1,2,0,5,5,2,139.8,140.8,2,0,0,0,,115,21,13.9,21.2,25.77,3.51,Psychic,Kanto
1275,Janine_1223,Vermilion City,Water,Squirtle,2,30.9,36.4,84.9,153.9,2,3.5,117,78.7,4,0,9,2697,25,3,2,1,0,2,17,6,2,158.7,162.3,7,0,0,0,,97,53,35.1,99.73,73.82,12.92,Electric,Kanto
1276,Whitney_4684,Saffron City,Fire,Charmander,3,30.1,44.9,45.3,254.6,5,1.7,241,26.1,5,1,0,2721,32,5,3,1,1,2,34,3,1,127.9,130.8,3,0,0,0,,0,14,9.3,19.77,6.21,40.21,Psychic,Kanto
1277,Richie_7531,Lavender Town,Fire,Charmander,6,38.9,46.5,66.0,302.2,1,3.2,599,47.7,3,1,3,1811,51,14,5,0,1,1,74,3,0,155.6,163.8,3,0,0,0,,112,65,43.0,2.21,65.95,95.05,Ghost,Kanto
1278,Erika_7029,Celadon City,Grass,Bulbasaur,6,30.7,36.3,73.6,229.0,3,0.8,419,54.7,3,0,1,1578,54,8,8,0,4,1,54,2,1,168.4,173.6,3,0,0,0,,93,66,43.7,33.13,51.53,74.26,Grass,Kanto
1279,Morty_2087,Cinnabar Island,Grass,Bulbasaur,6,53.8,71.4,51.3,184.4,3,8.7,277,49.7,3,0,3,1780,23,2,8,1,1,2,45,4,3,169.0,188.7,6,0,0,0,,153,43,28.5,43.89,29.41,20.54,Fire,Kanto
1280,Aya_3401,Cerulean City,Water,Squirtle,6,47.9,54.9,61.8,255.6,4,5.2,385,46.4,4,1,2,2169,55,7,12,0,1,0,49,2,1,116.7,121.5,4,0,0,0,,177,71,47.0,4.06,49.79,59.27,Water,Kanto
1281,Bruno_5796,Vermilion City,Fire,Charmander,4,29.7,40.6,59.0,244.2,1,0.3,272,51.2,4,1,8,1646,43,5,7,0,5,1,38,4,0,131.4,143.8,3,0,0,0,,107,40,26.5,69.34,29.01,42.17,Electric,Kanto
1282,Gary_2330,Viridian City,Grass,Bulbasaur,2,37.6,45.0,64.7,343.0,5,2.3,477,58.3,5,1,3,2705,71,14,12,1,1,1,59,3,2,164.5,191.4,6,0,0,0,,89,48,31.8,52.0,39.24,78.46,Ground,Kanto
1283,Sabrina_1961,Saffron City,Fire,Charmander,6,36.5,41.8,93.1,123.0,4,3.4,301,42.4,3,0,0,1520,34,12,8,0,3,1,52,2,2,153.1,182.8,4,0,0,0,,128,46,30.5,19.68,69.17,59.4,Psychic,Kanto
1284,Todd_9640,Cinnabar Island,Grass,Bulbasaur,4,35.4,35.7,79.4,219.7,3,2.9,353,67.4,5,0,3,2738,50,8,9,0,2,0,52,6,1,151.6,152.2,5,0,0,0,,83,49,32.5,50.91,93.09,56.68,Fire,Kanto
1285,James_7060,Pewter City,Fire,Charmander,3,37.5,37.9,67.8,171.6,5,3.2,472,46.1,3,0,4,1909,55,7,7,0,1,2,57,5,1,120.7,148.9,4,0,0,0,,65,69,45.7,52.94,51.64,61.46,Rock,Kanto
1286,Erika_7382,Cerulean City,Grass,Bulbasaur,6,45.7,47.6,71.9,287.2,2,0.6,504,48.1,2,1,2,735,57,15,8,0,1,3,55,5,1,119.5,120.3,4,0,0,0,,92,74,49.0,4.13,66.41,91.59,Water,Kanto
1287,Ash_9867,Pewter City,Water,Squirtle,5,57.5,76.2,61.3,163.4,3,11.2,262,80.3,3,0,5,1439,30,9,3,1,2,0,43,3,1,146.3,151.0,6,0,0,0,,192,52,34.4,99.75,46.83,23.17,Rock,Kanto
1288,Gary_4951,Vermilion City,Grass,Bulbasaur,5,28.4,47.4,62.3,116.7,1,2.3,179,47.5,5,0,6,2385,25,1,3,0,0,0,40,5,2,156.6,172.4,2,0,0,0,,67,51,33.8,95.27,8.54,16.46,Electric,Kanto
1289,Clair_6576,Cerulean City,Fire,Charmander,4,16.5,20.1,44.2,145.5,1,0.1,40,30.2,2,0,1,806,13,7,0,0,3,0,20,1,0,130.4,145.0,1,0,0,0,,41,18,11.9,17.26,8.47,6.75,Water,Kanto
1290,Lara_3066,Fuchsia City,Grass,Bulbasaur,6,29.8,45.3,46.3,192.9,3,3.9,184,42.5,3,1,0,2042,25,8,2,0,2,2,25,2,1,98.0,117.7,2,0,0,0,,156,46,30.5,12.27,2.06,22.21,Poison,Kanto
1291,Red_7912,Cinnabar Island,Fire,Charmander,6,59.3,65.2,83.3,294.2,2,8.3,595,71.9,3,1,4,2555,83,17,15,1,4,1,66,4,3,180.4,201.5,8,1,1,1,604.0,132,97,64.2,99.74,50.19,86.57,Fire,Kanto
1292,Agatha_7367,Cerulean City,Fire,Charmander,6,46.3,68.6,57.1,278.7,6,9.4,347,72.7,3,1,3,1750,35,6,8,1,1,1,45,5,2,143.8,149.5,7,0,0,0,,200,42,27.8,88.82,52.71,37.37,Water,Kanto
1293,Daisy_1462,Pewter City,Fire,Charmander,5,27.3,41.5,62.9,179.1,2,0.9,367,47.9,2,1,4,1277,52,8,9,1,2,0,39,7,0,155.6,156.1,3,0,0,0,,82,71,47.0,51.51,50.61,50.03,Rock,Kanto
1294,Pryce_5073,Pewter City,Fire,Charmander,6,44.0,63.6,43.7,226.0,2,1.9,423,61.2,2,1,5,1174,56,7,7,0,2,0,55,13,1,138.8,155.7,4,0,0,0,,78,75,49.7,91.41,40.4,71.24,Rock,Kanto
1295,AJ_1409,Vermilion City,Water,Squirtle,1,41.1,47.6,65.1,189.0,2,6.3,343,58.5,2,0,2,1684,43,14,6,1,0,0,35,7,3,154.8,156.6,5,0,0,0,,77,46,30.5,57.57,39.55,36.39,Electric,Kanto
1296,Brock_9501,Vermilion City,Water,Squirtle,6,55.6,55.9,67.1,306.7,1,5.3,519,73.1,3,1,4,1428,75,17,15,0,1,2,54,7,1,154.7,166.2,5,0,0,0,,92,67,44.4,66.26,77.35,92.13,Electric,Kanto
1297,Whitney_3096,Saffron City,Water,Squirtle,4,26.9,46.1,56.7,121.5,4,0.6,124,42.1,3,0,2,1709,27,2,7,0,3,1,15,5,0,153.0,160.9,2,0,0,0,,96,39,25.8,64.01,5.75,14.21,Psychic,Kanto
1298,Gold_7703,Saffron City,Water,Squirtle,3,62.9,78.5,63.2,280.3,1,6.1,515,26.3,2,1,1,764,47,10,9,0,1,0,47,5,1,169.0,190.1,3,0,0,0,,109,58,38.4,17.19,9.06,72.41,Psychic,Kanto
1299,Giselle_1252,Saffron City,Fire,Charmander,6,34.8,40.9,63.2,149.8,6,1.3,283,43.4,4,0,7,2176,46,10,10,0,3,0,43,5,4,123.7,173.6,4,0,0,0,,58,50,33.1,51.69,9.41,47.67,Psychic,Kanto
1300,Lance_3159,Lavender Town,Grass,Bulbasaur,2,30.8,31.1,39.0,152.9,3,1.8,318,51.1,3,0,4,1753,45,9,12,0,2,1,44,10,0,128.7,130.7,4,0,0,0,,82,55,36.4,92.62,0.84,43.65,Ghost,Kanto
1301,Richie_3266,Saffron City,Water,Squirtle,6,47.0,58.8,56.5,146.8,5,6.6,213,63.2,3,0,5,2231,38,8,5,0,3,2,22,3,3,128.6,147.7,6,0,0,0,,130,42,27.8,98.78,42.75,37.86,Psychic,Kanto
1302,Koga_7490,Celadon City,Fire,Charmander,6,27.0,27.6,78.1,162.3,2,0.8,306,67.4,3,0,3,1465,46,8,3,0,2,2,44,4,2,163.5,172.7,3,0,0,0,,35,64,42.4,50.16,93.87,49.99,Grass,Kanto
1303,AJ_8391,Lavender Town,Grass,Bulbasaur,3,32.2,32.5,72.8,178.3,2,0.1,339,50.9,3,0,2,1691,51,12,12,0,2,2,39,7,2,153.6,154.0,4,0,0,0,,54,58,38.4,86.85,54.04,60.43,Ghost,Kanto
1304,Yellow_9888,Lavender Town,Water,Squirtle,6,55.7,59.5,47.7,156.6,5,7.0,452,44.3,2,0,1,1145,56,7,11,0,2,2,63,7,3,158.4,159.7,5,0,0,0,,135,64,42.4,34.35,19.65,68.79,Ghost,Kanto
1305,Blaine_8694,Celadon City,Grass,Bulbasaur,6,47.6,53.4,74.4,245.2,2,1.8,565,51.7,1,1,3,611,73,9,12,0,1,0,64,5,0,160.1,162.2,4,0,0,0,,81,86,57.0,58.76,52.91,92.75,Grass,Kanto
1306,Stella_9534,Fuchsia City,Water,Squirtle,6,57.9,79.5,71.7,187.1,4,7.2,315,44.3,4,0,1,1509,38,11,2,0,1,1,46,2,1,153.3,156.6,5,0,0,0,,131,51,33.8,13.62,63.55,32.37,Poison,Kanto
1307,Richie_9672,Cerulean City,Water,Squirtle,6,35.4,44.6,81.2,135.0,3,0.1,394,51.2,2,0,4,718,49,8,7,0,1,1,49,4,0,148.3,182.9,4,0,0,0,,73,60,39.7,43.11,65.57,73.25,Water,Kanto
1308,Karen_3947,Vermilion City,Grass,Bulbasaur,4,37.1,37.8,59.0,279.7,1,2.0,437,36.0,2,1,3,1158,51,9,7,1,1,1,56,4,0,142.7,145.0,2,0,0,0,,80,68,45.0,87.93,33.57,68.1,Electric,Kanto
1309,Jessie_6192,Celadon City,Fire,Charmander,6,42.6,64.0,65.9,118.9,1,5.3,255,66.7,4,0,5,1477,33,4,5,0,3,0,33,6,2,140.5,141.7,4,0,0,0,,92,58,38.4,53.25,52.4,28.89,Grass,Kanto
1310,Gary_1041,Cinnabar Island,Fire,Charmander,6,28.6,31.0,66.9,102.2,1,1.0,258,64.6,3,0,5,1603,33,7,2,1,2,1,32,3,0,143.3,163.2,5,0,0,0,,102,64,42.4,77.51,39.26,28.66,Fire,Kanto
1311,James_2138,Pewter City,Grass,Bulbasaur,2,38.5,71.7,58.4,260.1,6,1.5,560,26.6,3,1,3,2328,44,11,14,0,3,1,57,6,2,140.3,149.2,2,0,0,0,,58,76,50.3,24.94,26.95,94.0,Rock,Kanto
1312,Green_8256,Viridian City,Fire,Charmander,4,48.2,84.2,60.6,304.3,2,4.1,473,73.6,2,1,5,1716,54,12,5,0,1,3,58,3,1,138.7,144.1,7,0,0,0,,78,67,44.4,42.87,49.94,71.87,Ground,Kanto
1313,Ash_6273,Pewter City,Grass,Bulbasaur,4,33.2,36.4,69.4,163.2,4,0.1,279,35.1,2,0,3,374,37,7,8,0,1,0,30,4,1,139.5,149.4,3,0,0,0,,51,42,27.8,72.67,40.47,41.18,Rock,Kanto
1314,Giovanni_6399,Cerulean City,Fire,Charmander,3,24.5,27.7,82.9,144.4,5,0.3,244,73.1,4,0,4,1936,51,5,7,1,2,1,32,6,1,146.1,148.3,5,0,0,0,,83,53,35.1,88.38,84.27,42.87,Water,Kanto
1315,Lorelei_1758,Celadon City,Fire,Charmander,5,41.4,41.9,60.9,265.5,1,2.9,548,65.8,4,1,1,1705,63,22,11,1,5,2,65,6,0,145.9,157.0,6,0,0,0,,79,73,48.3,82.09,63.01,95.22,Grass,Kanto
1316,Tracey_7166,Cinnabar Island,Fire,Charmander,6,45.0,48.2,81.7,188.9,4,4.6,412,74.2,3,0,8,1750,51,8,9,1,2,2,42,3,1,172.5,174.5,7,0,0,0,,124,73,48.3,60.17,86.83,59.45,Fire,Kanto
1317,Chuck_8078,Pallet Town,Grass,Bulbasaur,2,33.0,38.2,53.2,162.4,2,1.1,332,55.6,1,0,2,805,40,8,10,1,5,0,29,8,2,152.7,161.0,3,0,0,0,,144,21,13.9,79.25,30.14,44.94,None,Kanto
1318,Yellow_8035,Viridian City,Water,Squirtle,4,41.7,47.5,64.6,252.8,2,2.0,492,51.6,4,1,1,2204,58,8,11,0,1,1,62,5,0,134.1,136.2,3,0,0,0,,93,85,56.3,66.53,42.38,80.52,Ground,Kanto
1319,Agatha_6008,Celadon City,Water,Squirtle,6,21.2,30.2,57.1,213.2,2,0.8,119,31.6,3,1,1,1037,27,4,3,1,2,1,19,6,0,128.8,168.7,1,0,0,0,,45,58,38.4,42.4,38.48,3.54,Grass,Kanto
1320,Green_3886,Vermilion City,Fire,Charmander,6,34.6,61.3,56.4,125.3,5,2.9,225,36.7,4,0,2,2228,46,6,3,0,3,0,34,2,1,153.4,161.9,3,0,0,0,,74,51,33.8,28.74,30.79,28.9,Electric,Kanto
1321,Whitney_6562,Pewter City,Grass,Bulbasaur,2,23.8,26.0,53.7,171.3,4,1.0,65,38.1,2,1,5,993,10,1,3,0,3,1,17,4,2,149.0,183.6,2,0,0,0,,99,25,16.6,27.99,11.59,2.82,Rock,Kanto
1322,Will_4160,Saffron City,Water,Squirtle,6,38.3,41.7,71.0,242.7,3,1.4,527,42.2,3,0,3,1892,64,13,13,0,2,0,63,4,2,146.0,153.6,3,0,0,0,,81,70,46.4,46.05,55.03,98.75,Psychic,Kanto
1323,Bill_4857,Lavender Town,Grass,Bulbasaur,6,32.5,36.3,60.1,174.1,1,1.8,346,45.4,3,0,4,1593,38,10,4,0,3,1,35,7,1,145.7,152.2,2,0,0,0,,105,52,34.4,85.05,78.37,26.98,Ghost,Kanto
1324,Blaine_1320,Viridian City,Grass,Bulbasaur,4,51.7,54.5,61.9,280.0,4,5.7,539,36.1,3,1,5,1900,51,13,10,0,6,1,56,7,3,169.8,194.5,3,0,0,0,,65,86,57.0,49.58,27.92,71.86,Ground,Kanto
1325,Chuck_1004,Lavender Town,Fire,Charmander,1,24.2,26.7,63.1,251.4,1,1.0,305,56.1,2,1,2,982,37,9,0,1,1,0,39,3,4,116.5,117.1,3,0,0,0,,80,65,43.0,16.19,94.12,46.06,Ghost,Kanto
1326,Tracey_5511,Pallet Town,Grass,Bulbasaur,4,51.9,54.4,87.6,163.9,3,8.6,257,66.4,4,0,3,2311,21,7,5,0,2,0,30,5,0,135.8,138.0,5,0,0,0,,185,17,11.3,55.27,97.73,26.72,None,Kanto
1327,Dario_7334,Cinnabar Island,Grass,Bulbasaur,6,44.8,56.6,58.3,238.7,2,4.6,320,48.0,3,1,0,1626,50,8,8,1,0,1,40,5,1,137.1,143.2,4,0,0,0,,147,39,25.8,25.98,56.95,36.82,Fire,Kanto
1328,Todd_8605,Pewter City,Grass,Bulbasaur,6,43.7,52.2,68.2,242.5,4,4.5,572,64.0,3,0,6,1821,77,13,11,1,3,0,63,3,1,126.8,145.6,5,0,0,0,,105,86,57.0,65.87,37.09,88.21,Rock,Kanto
1329,Silver_1706,Cinnabar Island,Fire,Charmander,6,48.5,55.0,76.0,141.1,2,5.3,168,59.1,3,0,1,1945,11,6,10,0,1,0,24,6,0,138.3,150.4,4,0,0,0,,141,21,13.9,29.82,79.38,21.41,Fire,Kanto
1330,Yellow_9876,Pallet Town,Fire,Charmander,4,53.0,63.7,56.3,277.8,4,3.3,563,32.0,3,1,2,2172,87,19,15,1,2,1,76,1,0,177.0,182.2,4,0,0,0,,112,82,54.3,25.3,11.16,94.96,None,Kanto
1331,Joe_9525,Pallet Town,Grass,Bulbasaur,6,34.6,36.1,69.2,234.3,2,0.9,499,30.5,4,0,2,2710,53,10,9,0,1,1,66,3,1,155.0,161.8,1,0,0,0,,72,79,52.3,14.82,46.42,82.05,None,Kanto
1332,Bill_8452,Cerulean City,Grass,Bulbasaur,4,46.5,57.3,80.4,99.6,2,6.6,349,68.2,3,0,2,1571,42,5,7,0,2,0,34,8,2,129.3,224.3,4,0,0,0,,139,36,23.8,69.9,47.9,48.48,Water,Kanto
1333,Crystal_7302,Lavender Town,Grass,Bulbasaur,3,30.0,31.0,65.2,177.5,5,2.1,440,35.2,3,0,0,1582,42,10,10,1,1,2,47,4,1,131.6,145.8,4,0,0,0,,43,62,41.1,13.07,28.25,54.47,Ghost,Kanto
1334,Dario_5374,Pallet Town,Fire,Charmander,3,32.9,36.3,54.4,247.1,2,3.4,313,50.4,3,1,1,1277,42,8,12,0,4,2,29,2,0,132.0,136.0,3,0,0,0,,93,39,25.8,16.02,41.46,43.03,None,Kanto
1335,Yellow_2993,Fuchsia City,Water,Squirtle,6,43.0,44.4,76.3,133.5,2,6.8,312,60.3,3,0,1,1809,52,3,8,1,1,1,43,5,3,159.4,199.3,5,0,0,0,,118,54,35.8,6.27,98.4,38.34,Poison,Kanto
1336,Crystal_1640,Lavender Town,Water,Squirtle,6,49.9,75.9,60.3,247.3,5,6.0,308,72.0,4,1,5,2093,43,12,9,0,1,1,43,4,0,115.5,121.0,7,0,0,0,,171,40,26.5,36.57,62.59,43.18,Ghost,Kanto
1337,Surge_4558,Vermilion City,Fire,Charmander,6,30.3,30.9,69.2,278.4,3,1.2,385,45.7,3,1,1,2131,44,7,7,0,2,1,54,5,1,163.2,174.2,4,0,0,0,,52,45,29.8,13.23,71.05,58.37,Electric,Kanto
1338,Gold_6185,Celadon City,Fire,Charmander,4,40.8,51.6,71.3,243.4,1,2.5,439,42.6,4,1,4,2626,31,10,16,1,3,0,58,7,1,143.7,163.2,3,0,0,0,,59,65,43.0,56.51,30.93,73.49,Grass,Kanto
1339,Joe_2517,Pallet Town,Water,Squirtle,4,33.8,41.9,77.2,245.8,1,4.5,175,83.0,2,1,6,924,17,4,7,1,2,1,22,11,1,152.5,177.4,5,0,0,0,,120,37,24.5,92.52,93.91,0.99,None,Kanto
1340,Giselle_5034,Pallet Town,Water,Squirtle,4,29.1,35.9,62.3,309.1,2,1.8,514,54.0,2,1,8,1660,58,13,10,0,0,0,66,4,0,196.1,217.4,2,0,0,0,,147,76,50.3,78.2,33.43,90.51,None,Kanto
1341,Aya_4604,Pewter City,Fire,Charmander,2,36.0,41.2,94.0,279.7,4,0.9,496,63.5,3,1,1,1347,53,9,14,0,3,0,53,4,1,129.1,134.4,4,0,0,0,,80,54,35.8,48.96,83.58,88.87,Rock,Kanto
1342,James_2865,Celadon City,Grass,Bulbasaur,2,39.1,45.5,94.0,276.6,3,2.4,544,65.6,3,1,4,1425,59,16,14,0,0,1,68,10,2,173.7,177.8,5,0,0,0,,92,82,54.3,98.09,91.86,99.03,Grass,Kanto
1343,Bruno_3934,Vermilion City,Grass,Bulbasaur,6,27.0,38.9,53.5,178.1,3,0.5,55,55.9,4,1,4,2257,12,5,4,0,1,0,18,9,1,136.6,146.6,2,0,0,0,,85,27,17.9,72.92,29.16,8.41,Electric,Kanto
1344,Tracey_4604,Pallet Town,Fire,Charmander,5,44.5,50.8,53.2,184.3,3,1.7,520,34.8,2,0,7,1279,77,12,15,0,1,0,46,4,0,169.0,170.5,2,0,0,0,,34,63,41.7,39.47,42.4,97.53,None,Kanto
1345,Whitney_7029,Saffron City,Water,Squirtle,5,27.7,31.0,67.6,106.7,3,1.4,288,69.0,4,0,6,1728,28,3,8,0,3,0,34,6,1,181.8,193.8,4,0,0,0,,96,57,37.7,85.54,78.53,44.96,Psychic,Kanto
1346,Stella_9332,Saffron City,Fire,Charmander,4,50.2,67.3,66.2,216.7,3,8.3,252,59.5,5,1,1,3044,20,7,7,1,3,1,32,2,3,143.4,158.1,6,0,0,0,,131,28,18.5,26.97,60.22,8.27,Psychic,Kanto
1347,Richie_2925,Cerulean City,Grass,Bulbasaur,6,40.5,41.6,47.3,228.9,2,2.4,465,80.1,2,1,3,851,65,16,7,1,1,0,52,5,1,151.4,167.3,6,0,0,0,,92,56,37.1,87.63,42.97,84.52,Water,Kanto
1348,Jasmine_3741,Viridian City,Grass,Bulbasaur,1,40.6,45.8,55.5,273.9,4,5.5,383,43.0,2,1,0,960,42,18,8,1,2,2,46,5,1,122.8,126.4,4,0,0,0,,98,44,29.1,8.7,4.77,39.69,Ground,Kanto
1349,Erika_7587,Lavender Town,Water,Squirtle,4,31.0,41.5,63.5,189.7,6,3.9,299,54.5,3,1,2,1487,52,5,7,0,2,0,31,1,1,143.8,150.9,5,0,0,0,,108,48,31.8,43.22,55.15,47.62,Ghost,Kanto
1350,Falkner_1752,Saffron City,Water,Squirtle,6,65.0,72.3,76.9,219.6,1,13.6,533,73.6,3,1,2,1026,58,17,9,1,0,1,54,6,5,128.1,129.6,8,1,1,1,556.0,163,59,39.1,29.79,88.11,62.06,Psychic,Kanto
1351,Todd_9121,Cerulean City,Grass,Bulbasaur,6,57.8,60.9,61.1,335.3,1,9.0,512,62.0,1,1,4,1222,56,14,9,1,1,1,61,2,0,154.5,155.0,4,0,0,0,,131,77,51.0,92.04,37.24,68.44,Water,Kanto
1352,Gary_9931,Saffron City,Water,Squirtle,3,23.3,33.0,56.9,147.3,2,1.4,313,22.7,4,0,1,2433,37,7,5,0,2,2,37,3,0,163.9,165.1,1,0,0,0,,47,30,19.9,6.41,14.8,48.76,Psychic,Kanto
1353,Blue_3865,Vermilion City,Water,Squirtle,6,46.6,50.3,37.6,308.8,1,1.8,515,43.5,3,1,5,1801,65,14,11,1,3,5,70,4,0,137.7,142.7,4,0,0,0,,133,58,38.4,70.66,6.32,79.83,Electric,Kanto
1354,Silver_6540,Saffron City,Water,Squirtle,6,31.0,41.7,77.3,190.8,5,0.5,459,72.2,4,0,5,2055,56,8,4,0,0,2,57,3,2,154.1,172.7,6,0,0,0,,75,79,52.3,80.16,88.85,77.41,Psychic,Kanto
1355,James_5548,Viridian City,Grass,Bulbasaur,6,19.9,43.8,84.3,133.1,1,0.7,16,57.6,2,0,5,1398,5,3,0,0,1,2,11,8,3,131.9,161.5,2,0,0,0,,118,26,17.2,84.38,92.49,5.66,Ground,Kanto
1356,Clair_6282,Vermilion City,Water,Squirtle,2,45.0,49.7,72.2,212.2,2,8.0,261,51.2,5,1,0,2393,23,3,10,1,1,1,30,6,1,125.0,131.6,5,0,0,0,,191,41,27.2,45.1,32.0,29.96,Electric,Kanto
1357,Sabrina_8301,Vermilion City,Water,Squirtle,4,29.7,51.1,57.7,191.1,2,0.9,475,58.2,4,0,6,1935,62,16,9,0,3,0,51,10,1,166.9,184.8,3,0,0,0,,67,74,49.0,88.12,42.76,74.83,Electric,Kanto
1358,Casey_7595,Saffron City,Water,Squirtle,3,41.1,44.9,60.0,280.2,4,5.0,494,56.6,3,1,3,1831,60,12,15,0,2,1,50,3,0,167.3,182.0,5,0,0,0,,86,71,47.0,27.09,33.95,83.26,Psychic,Kanto
1359,Surge_7537,Pewter City,Fire,Charmander,4,37.1,41.0,62.0,241.4,1,3.1,234,33.4,3,1,0,1775,19,7,5,0,3,0,39,5,1,122.1,125.3,2,0,0,0,,115,36,23.8,6.98,40.32,28.92,Rock,Kanto
1360,Ash_2623,Celadon City,Grass,Bulbasaur,4,52.4,58.1,57.6,287.1,2,10.4,470,52.9,3,1,1,1514,61,13,9,1,0,0,63,1,0,126.2,128.4,6,0,0,0,,156,67,44.4,15.96,19.57,61.85,Grass,Kanto
1361,Samurai_9366,Celadon City,Water,Squirtle,6,35.5,36.7,54.4,226.8,1,7.7,128,31.1,3,1,2,1392,21,3,1,1,2,0,10,1,3,97.4,97.7,2,0,0,0,,180,18,11.9,3.16,31.05,0.85,Grass,Kanto
1362,Brock_1967,Saffron City,Grass,Bulbasaur,2,38.0,45.7,59.3,145.3,6,5.1,173,57.4,4,0,6,1675,33,7,2,1,1,0,22,5,1,152.0,173.7,6,0,0,0,,99,36,23.8,81.26,12.32,14.48,Psychic,Kanto
1363,Ash_1589,Fuchsia City,Grass,Bulbasaur,6,40.4,42.8,63.4,117.6,3,9.7,222,60.4,4,1,3,2025,33,5,11,0,2,1,32,8,2,131.7,137.6,4,0,0,0,,166,38,25.2,76.56,59.69,18.08,Poison,Kanto
1364,Casey_3643,Fuchsia City,Fire,Charmander,4,50.2,82.0,68.0,164.6,2,7.4,427,50.5,2,0,0,1176,42,5,8,1,5,1,51,2,0,145.6,182.1,5,0,0,0,,150,55,36.4,8.8,34.79,57.04,Poison,Kanto
1365,Giselle_3538,Pewter City,Grass,Bulbasaur,2,16.4,30.4,60.6,122.6,2,0.7,97,36.8,4,0,2,1826,9,2,2,0,3,1,19,2,2,138.8,200.4,2,0,0,0,,5,18,11.9,53.31,33.78,12.67,Rock,Kanto
1366,Clair_3120,Saffron City,Water,Squirtle,6,76.0,97.4,62.0,171.7,4,15.0,420,45.4,2,0,5,1649,33,8,15,1,2,2,47,5,0,125.8,181.4,6,0,0,0,,171,75,49.7,58.67,21.49,41.63,Psychic,Kanto
1367,AJ_9699,Fuchsia City,Fire,Charmander,4,26.7,37.7,50.8,175.5,2,0.3,182,54.3,3,0,4,1944,34,6,6,0,3,0,39,7,0,143.5,145.0,4,0,0,0,,61,44,29.1,89.53,38.2,32.43,Poison,Kanto
1368,Janine_4434,Lavender Town,Water,Squirtle,1,53.0,54.8,75.7,233.0,3,9.7,303,53.1,4,1,3,2036,38,10,11,1,1,4,42,3,2,113.8,152.7,4,0,0,0,,132,40,26.5,19.71,51.08,22.22,Ghost,Kanto
1369,Brock_5423,Celadon City,Grass,Bulbasaur,3,32.0,34.8,47.9,178.1,2,2.6,105,38.9,1,1,3,541,18,8,5,0,2,1,14,3,0,142.5,146.6,1,0,0,0,,95,16,10.6,23.09,26.88,8.97,Grass,Kanto
1370,Richie_8159,Pallet Town,Fire,Charmander,2,31.1,36.2,49.2,162.7,1,1.2,148,36.4,2,1,5,1169,22,6,3,0,0,0,23,3,0,102.4,105.3,1,0,0,0,,101,27,17.9,60.41,55.65,13.83,None,Kanto
1371,AJ_7048,Fuchsia City,Water,Squirtle,4,48.1,51.0,65.1,205.2,2,2.5,510,35.7,3,0,2,2195,61,10,10,1,0,0,62,4,0,111.2,123.1,4,0,0,0,,130,91,60.3,16.48,23.65,91.06,Poison,Kanto
1372,Erika_1656,Lavender Town,Fire,Charmander,5,29.1,29.2,52.4,158.3,5,0.2,462,49.0,4,0,0,1923,49,11,9,0,5,1,52,4,4,125.9,140.9,4,0,0,0,,52,64,42.4,4.33,39.61,77.68,Ghost,Kanto
1373,Daisy_5310,Pewter City,Water,Squirtle,2,36.6,47.1,51.0,268.6,6,0.2,527,42.0,4,1,3,2597,61,9,7,0,2,0,51,5,2,151.7,172.3,4,0,0,0,,53,91,60.3,77.46,25.21,94.71,Rock,Kanto
1374,Giovanni_7832,Cinnabar Island,Fire,Charmander,2,39.3,41.4,54.3,123.5,2,4.8,282,31.7,1,0,2,803,46,8,9,0,1,0,38,3,0,119.9,164.1,2,0,0,0,,111,34,22.5,7.25,26.12,37.47,Fire,Kanto
1375,Blue_7286,Viridian City,Grass,Bulbasaur,6,31.7,42.3,50.7,198.5,1,1.0,84,39.6,3,1,1,1593,5,3,4,0,2,1,9,5,3,141.5,159.0,1,0,0,0,,17,12,7.9,68.47,18.73,3.11,Ground,Kanto
1376,Clair_3039,Lavender Town,Fire,Charmander,5,46.3,58.0,69.6,328.5,5,3.3,589,64.6,3,1,5,1262,54,20,15,0,2,0,62,5,0,136.3,138.9,6,0,0,0,,100,67,44.4,67.99,72.08,91.97,Ghost,Kanto
1377,Green_8292,Pallet Town,Fire,Charmander,6,51.5,52.1,46.2,182.7,4,8.1,497,51.7,4,0,7,2101,48,17,16,0,6,1,58,8,1,185.8,206.2,5,0,0,0,,151,76,50.3,43.07,24.69,75.02,None,Kanto
1378,Red_9521,Celadon City,Grass,Bulbasaur,3,33.4,36.0,95.7,98.8,1,0.4,27,59.3,4,0,5,2416,7,2,3,1,1,2,6,3,1,183.1,194.5,4,0,0,0,,58,36,23.8,51.23,99.49,2.13,Grass,Kanto
1379,Ash_7852,Lavender Town,Water,Squirtle,4,33.2,34.4,63.2,119.0,3,4.0,122,67.0,3,0,3,1725,15,3,5,0,2,1,21,3,3,170.1,177.9,5,0,0,0,,130,45,29.8,69.8,69.15,6.47,Ghost,Kanto
1380,Pryce_7519,Cinnabar Island,Fire,Charmander,6,26.0,34.3,60.6,229.9,3,0.2,357,33.9,3,1,1,1503,44,9,7,1,3,1,31,2,1,166.6,175.8,3,0,0,0,,50,47,31.1,11.06,52.24,62.33,Fire,Kanto
1381,Will_2923,Saffron City,Fire,Charmander,5,40.7,52.4,62.4,219.4,2,0.6,512,29.0,3,1,6,1753,60,16,14,0,2,1,65,3,1,156.7,158.7,3,0,0,0,,92,74,49.0,57.77,25.67,80.62,Psychic,Kanto
1382,Ash_6290,Saffron City,Fire,Charmander,1,53.4,70.8,55.9,176.0,1,8.2,459,68.4,2,0,4,1499,57,11,14,0,2,0,52,7,2,144.0,150.4,5,0,0,0,,131,64,42.4,94.37,24.99,60.52,Psychic,Kanto
1383,Giselle_7048,Saffron City,Grass,Bulbasaur,6,76.4,83.3,62.7,240.1,6,15.0,299,72.4,4,1,3,2691,19,7,14,1,1,2,41,5,3,120.7,129.7,8,1,1,1,304.0,207,47,31.1,87.16,22.63,29.67,Psychic,Kanto
1384,Lorelei_1423,Saffron City,Grass,Bulbasaur,3,18.0,27.5,64.1,98.6,1,0.6,93,35.9,3,0,1,1711,18,6,6,0,1,2,17,6,0,112.2,147.5,1,0,0,0,,37,24,15.9,25.51,4.95,4.45,Psychic,Kanto
1385,Silver_3530,Lavender Town,Grass,Bulbasaur,1,24.8,38.1,69.2,216.3,1,0.5,48,46.0,2,1,1,1409,14,5,2,0,3,1,12,4,0,112.0,188.3,1,0,0,0,,57,1,0.7,10.42,48.28,0.06,Ghost,Kanto
1386,Jessie_9670,Fuchsia City,Fire,Charmander,5,29.3,42.8,65.0,325.4,2,0.3,479,43.2,3,1,2,1929,60,14,14,0,2,2,51,4,0,129.3,163.9,2,0,0,0,,79,50,33.1,53.48,36.4,96.37,Poison,Kanto
1387,James_9135,Cinnabar Island,Fire,Charmander,2,21.1,60.9,76.9,171.4,2,0.8,188,47.3,2,0,3,1226,27,4,10,0,3,0,29,2,0,122.2,127.7,2,0,0,0,,91,35,23.2,21.86,78.18,12.6,Fire,Kanto
1388,Will_6651,Saffron City,Fire,Charmander,4,14.0,19.2,74.9,106.3,2,1.2,119,63.6,3,0,2,1592,35,4,7,0,2,0,12,5,2,128.8,137.5,2,0,0,0,,85,38,25.2,48.17,56.28,6.57,Psychic,Kanto
1389,Whitney_9742,Lavender Town,Fire,Charmander,4,35.6,62.0,86.3,293.4,2,1.1,494,55.8,2,1,2,1023,59,16,12,1,2,2,62,3,0,159.9,184.1,5,0,0,0,,40,72,47.7,25.88,67.31,90.69,Ghost,Kanto
1390,Lara_2628,Vermilion City,Water,Squirtle,6,54.9,60.2,51.8,264.8,2,7.6,642,49.1,3,1,3,1877,70,11,12,0,4,1,81,5,1,144.6,156.1,4,0,0,0,,147,81,53.6,38.85,20.24,87.84,Electric,Kanto
1391,Karen_6069,Saffron City,Fire,Charmander,6,25.9,29.2,70.7,122.7,1,1.9,194,49.5,4,0,0,2066,23,11,4,1,1,1,27,2,3,159.0,164.5,3,0,0,0,,134,31,20.5,9.87,58.33,27.28,Psychic,Kanto
1392,Koji_7063,Celadon City,Fire,Charmander,6,34.5,43.7,67.8,149.4,3,4.5,230,79.3,4,0,3,1815,22,9,14,1,3,0,29,2,1,183.8,202.0,7,0,0,0,,140,44,29.1,51.73,76.44,17.57,Grass,Kanto
1393,Chuck_1914,Fuchsia City,Fire,Charmander,6,40.6,46.2,81.5,292.8,3,4.3,539,69.7,4,1,5,2187,56,11,13,1,5,0,79,3,0,176.4,202.8,5,0,0,0,,119,64,42.4,91.95,58.69,88.1,Poison,Kanto
1394,Yellow_5285,Fuchsia City,Fire,Charmander,6,29.8,34.1,79.4,187.7,3,1.1,404,48.5,4,0,2,2284,59,9,8,0,0,1,48,2,0,178.1,185.8,1,0,0,0,,60,73,48.3,74.66,63.75,74.09,Poison,Kanto
1395,Whitney_5345,Saffron City,Water,Squirtle,4,46.1,47.2,32.7,194.9,1,7.1,125,32.1,5,1,3,2656,22,3,4,0,2,5,31,7,2,149.7,159.4,2,0,0,0,,145,30,19.9,47.73,1.93,4.23,Psychic,Kanto
1396,Silver_1006,Saffron City,Water,Squirtle,3,35.3,42.7,65.2,283.7,1,2.1,418,34.3,4,1,2,1834,51,12,10,1,1,1,42,4,2,146.3,167.0,1,0,0,0,,69,45,29.8,4.49,42.75,59.64,Psychic,Kanto
1397,Yellow_1244,Celadon City,Water,Squirtle,6,53.5,62.9,63.9,131.7,1,3.5,252,35.6,4,0,1,1693,34,9,11,0,3,1,44,3,0,129.7,137.8,2,0,0,0,,110,30,19.9,6.7,37.09,37.82,Grass,Kanto
1398,Surge_5774,Pewter City,Grass,Bulbasaur,6,46.0,46.7,77.2,275.8,4,4.3,376,79.2,4,1,7,2120,59,5,4,0,4,1,39,8,4,129.9,148.7,6,0,0,0,,149,65,43.0,72.07,89.18,60.79,Rock,Kanto
1399,Janine_1923,Cinnabar Island,Water,Squirtle,6,52.5,65.6,61.1,286.3,4,8.8,583,54.4,4,1,3,2270,65,15,16,1,2,0,67,4,0,183.5,184.2,6,0,0,0,,198,76,50.3,81.7,49.56,77.89,Fire,Kanto
1400,Falkner_9335,Cinnabar Island,Grass,Bulbasaur,6,30.1,35.3,69.7,218.3,1,0.5,316,53.9,3,1,3,1666,48,6,4,0,2,0,46,2,0,133.5,153.0,3,0,0,0,,51,36,23.8,35.27,62.79,55.58,Fire,Kanto
1401,Agatha_3600,Saffron City,Fire,Charmander,3,54.5,71.6,50.9,267.1,1,5.0,529,65.1,3,1,7,2457,63,17,12,0,5,0,60,7,3,158.3,175.2,6,0,0,0,,147,75,49.7,92.58,55.04,74.77,Psychic,Kanto
1402,Karen_6964,Celadon City,Water,Squirtle,6,62.3,63.0,76.1,271.6,1,11.1,278,78.8,3,1,5,1296,30,6,4,1,2,1,38,4,4,165.5,170.8,7,0,0,0,,203,42,27.8,66.81,96.08,16.14,Grass,Kanto
1403,Richie_7792,Cinnabar Island,Water,Squirtle,2,42.9,48.1,67.5,208.7,2,0.1,513,36.6,4,0,2,2732,65,13,12,0,4,0,54,6,2,143.3,151.2,3,0,0,0,,69,75,49.7,51.85,52.42,90.87,Fire,Kanto
1404,Blaine_1212,Fuchsia City,Grass,Bulbasaur,6,41.0,65.1,65.7,178.9,6,3.4,392,70.2,3,0,4,2002,52,7,11,0,3,1,49,7,3,170.3,171.7,6,0,0,0,,85,52,34.4,96.73,34.49,74.58,Poison,Kanto
1405,Green_7514,Cerulean City,Water,Squirtle,6,31.9,41.4,80.6,141.2,2,3.6,168,46.3,4,0,4,2204,31,8,7,1,4,0,21,3,1,125.2,134.9,4,0,0,0,,121,50,33.1,93.36,51.97,11.43,Water,Kanto
1406,Giselle_7568,Viridian City,Fire,Charmander,6,44.3,55.8,71.7,104.4,3,7.0,146,44.1,4,1,3,1969,17,2,8,1,2,2,30,4,1,144.5,161.4,4,0,0,0,,152,31,20.5,59.34,22.05,9.28,Ground,Kanto
1407,James_2371,Fuchsia City,Grass,Bulbasaur,6,34.9,38.2,85.4,299.4,5,1.3,524,46.2,4,1,0,2194,62,15,15,1,2,2,46,3,4,166.7,206.4,3,0,0,0,,46,68,45.0,31.95,98.09,92.23,Poison,Kanto
1408,Red_4868,Saffron City,Fire,Charmander,6,46.8,58.7,57.3,294.2,2,6.3,390,40.3,3,1,2,2198,51,8,8,0,0,2,58,2,0,160.9,166.0,3,0,0,0,,196,70,46.4,10.98,22.9,54.88,Psychic,Kanto
1409,James_7240,Lavender Town,Fire,Charmander,6,38.6,38.8,40.9,212.6,5,3.2,403,34.3,3,0,5,1863,45,10,13,1,6,2,47,10,1,145.0,202.1,4,0,0,0,,104,63,41.7,58.09,11.89,61.88,Ghost,Kanto
1410,Aya_1101,Pewter City,Fire,Charmander,6,69.8,71.9,68.3,211.0,2,15.0,509,91.1,4,0,2,2053,43,10,12,1,3,0,53,4,0,141.2,154.7,8,1,1,1,536.0,203,72,47.7,66.44,76.86,53.55,Rock,Kanto
1411,Bruno_1291,Fuchsia City,Fire,Charmander,6,45.8,61.7,68.6,210.0,2,1.5,491,61.6,5,0,2,2441,48,14,14,0,4,0,63,2,2,149.8,159.5,5,0,0,0,,88,73,48.3,41.23,71.12,80.42,Poison,Kanto
1412,Brock_3073,Pallet Town,Grass,Bulbasaur,6,35.0,51.4,67.7,95.7,3,4.4,178,46.0,2,0,1,1365,17,6,4,1,2,1,27,5,0,153.1,163.7,3,0,0,0,,61,24,15.9,46.2,58.6,16.21,None,Kanto
1413,Red_7565,Saffron City,Grass,Bulbasaur,6,39.8,47.9,61.1,266.4,3,0.0,454,21.5,2,1,2,870,49,12,12,0,3,0,59,9,1,147.2,154.8,1,0,0,0,,55,50,33.1,33.35,0.17,79.61,Psychic,Kanto
1414,Falkner_1671,Fuchsia City,Fire,Charmander,3,34.6,51.0,50.2,109.2,4,3.9,158,35.7,3,0,3,2014,21,5,4,0,2,0,26,3,0,153.7,156.3,2,0,0,0,,54,23,15.2,55.73,20.94,18.53,Poison,Kanto
1415,Morty_2007,Cerulean City,Grass,Bulbasaur,5,37.8,62.5,43.7,231.7,1,1.8,311,40.1,2,1,2,655,44,6,7,0,3,0,44,3,1,137.1,150.6,2,0,0,0,,110,51,33.8,35.04,12.34,58.99,Water,Kanto
1416,Koga_1936,Lavender Town,Fire,Charmander,6,43.1,47.8,68.2,164.3,1,2.0,557,36.8,3,0,1,2170,58,15,17,1,1,1,70,4,1,128.7,130.1,3,0,0,0,,99,66,43.7,20.73,16.15,89.8,Ghost,Kanto
1417,Richie_6018,Fuchsia City,Fire,Charmander,6,33.3,34.9,59.7,211.6,2,2.3,363,43.8,3,1,5,2084,46,14,8,1,2,1,53,2,2,125.9,127.5,3,0,0,0,,45,67,44.4,36.2,26.21,57.23,Poison,Kanto
1418,Richie_6366,Pallet Town,Fire,Charmander,3,28.8,39.0,84.6,212.2,3,1.8,282,74.1,2,1,4,1296,34,6,10,0,1,0,36,9,3,110.6,122.1,4,0,0,0,,32,42,27.8,27.79,95.6,38.24,None,Kanto
1419,Misty_7758,Saffron City,Grass,Bulbasaur,4,34.8,43.2,69.5,309.7,2,1.2,465,53.6,2,1,5,888,41,14,8,0,3,0,64,8,1,140.6,156.2,4,0,0,0,,114,75,49.7,46.04,77.89,72.84,Psychic,Kanto
1420,Bugsy_5346,Pallet Town,Fire,Charmander,4,31.4,60.8,65.1,226.1,1,1.3,316,45.6,3,1,0,1926,36,4,6,0,0,0,38,4,3,131.2,159.5,3,0,0,0,,91,41,27.2,6.32,58.87,37.18,None,Kanto
1421,Agatha_4322,Pallet Town,Grass,Bulbasaur,5,62.9,80.4,65.2,258.8,1,7.1,348,50.1,3,1,1,1750,35,6,12,1,3,3,41,2,1,139.8,148.6,5,0,0,0,,111,50,33.1,4.59,42.75,45.18,None,Kanto
1422,Morty_8351,Saffron City,Water,Squirtle,6,55.9,58.1,56.0,166.7,4,14.3,242,46.4,3,0,1,1802,19,4,13,1,2,0,44,5,2,132.9,137.6,5,0,0,0,,205,34,22.5,8.94,38.72,1.77,Psychic,Kanto
1423,Chuck_4192,Cinnabar Island,Grass,Bulbasaur,6,38.2,47.7,62.0,235.5,1,3.2,329,58.9,3,1,4,1668,46,10,4,0,1,0,30,4,0,146.5,147.5,3,0,0,0,,66,51,33.8,62.19,58.8,51.09,Fire,Kanto
1424,Samurai_7269,Lavender Town,Fire,Charmander,6,35.7,38.4,49.6,253.4,2,0.4,435,30.1,2,1,0,1140,45,6,13,1,4,2,40,3,1,147.0,183.1,2,0,0,0,,95,57,37.7,8.13,7.94,73.46,Ghost,Kanto
1425,Surge_8568,Cinnabar Island,Fire,Charmander,6,22.3,40.3,59.1,130.0,1,1.0,188,41.2,4,0,2,1892,31,5,4,0,3,0,30,2,0,95.7,105.1,1,0,0,0,,85,29,19.2,23.74,19.07,33.73,Fire,Kanto
1426,Morty_4871,Fuchsia City,Grass,Bulbasaur,6,38.7,39.3,96.3,214.3,1,3.8,115,80.1,2,1,3,998,2,4,4,0,1,1,23,4,1,137.0,137.0,4,0,0,0,,120,21,13.9,65.14,95.83,12.68,Poison,Kanto
1427,Bruno_9307,Viridian City,Water,Squirtle,6,49.0,68.5,86.3,162.1,3,3.8,317,63.7,3,0,5,1579,55,13,5,1,4,0,39,7,2,142.0,156.6,6,0,0,0,,160,57,37.7,92.68,82.81,49.55,Ground,Kanto
1428,Brock_2970,Pallet Town,Fire,Charmander,6,24.9,27.8,54.6,307.6,1,1.1,432,37.4,3,1,4,1860,67,9,6,1,1,1,56,5,1,175.7,183.5,1,0,0,0,,31,75,49.7,38.38,25.48,65.6,None,Kanto
1429,Bill_6408,Fuchsia City,Water,Squirtle,4,42.3,56.9,50.1,109.8,4,4.0,180,31.1,3,0,3,1153,29,9,4,1,3,1,28,10,1,139.9,144.8,2,0,0,0,,77,29,19.2,70.04,30.37,27.64,Poison,Kanto
1430,Misty_6574,Vermilion City,Grass,Bulbasaur,4,25.3,32.1,58.3,174.1,3,0.7,314,35.0,2,0,2,729,52,13,1,1,3,0,38,5,1,155.3,163.2,1,0,0,0,,32,53,35.1,77.56,12.54,38.94,Electric,Kanto
1431,Karen_7442,Fuchsia City,Grass,Bulbasaur,3,43.8,66.8,88.4,211.3,3,1.9,429,64.8,3,1,6,1630,69,10,8,0,3,1,37,7,1,120.3,154.4,5,0,0,0,,99,78,51.7,55.11,89.7,82.64,Poison,Kanto
1432,Surge_7844,Celadon City,Water,Squirtle,1,35.4,36.6,57.7,171.2,2,3.1,371,38.2,2,0,0,1438,26,6,12,0,1,0,43,1,1,115.8,166.9,3,0,0,0,,78,34,22.5,2.72,23.93,51.68,Grass,Kanto
1433,Samurai_8461,Fuchsia City,Water,Squirtle,2,32.8,54.1,71.9,258.6,4,0.2,474,49.4,2,1,4,911,62,12,9,0,1,1,42,6,0,188.9,198.5,2,0,0,0,,87,67,44.4,99.83,31.35,75.81,Poison,Kanto
1434,Misty_9800,Saffron City,Fire,Charmander,5,28.2,36.6,19.2,250.5,1,2.9,419,29.3,3,1,1,1243,48,14,11,0,3,1,38,5,1,141.0,186.3,1,0,0,0,,81,68,45.0,18.18,1.59,71.3,Psychic,Kanto
1435,Erika_9162,Cerulean City,Water,Squirtle,6,48.1,52.5,54.2,164.4,4,6.8,300,53.0,3,0,3,1617,26,4,8,0,3,1,40,2,2,124.0,133.4,5,0,0,0,,90,56,37.1,32.84,29.15,31.06,Water,Kanto
1436,Janine_9504,Viridian City,Water,Squirtle,5,38.2,44.9,73.3,227.6,3,0.1,622,79.9,3,0,3,1759,74,13,11,0,4,0,65,2,0,152.6,156.3,6,0,0,0,,110,88,58.3,55.15,97.04,99.92,Ground,Kanto
1437,Surge_4705,Vermilion City,Water,Squirtle,5,38.6,38.8,50.0,167.3,4,5.5,228,39.6,3,0,2,1472,30,6,8,0,4,0,22,0,1,110.1,163.2,3,0,0,0,,71,34,22.5,5.97,29.14,11.72,Electric,Kanto
1438,Lara_3320,Lavender Town,Water,Squirtle,5,65.8,69.0,45.9,277.4,6,13.8,459,67.8,3,1,1,1365,66,11,13,1,2,0,53,4,1,146.0,162.4,7,0,0,0,,135,72,47.7,30.9,35.13,57.03,Ghost,Kanto
1439,James_6574,Vermilion City,Grass,Bulbasaur,2,29.7,57.9,79.6,187.9,1,1.8,421,61.2,3,0,2,1133,53,9,5,0,1,1,53,5,0,175.5,177.4,2,0,0,0,,100,55,36.4,55.22,87.68,73.99,Electric,Kanto
1440,Silver_3279,Lavender Town,Grass,Bulbasaur,6,51.6,56.1,84.9,339.4,3,5.6,591,46.2,3,1,0,1629,64,12,12,1,5,2,72,2,1,138.2,140.2,6,0,0,0,,156,74,49.0,38.5,60.89,90.67,Ghost,Kanto
1441,Karen_4564,Pewter City,Water,Squirtle,6,44.2,51.9,62.1,269.4,1,4.3,598,48.5,2,1,10,574,63,16,11,0,1,0,78,7,2,161.5,174.2,4,0,0,0,,106,86,57.0,88.21,52.66,90.87,Rock,Kanto
1442,Koga_9685,Viridian City,Grass,Bulbasaur,3,26.9,26.9,93.5,286.0,4,0.3,517,53.0,3,1,6,1555,60,14,16,0,4,1,56,10,0,164.7,171.6,2,0,0,0,,89,59,39.1,47.99,65.51,89.09,Ground,Kanto
1443,Bugsy_8355,Pallet Town,Fire,Charmander,2,54.5,58.4,63.6,286.9,3,7.6,494,62.8,2,0,2,1385,59,9,10,0,3,0,51,0,1,152.8,199.6,6,0,0,0,,131,76,50.3,51.88,34.92,53.61,None,Kanto
1444,Chuck_3725,Pallet Town,Grass,Bulbasaur,3,34.2,41.5,72.3,154.7,2,3.3,294,54.6,3,0,4,1577,37,8,7,0,4,1,47,1,0,162.3,162.3,3,0,0,0,,109,49,32.5,37.92,83.95,50.75,None,Kanto
1445,Dario_9027,Viridian City,Fire,Charmander,6,47.1,63.0,83.1,202.3,2,5.3,267,77.8,3,1,3,1361,12,2,4,0,3,1,43,3,0,143.2,165.9,7,0,0,0,,159,31,20.5,55.06,95.23,33.53,Ground,Kanto
1446,Green_8375,Pewter City,Grass,Bulbasaur,5,28.8,50.2,55.6,136.5,3,0.1,414,53.1,3,0,2,1618,60,10,17,1,3,2,38,1,0,149.3,172.6,4,0,0,0,,69,50,33.1,22.02,33.41,70.05,Rock,Kanto
1447,Tracey_1692,Cerulean City,Water,Squirtle,4,60.2,61.8,58.5,284.3,2,10.3,541,59.7,3,1,5,1968,62,12,9,0,0,1,61,4,1,149.2,151.4,5,0,0,0,,100,78,51.7,64.07,25.34,79.89,Water,Kanto
1448,Bruno_8511,Cerulean City,Water,Squirtle,6,37.5,43.6,72.4,232.0,4,0.7,389,85.8,2,1,3,1526,43,8,9,0,2,0,50,6,0,169.5,172.0,7,0,0,0,,38,65,43.0,99.42,73.92,71.72,Water,Kanto
1449,Lance_2781,Cinnabar Island,Fire,Charmander,5,50.9,59.6,78.0,235.6,2,9.7,177,75.5,2,1,5,641,18,5,11,0,4,3,28,4,1,132.9,149.9,6,0,0,0,,191,44,29.1,94.44,62.81,12.33,Fire,Kanto
1450,Janine_2754,Cinnabar Island,Fire,Charmander,3,48.9,71.7,73.4,212.4,1,6.3,437,54.4,2,0,1,1160,37,11,9,0,1,0,53,2,3,115.0,121.7,5,0,0,0,,103,46,30.5,4.88,74.98,49.24,Fire,Kanto
1451,Stella_5147,Pallet Town,Fire,Charmander,5,25.9,42.4,68.8,142.0,2,1.0,313,49.5,2,0,2,1373,40,11,7,0,3,1,37,4,2,131.8,133.0,3,0,0,0,,117,36,23.8,25.47,63.97,38.84,None,Kanto
1452,Clair_6019,Saffron City,Water,Squirtle,6,45.1,47.4,61.8,154.7,2,6.9,120,57.6,3,1,7,2224,14,2,5,0,6,1,20,3,0,156.9,185.7,5,0,0,0,,126,38,25.2,80.01,36.13,9.99,Psychic,Kanto
1453,Yellow_3616,Cerulean City,Grass,Bulbasaur,5,25.2,41.9,59.7,149.1,1,2.6,139,43.0,4,0,0,2449,24,9,2,0,2,0,17,2,2,151.8,162.4,1,0,0,0,,140,31,20.5,23.7,7.7,5.4,Water,Kanto
1454,Lara_9587,Cerulean City,Fire,Charmander,3,41.7,41.9,81.7,166.1,3,7.7,214,68.6,5,0,1,2463,26,4,3,1,1,1,34,2,0,126.3,136.6,5,0,0,0,,142,52,34.4,15.6,94.23,18.12,Water,Kanto
1455,Stella_6932,Pewter City,Water,Squirtle,5,26.8,43.0,60.2,205.1,1,2.2,239,23.0,3,1,2,1878,41,8,6,0,3,0,33,5,1,122.7,137.6,0,0,0,0,,59,43,28.5,32.76,10.8,34.11,Rock,Kanto
1456,Blaine_4823,Cerulean City,Fire,Charmander,6,31.2,36.2,69.9,143.9,6,1.6,165,49.0,2,0,4,1230,14,3,8,0,0,1,31,3,0,151.8,217.8,4,0,0,0,,105,36,23.8,53.72,41.24,26.93,Water,Kanto
1457,Pryce_4955,Lavender Town,Water,Squirtle,5,28.6,43.0,75.3,162.9,4,0.1,110,42.3,1,0,4,575,26,3,0,0,3,0,13,3,2,140.0,194.5,1,0,0,0,,62,30,19.9,71.2,54.5,21.46,Ghost,Kanto
1458,Erika_4196,Pallet Town,Fire,Charmander,5,27.3,45.2,62.3,185.7,1,0.5,350,48.1,2,1,2,1131,46,5,10,0,3,0,35,3,2,158.9,161.6,1,0,0,0,,104,52,34.4,34.61,54.71,65.54,None,Kanto
1459,Lara_2692,Saffron City,Fire,Charmander,6,27.4,53.8,69.8,242.4,1,3.4,241,67.6,3,1,2,1323,40,3,9,0,1,0,40,4,1,137.4,183.0,3,0,0,0,,68,38,25.2,27.84,62.74,40.53,Psychic,Kanto
1460,Green_9253,Vermilion City,Fire,Charmander,6,30.0,33.9,70.0,173.5,2,0.4,283,45.2,2,0,2,1287,40,14,4,0,2,0,37,2,1,185.6,224.2,2,0,0,0,,126,38,25.2,34.42,50.5,40.37,Electric,Kanto
1461,Daisy_8945,Saffron City,Fire,Charmander,6,33.2,45.6,59.6,135.1,4,3.8,218,51.8,3,0,3,1066,23,3,5,1,3,0,26,7,0,165.6,175.3,4,0,0,0,,132,50,33.1,89.69,53.91,12.92,Psychic,Kanto
1462,Red_8746,Fuchsia City,Grass,Bulbasaur,4,32.3,33.2,77.6,240.9,4,0.1,417,65.3,2,1,3,1262,53,11,7,0,2,0,48,3,0,171.8,172.7,5,0,0,0,,101,65,43.0,68.47,77.53,70.27,Poison,Kanto
1463,Lara_3688,Saffron City,Fire,Charmander,3,29.8,33.0,82.1,186.7,3,2.2,377,47.5,3,0,2,1299,51,4,8,0,3,4,39,5,0,127.1,141.8,2,0,0,0,,16,42,27.8,24.1,71.67,79.7,Psychic,Kanto
1464,Giovanni_8820,Lavender Town,Fire,Charmander,2,45.4,46.5,52.7,188.1,2,4.9,359,40.6,2,0,2,1052,47,11,8,1,1,1,37,1,1,86.1,110.7,3,0,0,0,,124,52,34.4,19.43,8.4,68.48,Ghost,Kanto
1465,Surge_2356,Viridian City,Water,Squirtle,3,27.2,27.3,67.3,220.4,2,3.2,109,33.3,4,1,0,2450,36,6,6,0,3,0,10,4,2,142.9,150.1,1,0,0,0,,103,29,19.2,11.83,39.98,15.21,Ground,Kanto
1466,Pryce_1702,Cerulean City,Fire,Charmander,4,39.5,52.5,46.9,212.0,1,3.2,448,26.9,3,0,2,1952,47,7,13,1,3,1,52,6,0,120.2,125.8,2,0,0,0,,145,65,43.0,51.43,12.39,76.62,Water,Kanto
1467,Richie_3663,Viridian City,Grass,Bulbasaur,6,38.3,41.2,62.3,280.7,1,4.6,488,82.6,3,1,3,2653,57,14,13,1,3,2,43,2,1,143.7,182.5,6,0,0,0,,141,79,52.3,60.81,82.08,85.32,Ground,Kanto
1468,Falkner_4233,Cerulean City,Fire,Charmander,4,29.1,32.2,68.3,121.5,1,2.5,222,38.4,4,0,2,2196,39,5,5,1,2,0,26,4,4,122.1,123.5,1,0,0,0,,108,35,23.2,25.45,30.92,24.24,Water,Kanto
1469,Chuck_4570,Pewter City,Grass,Bulbasaur,3,53.0,53.3,65.2,140.2,2,3.0,402,53.6,3,0,6,2120,60,11,8,1,2,0,49,5,0,185.3,255.0,4,0,0,0,,95,78,51.7,91.78,50.63,75.2,Rock,Kanto
1470,Green_8503,Pallet Town,Fire,Charmander,2,45.0,56.8,76.8,193.1,1,0.2,505,62.6,2,0,9,723,48,7,11,0,3,1,44,6,0,167.5,191.0,4,0,0,0,,91,80,53.0,95.41,76.81,79.77,None,Kanto
1471,Lorelei_9391,Saffron City,Grass,Bulbasaur,5,37.1,38.9,48.4,305.9,3,5.0,419,49.4,4,1,2,2300,38,13,6,0,1,0,45,1,5,110.8,114.6,5,0,0,0,,157,77,51.0,28.11,15.89,52.99,Psychic,Kanto
1472,Bruno_7557,Celadon City,Fire,Charmander,6,36.1,47.4,62.4,149.9,6,4.9,345,57.8,4,0,5,2113,36,11,7,0,2,3,36,3,2,140.9,169.4,6,0,0,0,,83,73,48.3,94.21,26.11,51.4,Grass,Kanto
1473,Gold_8870,Saffron City,Fire,Charmander,1,30.6,35.6,87.2,113.9,4,0.8,241,56.3,2,0,1,860,31,1,8,0,1,2,32,4,1,144.7,146.7,3,0,0,0,,99,51,33.8,25.77,89.04,36.05,Psychic,Kanto
1474,Red_3397,Vermilion City,Grass,Bulbasaur,1,32.1,39.3,64.7,282.0,3,0.4,315,54.0,4,1,3,2087,47,9,5,1,0,0,37,3,1,138.9,142.8,3,0,0,0,,83,58,38.4,95.15,54.85,56.95,Electric,Kanto
1475,Sabrina_2402,Pewter City,Grass,Bulbasaur,5,50.8,78.3,42.3,173.7,3,3.3,425,53.6,4,0,8,2296,48,11,14,1,4,0,44,4,0,151.1,164.1,6,0,0,0,,107,79,52.3,89.76,29.06,63.88,Rock,Kanto
1476,Erika_6273,Vermilion City,Water,Squirtle,4,30.3,31.7,74.9,109.2,1,2.3,156,69.2,3,0,1,1132,21,5,1,1,2,2,15,2,1,159.2,161.7,3,0,0,0,,74,22,14.6,50.42,62.42,13.97,Electric,Kanto
1477,Tracey_4435,Pewter City,Fire,Charmander,6,34.0,43.7,60.5,210.4,2,3.0,216,55.5,2,0,3,1578,29,9,7,0,2,1,22,2,1,182.7,184.7,3,0,0,0,,97,28,18.5,65.16,41.64,32.68,Rock,Kanto
1478,Yellow_6714,Lavender Town,Fire,Charmander,4,58.8,67.8,83.9,294.3,2,8.6,461,88.3,2,1,1,893,43,9,14,1,0,0,59,4,0,152.5,155.2,7,0,0,0,,161,48,31.8,14.73,96.84,63.29,Ghost,Kanto
1479,Jessie_1028,Pallet Town,Fire,Charmander,4,44.6,65.0,82.8,322.6,1,1.6,586,59.0,3,1,5,1468,68,22,11,0,1,1,76,0,0,125.8,134.8,3,0,0,0,,20,76,50.3,31.49,59.58,96.26,None,Kanto
1480,Bruno_4707,Viridian City,Grass,Bulbasaur,2,42.3,44.4,63.1,127.4,5,6.8,325,75.7,3,0,7,1430,30,13,4,1,3,1,25,4,2,144.8,146.9,7,0,0,0,,162,75,49.7,65.46,69.01,26.85,Ground,Kanto
1481,Duplica_6594,Fuchsia City,Water,Squirtle,5,45.4,58.9,61.4,196.2,1,1.4,491,39.6,3,0,2,1998,71,12,9,0,2,0,74,2,2,124.1,143.6,3,0,0,0,,108,62,41.1,19.83,33.0,99.04,Poison,Kanto
1482,Pryce_9280,Cinnabar Island,Grass,Bulbasaur,4,46.9,52.9,64.5,228.8,4,7.0,360,46.4,3,1,5,1146,47,13,11,1,0,0,42,2,0,155.8,161.2,4,0,0,0,,137,70,46.4,55.96,31.28,58.34,Fire,Kanto
1483,Falkner_3923,Saffron City,Fire,Charmander,1,35.5,50.0,57.6,179.3,1,0.5,412,51.2,1,0,0,762,42,14,10,1,3,0,41,4,0,120.8,129.0,4,0,0,0,,126,48,31.8,32.01,17.91,77.97,Psychic,Kanto
1484,Surge_2721,Saffron City,Water,Squirtle,5,38.5,49.3,60.0,301.4,4,0.5,589,54.9,2,1,4,502,77,10,12,0,1,0,79,4,1,130.1,148.3,4,0,0,0,,44,73,48.3,78.78,30.38,99.38,Psychic,Kanto
1485,Tracey_3855,Saffron City,Fire,Charmander,6,22.7,25.2,47.9,137.9,2,1.3,169,51.4,3,0,1,2210,36,4,1,1,1,1,27,5,1,146.2,159.3,3,0,0,0,,87,41,27.2,56.26,2.18,18.58,Psychic,Kanto
1486,Clair_4960,Cerulean City,Grass,Bulbasaur,6,30.5,47.3,82.8,180.5,1,2.0,146,46.3,3,0,1,1428,32,4,10,0,3,2,27,6,0,156.8,157.3,4,0,0,0,,121,46,30.5,54.81,59.55,9.29,Water,Kanto
1487,Gary_4675,Celadon City,Fire,Charmander,3,34.3,35.2,67.3,161.9,6,4.7,197,51.2,3,0,2,1285,34,3,7,1,1,0,20,3,1,123.9,126.8,5,0,0,0,,83,36,23.8,30.03,35.55,14.27,Grass,Kanto
1488,Aya_8068,Cinnabar Island,Fire,Charmander,1,27.2,52.8,69.7,207.9,2,1.7,399,71.0,3,1,5,1391,40,10,4,0,1,0,49,6,2,145.6,147.0,5,0,0,0,,99,56,37.1,74.34,78.95,62.67,Fire,Kanto
1489,Bruno_5162,Vermilion City,Grass,Bulbasaur,6,74.1,84.3,63.6,301.8,2,15.0,644,66.4,4,1,4,2097,69,16,15,1,1,1,58,6,2,168.9,177.1,7,0,0,0,,220,89,58.9,57.0,35.5,86.0,Electric,Kanto
1490,Ash_9462,Celadon City,Fire,Charmander,3,37.6,49.6,34.1,126.6,1,2.9,188,44.6,3,0,4,1192,33,4,5,0,1,2,25,4,1,141.7,176.2,3,0,0,0,,80,28,18.5,38.27,6.46,27.81,Grass,Kanto
1491,Koga_7571,Saffron City,Grass,Bulbasaur,4,28.7,31.8,46.4,162.4,1,2.3,52,30.4,3,1,4,2036,17,2,6,0,2,0,18,1,0,115.0,120.5,0,0,0,0,,129,9,6.0,38.98,12.97,0.84,Psychic,Kanto
1492,Erika_3235,Celadon City,Grass,Bulbasaur,5,29.1,29.3,71.3,184.8,1,0.8,185,69.5,2,0,2,1208,42,2,13,0,0,0,33,5,1,169.5,178.5,4,0,0,0,,94,35,23.2,87.0,64.96,26.58,Grass,Kanto
1493,Silver_9659,Pallet Town,Fire,Charmander,3,32.9,34.9,61.4,231.0,5,1.1,352,54.1,3,1,3,1493,52,6,13,0,6,1,42,4,0,141.0,142.6,5,0,0,0,,105,52,34.4,61.49,53.84,67.65,None,Kanto
1494,Agatha_5902,Cinnabar Island,Grass,Bulbasaur,6,37.3,45.5,66.1,226.9,3,2.2,187,64.3,3,1,6,1794,37,6,4,0,5,1,34,4,1,166.5,176.5,4,0,0,0,,57,29,19.2,67.92,40.25,21.4,Fire,Kanto
1495,Lance_5772,Cinnabar Island,Fire,Charmander,3,28.9,30.6,47.8,102.3,3,0.2,80,39.7,5,0,8,2975,18,4,3,0,3,1,9,7,0,149.5,152.1,2,0,0,0,,88,56,37.1,82.16,14.49,10.15,Fire,Kanto
1496,Yellow_4110,Pewter City,Grass,Bulbasaur,1,38.7,50.9,62.6,213.8,1,4.1,36,50.2,3,1,6,1271,0,3,5,1,1,1,6,8,1,159.1,168.6,3,0,0,0,,48,29,19.2,42.23,30.06,0.11,Rock,Kanto
1497,Sabrina_9772,Vermilion City,Fire,Charmander,5,46.4,61.6,64.5,232.4,3,8.0,365,64.6,3,1,4,2122,29,10,3,0,0,0,27,3,2,139.3,145.5,5,0,0,0,,147,51,33.8,42.29,45.94,43.28,Electric,Kanto
1498,Koga_7319,Cinnabar Island,Fire,Charmander,6,31.4,39.6,40.5,274.9,4,0.9,514,59.8,3,1,1,1158,71,16,10,0,2,1,55,6,1,113.8,125.0,4,0,0,0,,76,71,47.0,87.28,26.81,80.46,Fire,Kanto
1499,Duplica_4060,Celadon City,Water,Squirtle,6,41.5,44.7,55.1,290.4,4,2.8,467,65.2,3,1,2,1161,50,13,8,0,3,0,52,2,1,147.5,156.1,6,0,0,0,,129,83,55.0,38.27,55.99,84.55,Grass,Kanto
1500,Gary_1281,Cinnabar Island,Fire,Charmander,2,42.1,57.9,89.6,211.9,4,6.4,206,57.6,3,1,3,2032,20,10,9,0,1,1,33,2,0,119.9,127.5,5,0,0,0,,183,29,19.2,56.59,86.36,25.21,Fire,Kanto
1501,Daisy_2183,Cerulean City,Water,Squirtle,6,57.0,67.1,74.0,198.6,1,14.4,258,73.9,3,1,3,1783,50,5,7,1,3,1,38,8,4,95.8,96.9,7,0,0,0,,167,38,25.2,31.87,80.04,8.67,Water,Kanto
1502,Stella_3367,Lavender Town,Water,Squirtle,6,57.4,75.9,71.7,261.3,3,5.6,558,60.1,1,1,1,672,62,15,12,0,3,1,52,1,2,148.2,158.4,6,0,0,0,,158,61,40.4,8.66,62.69,86.82,Ghost,Kanto
1503,Joe_4099,Lavender Town,Grass,Bulbasaur,6,21.0,34.5,54.8,142.5,3,1.0,111,38.0,3,0,4,1254,16,3,4,1,2,1,13,8,0,183.9,185.7,2,0,0,0,,69,35,23.2,60.21,31.83,18.31,Ghost,Kanto
1504,Daisy_9648,Celadon City,Grass,Bulbasaur,5,26.3,49.2,62.8,150.3,6,2.5,276,51.5,5,0,4,2587,37,8,10,1,3,2,33,10,0,190.2,190.8,4,0,0,0,,121,59,39.1,26.13,30.43,38.56,Grass,Kanto
1505,Red_2432,Vermilion City,Grass,Bulbasaur,6,47.9,64.6,74.2,257.4,1,4.9,379,68.6,4,1,6,2162,44,8,8,1,2,2,33,8,0,157.0,160.3,6,0,0,0,,86,82,54.3,71.27,94.99,64.18,Electric,Kanto
1506,Janine_7804,Viridian City,Fire,Charmander,3,28.2,40.2,68.3,194.3,1,1.8,147,58.2,4,0,1,2105,20,4,0,0,0,0,20,2,0,129.9,144.8,3,0,0,0,,92,49,32.5,21.92,69.52,29.78,Ground,Kanto
1507,Stella_3614,Celadon City,Fire,Charmander,6,45.3,50.3,58.8,197.5,4,2.9,444,52.0,3,0,4,1390,45,12,11,1,3,0,42,2,0,144.3,153.2,5,0,0,0,,153,50,33.1,80.72,4.72,76.92,Grass,Kanto
1508,Blue_6372,Pewter City,Water,Squirtle,5,50.7,51.0,49.6,189.9,4,8.1,457,38.2,3,0,0,1572,43,12,10,0,2,1,41,3,3,114.3,141.8,4,0,0,0,,96,44,29.1,55.9,7.12,60.67,Rock,Kanto
1509,Green_9319,Cinnabar Island,Fire,Charmander,4,23.9,26.7,52.7,141.3,1,0.1,129,40.7,2,0,5,798,29,5,5,1,0,2,20,3,1,188.3,189.0,1,0,0,0,,57,33,21.9,93.76,20.2,11.5,Fire,Kanto
1510,Brock_3737,Celadon City,Fire,Charmander,3,52.3,56.3,46.5,231.8,4,5.3,416,43.9,4,1,2,2361,45,10,13,0,3,1,49,4,1,108.7,141.9,5,0,0,0,,114,49,32.5,50.67,32.19,70.88,Grass,Kanto
1511,Blue_6155,Saffron City,Water,Squirtle,6,32.3,56.3,63.4,174.5,6,1.8,424,47.6,3,0,3,1769,64,11,13,0,2,0,51,11,2,159.1,166.9,3,0,0,0,,113,39,25.8,51.83,30.13,77.21,Psychic,Kanto
1512,Koga_8200,Pewter City,Grass,Bulbasaur,3,31.8,40.5,79.9,95.8,2,1.2,378,54.1,4,0,6,1592,41,12,10,0,2,1,38,3,0,145.4,148.4,3,0,0,0,,98,62,41.1,28.45,56.79,55.87,Rock,Kanto
1513,Blaine_8230,Lavender Town,Fire,Charmander,6,62.8,66.7,74.2,275.5,2,11.2,540,70.3,3,1,0,1448,66,11,17,1,1,0,76,7,2,160.3,175.5,8,1,1,1,562.0,200,67,44.4,58.25,65.03,80.24,Ghost,Kanto
1514,Ash_9016,Cinnabar Island,Water,Squirtle,4,24.6,42.9,36.8,94.3,1,0.0,63,10.9,4,0,0,2162,8,4,10,0,4,0,11,3,0,136.1,141.2,0,0,0,0,,0,28,18.5,3.11,3.69,21.89,Fire,Kanto
1515,Blaine_1490,Saffron City,Water,Squirtle,6,25.0,26.6,54.4,217.9,3,0.7,285,18.3,3,1,3,1428,49,7,8,1,2,1,47,4,1,137.7,142.4,1,0,0,0,,45,30,19.9,21.23,14.42,54.99,Psychic,Kanto
1516,Gold_3387,Pallet Town,Grass,Bulbasaur,6,52.0,63.7,99.9,305.8,3,5.2,457,62.6,1,1,2,439,51,13,11,0,3,0,57,2,0,126.3,145.5,5,0,0,0,,62,60,39.7,8.2,97.32,83.33,None,Kanto
1517,Bill_8624,Viridian City,Water,Squirtle,2,56.9,70.0,89.1,170.5,6,13.5,255,79.7,4,1,6,2190,30,5,6,1,2,0,42,7,3,112.9,119.2,7,0,0,0,,218,40,26.5,60.79,96.8,4.95,Ground,Kanto
1518,Samurai_7255,Saffron City,Fire,Charmander,6,21.0,34.1,52.5,84.6,6,0.8,111,35.0,3,0,3,1126,30,2,0,0,2,1,23,5,2,150.7,151.9,2,0,0,0,,31,43,28.5,58.35,26.11,8.42,Psychic,Kanto
1519,Green_3218,Viridian City,Fire,Charmander,6,48.1,54.1,80.7,156.5,4,9.0,157,86.2,2,0,3,1386,19,4,7,1,0,0,15,14,0,133.0,151.8,7,0,0,0,,158,22,14.6,88.96,93.17,9.48,Ground,Kanto
1520,Erika_5357,Cinnabar Island,Water,Squirtle,1,39.7,41.3,52.1,235.3,1,2.3,420,45.5,3,1,2,1451,39,9,11,0,2,0,56,2,1,139.2,147.1,2,0,0,0,,106,54,35.8,41.85,9.24,73.72,Fire,Kanto
1521,Silver_5125,Fuchsia City,Water,Squirtle,6,42.5,48.1,48.6,247.7,4,3.0,392,52.8,2,1,2,1149,53,9,7,0,2,0,38,3,0,193.6,196.1,3,0,0,0,,112,57,37.7,76.35,22.46,68.97,Poison,Kanto
1522,Blaine_5154,Cinnabar Island,Grass,Bulbasaur,6,60.0,61.8,60.8,233.2,2,9.1,586,57.6,2,0,1,1501,61,6,12,0,2,1,61,2,1,134.0,143.5,5,0,0,0,,218,84,55.6,25.42,24.44,88.76,Fire,Kanto
1523,Todd_6815,Fuchsia City,Grass,Bulbasaur,4,37.5,50.7,68.5,195.2,2,1.0,218,54.5,1,0,0,621,37,8,9,0,2,0,23,1,0,113.7,135.3,3,0,0,0,,92,45,29.8,14.95,89.64,35.03,Poison,Kanto
1524,Janine_9205,Fuchsia City,Grass,Bulbasaur,6,64.6,66.2,58.3,248.0,2,15.0,376,94.0,2,1,7,797,26,8,8,0,6,0,53,4,1,145.9,146.2,8,1,1,1,415.0,212,64,42.4,87.85,83.24,29.22,Poison,Kanto
1525,Jessie_7336,Pewter City,Water,Squirtle,6,25.3,56.7,56.4,204.8,1,0.6,69,28.7,3,1,2,1414,15,4,8,0,1,0,19,9,0,122.2,140.9,1,0,0,0,,55,9,6.0,28.29,18.99,22.17,Rock,Kanto
1526,Aya_6799,Saffron City,Fire,Charmander,4,36.0,45.6,66.9,154.4,2,1.9,222,51.0,3,1,1,1594,38,10,5,0,4,0,29,1,1,136.3,196.8,4,0,0,0,,110,33,21.9,7.28,49.6,39.37,Psychic,Kanto
1527,Falkner_1175,Cerulean City,Fire,Charmander,6,28.9,61.9,57.8,224.0,1,0.1,458,44.4,2,0,1,1411,57,15,5,0,2,1,47,3,2,133.6,144.1,2,0,0,0,,62,37,24.5,9.64,34.11,72.03,Water,Kanto
1528,Tracey_3884,Pallet Town,Grass,Bulbasaur,5,41.0,50.8,49.7,257.4,2,1.8,451,66.2,3,1,3,1651,55,13,12,0,2,0,51,6,1,208.1,241.7,5,0,0,0,,125,54,35.8,97.3,11.35,78.78,None,Kanto
1529,Koji_6398,Vermilion City,Grass,Bulbasaur,5,46.8,54.5,53.4,158.3,2,4.7,545,41.2,4,0,4,2043,50,10,7,0,2,1,70,3,0,175.3,194.7,4,0,0,0,,128,77,51.0,39.37,10.81,84.76,Electric,Kanto
1530,Lorelei_1734,Saffron City,Water,Squirtle,3,19.9,24.4,41.9,112.8,1,1.3,111,36.7,2,0,1,523,10,4,4,0,1,0,25,1,0,153.2,176.9,2,0,0,0,,68,24,15.9,65.17,18.03,3.68,Psychic,Kanto
1531,Blaine_2961,Lavender Town,Fire,Charmander,6,28.2,29.4,72.8,235.7,2,0.2,296,58.2,3,1,3,1485,45,5,6,0,4,0,29,2,0,157.4,204.4,3,0,0,0,,78,63,41.7,77.25,55.16,61.72,Ghost,Kanto
1532,Clair_5025,Saffron City,Water,Squirtle,4,47.8,49.4,63.9,190.7,5,4.0,465,50.5,2,0,8,1267,67,12,18,0,4,0,52,2,1,175.2,178.6,4,0,0,0,,162,75,49.7,86.07,31.24,81.87,Psychic,Kanto
1533,Aya_4834,Viridian City,Grass,Bulbasaur,4,35.9,41.4,72.9,260.0,3,0.8,422,45.4,2,1,4,1126,54,12,9,0,2,2,46,5,0,125.4,142.5,2,0,0,0,,77,66,43.7,23.46,77.56,73.59,Ground,Kanto
1534,Crystal_1431,Pewter City,Water,Squirtle,1,28.6,32.1,54.8,206.1,2,0.9,282,50.8,4,1,4,2340,26,8,12,0,6,1,35,6,0,153.0,154.4,4,0,0,0,,185,57,37.7,73.15,32.56,49.11,Rock,Kanto
1535,AJ_7551,Pewter City,Grass,Bulbasaur,6,16.7,38.6,55.0,137.9,1,3.6,142,53.6,3,0,4,1159,16,6,7,0,3,0,30,4,1,129.8,133.8,1,0,0,0,,124,33,21.9,94.17,65.25,3.53,Rock,Kanto
1536,Todd_1901,Fuchsia City,Water,Squirtle,4,32.9,41.2,62.8,75.6,2,0.4,286,35.4,3,0,5,2037,23,6,12,0,4,0,46,6,1,177.7,181.3,2,0,0,0,,99,35,23.2,29.72,47.63,46.58,Poison,Kanto
1537,Surge_3518,Saffron City,Grass,Bulbasaur,6,35.3,49.3,78.2,229.3,4,0.4,523,46.6,4,0,3,2202,73,9,4,1,0,0,66,6,2,171.5,176.4,4,0,0,0,,77,76,50.3,40.91,68.5,80.84,Psychic,Kanto
1538,Agatha_8754,Cerulean City,Fire,Charmander,6,29.2,56.6,75.8,105.2,3,4.4,132,49.4,4,0,3,1933,44,6,3,0,2,1,21,2,2,126.1,136.1,4,0,0,0,,122,35,23.2,19.61,79.6,14.67,Water,Kanto
1539,Jessie_7464,Lavender Town,Fire,Charmander,4,31.0,36.6,74.3,260.6,5,0.0,373,37.1,3,1,2,1533,55,11,10,0,0,1,53,8,1,129.7,138.1,3,0,0,0,,118,48,31.8,9.03,37.19,63.58,Ghost,Kanto
1540,Green_9488,Cerulean City,Fire,Charmander,6,32.7,45.6,78.5,98.0,1,4.0,141,56.8,1,0,3,432,11,5,4,0,0,0,20,6,0,119.3,119.5,2,0,0,0,,118,27,17.9,58.63,58.17,5.75,Water,Kanto
1541,Gary_1478,Fuchsia City,Fire,Charmander,3,36.0,36.1,59.3,289.7,2,1.8,641,64.2,3,1,3,1376,62,13,6,0,2,1,71,7,5,172.1,190.8,5,0,0,0,,100,101,66.9,81.03,48.94,92.5,Poison,Kanto
1542,Koji_1346,Cinnabar Island,Water,Squirtle,6,32.9,37.6,79.2,167.3,3,1.9,332,65.8,1,0,5,1058,24,9,11,0,2,1,36,3,4,143.9,193.8,5,0,0,0,,191,60,39.7,54.09,63.27,56.39,Fire,Kanto
1543,Samurai_1021,Vermilion City,Water,Squirtle,5,42.0,65.4,57.4,289.0,2,2.0,465,54.2,4,1,5,1999,56,16,11,0,2,0,43,2,2,161.3,161.8,3,0,0,0,,106,76,50.3,69.35,63.79,70.89,Electric,Kanto
1544,Karen_1984,Fuchsia City,Fire,Charmander,4,62.7,66.2,65.3,267.7,4,7.6,495,43.0,2,1,0,1189,67,7,10,1,6,1,68,3,3,106.5,115.3,6,0,0,0,,94,57,37.7,2.49,47.76,76.02,Poison,Kanto
1545,Jessie_3308,Lavender Town,Water,Squirtle,5,26.2,36.1,87.0,209.3,1,1.4,431,48.3,2,1,1,1381,65,12,10,0,4,2,46,3,1,156.3,159.5,2,0,0,0,,37,66,43.7,42.38,71.85,76.09,Ghost,Kanto
1546,Chuck_1939,Lavender Town,Fire,Charmander,3,35.8,52.5,46.0,305.7,4,1.4,527,49.5,3,1,3,1541,73,17,7,0,0,1,55,14,3,141.2,149.6,4,0,0,0,,100,89,58.9,59.52,23.63,95.91,Ghost,Kanto
1547,James_3804,Cinnabar Island,Water,Squirtle,6,39.8,69.1,74.0,235.8,1,3.7,474,50.6,4,1,0,1827,79,12,13,1,4,1,78,1,2,174.9,177.8,4,0,0,0,,36,55,36.4,16.79,67.56,87.16,Fire,Kanto
1548,Agatha_6489,Cinnabar Island,Fire,Charmander,3,56.9,61.7,70.5,279.7,6,9.4,556,73.3,5,1,4,2360,59,14,17,0,1,0,55,6,2,140.2,171.7,8,1,1,0,,169,70,46.4,47.54,69.03,71.07,Fire,Kanto
1549,Falkner_7039,Saffron City,Fire,Charmander,5,47.5,48.8,45.6,192.1,1,2.0,441,51.6,2,0,2,1078,45,16,8,0,2,1,45,8,0,171.7,181.3,4,0,0,0,,103,63,41.7,97.33,5.16,68.54,Psychic,Kanto
1550,Yellow_3769,Pallet Town,Grass,Bulbasaur,4,19.7,29.4,48.0,137.8,5,1.1,91,55.6,3,0,4,1554,17,5,0,0,2,2,25,4,1,134.2,176.6,4,0,0,0,,77,38,25.2,73.03,33.75,7.72,None,Kanto
1551,Falkner_3781,Cinnabar Island,Grass,Bulbasaur,6,27.6,28.8,59.3,186.6,2,1.0,150,53.7,2,1,0,1075,49,3,4,0,2,0,20,1,1,165.1,178.6,2,0,0,0,,66,46,30.5,26.43,81.15,15.99,Fire,Kanto
1552,Lance_9927,Saffron City,Grass,Bulbasaur,6,31.9,44.1,51.6,201.1,5,0.4,336,56.6,3,0,5,1210,39,10,9,1,1,1,42,5,1,145.7,163.9,4,0,0,0,,115,53,35.1,73.35,10.0,59.01,Psychic,Kanto
1553,Duplica_8849,Pewter City,Water,Squirtle,4,33.6,34.3,48.4,191.7,3,0.3,567,39.2,5,0,2,2080,65,19,15,0,4,1,66,3,0,163.6,187.2,2,0,0,0,,74,79,52.3,0.43,53.05,99.99,Rock,Kanto
1554,Falkner_8942,Celadon City,Water,Squirtle,5,45.8,51.2,65.2,203.1,1,6.6,333,72.2,3,0,4,1537,34,7,6,0,3,0,46,5,1,155.8,184.4,5,0,0,0,,150,61,40.4,85.26,47.36,39.14,Grass,Kanto
1555,Giselle_7702,Pewter City,Fire,Charmander,6,32.5,46.2,50.8,312.6,2,1.1,363,51.4,4,1,6,1625,45,9,8,0,3,1,47,5,0,157.5,164.0,3,0,0,0,,41,75,49.7,74.34,17.6,53.67,Rock,Kanto
1556,Daisy_7126,Cinnabar Island,Fire,Charmander,6,33.3,51.9,76.8,187.7,3,1.8,357,71.5,2,0,2,1358,47,4,12,1,2,1,54,7,1,150.2,166.9,7,0,0,0,,85,53,35.1,86.13,75.75,65.3,Fire,Kanto
1557,Daisy_2466,Celadon City,Grass,Bulbasaur,2,13.9,30.7,80.8,109.8,2,0.2,45,51.9,2,0,2,1561,14,4,0,0,0,2,8,5,0,126.2,175.6,1,0,0,0,,93,10,6.6,8.92,94.37,2.56,Grass,Kanto
1558,Gary_8598,Cinnabar Island,Fire,Charmander,6,40.1,48.6,62.0,274.8,5,2.2,557,43.3,4,1,2,2468,69,16,17,0,4,2,69,7,4,141.9,142.7,4,0,0,0,,117,83,55.0,54.74,43.12,90.64,Fire,Kanto
1559,Aya_5367,Lavender Town,Fire,Charmander,6,35.9,36.8,85.9,265.2,1,2.1,540,64.6,4,1,3,1854,57,14,14,0,2,0,71,4,0,183.4,189.9,5,0,0,0,,95,67,44.4,26.23,62.71,95.93,Ghost,Kanto
1560,Lara_3460,Cerulean City,Water,Squirtle,6,39.1,42.1,62.4,247.7,1,4.3,361,56.7,3,1,7,1567,37,13,8,1,2,0,39,4,2,138.1,180.3,4,0,0,0,,118,83,55.0,63.81,67.78,53.71,Water,Kanto
1561,Morty_5064,Cinnabar Island,Grass,Bulbasaur,5,36.2,58.5,52.5,120.9,3,6.4,207,63.3,4,0,7,2165,24,5,1,0,5,0,27,3,0,179.3,198.5,4,0,0,0,,152,43,28.5,99.06,22.76,8.72,Fire,Kanto
1562,Lara_3699,Celadon City,Fire,Charmander,6,32.1,47.8,83.6,135.3,1,2.4,131,35.7,1,0,1,564,16,6,2,0,2,0,19,3,1,103.3,156.8,2,0,0,0,,76,41,27.2,16.7,54.72,7.9,Grass,Kanto
1563,Lara_7141,Cerulean City,Water,Squirtle,3,29.9,35.5,70.7,131.2,1,0.1,212,47.4,3,0,1,1506,30,5,6,0,0,1,33,4,0,142.7,145.6,2,0,0,0,,80,43,28.5,57.87,25.77,26.91,Water,Kanto
1564,Jasmine_2103,Pallet Town,Water,Squirtle,6,38.9,51.8,56.0,86.9,3,3.7,174,61.1,3,0,2,1559,35,4,7,0,0,1,32,5,0,157.1,165.7,5,0,0,0,,140,39,25.8,68.98,22.65,29.45,None,Kanto
1565,Richie_8165,Pewter City,Fire,Charmander,4,13.6,14.5,87.6,108.5,1,0.6,80,62.0,3,0,0,1631,26,8,5,0,2,1,14,3,0,168.1,221.8,2,0,0,0,,109,33,21.9,70.55,75.77,0.67,Rock,Kanto
1566,Whitney_5687,Saffron City,Grass,Bulbasaur,1,52.1,61.9,65.4,113.9,1,6.6,232,73.3,3,0,4,2079,24,9,5,0,1,0,26,5,2,181.6,195.8,5,0,0,0,,138,56,37.1,92.05,67.05,30.26,Psychic,Kanto
1567,Falkner_6139,Fuchsia City,Water,Squirtle,6,73.5,77.7,77.7,226.0,3,15.0,596,94.5,4,0,4,2457,56,10,12,0,4,1,64,7,2,153.6,160.4,8,1,1,1,612.0,188,73,48.3,73.56,93.37,76.07,Poison,Kanto
1568,Daisy_7816,Saffron City,Fire,Charmander,4,63.3,65.5,63.1,308.4,1,8.3,649,44.1,5,1,1,3203,82,12,15,0,6,5,87,3,0,105.2,106.3,5,0,0,0,,182,67,44.4,0.28,54.21,99.8,Psychic,Kanto
1569,Karen_8065,Cerulean City,Water,Squirtle,4,32.8,38.2,84.0,164.2,4,3.5,264,68.7,3,0,7,1136,37,7,7,0,1,1,33,6,2,153.9,159.5,6,0,0,0,,90,56,37.1,86.86,81.25,46.92,Water,Kanto
1570,Whitney_8858,Viridian City,Fire,Charmander,6,39.0,44.0,54.7,249.1,1,0.6,274,70.5,4,1,9,2482,37,5,11,0,0,0,31,6,2,168.1,174.6,5,0,0,0,,127,58,38.4,87.76,46.64,53.52,Ground,Kanto
1571,Koji_3963,Saffron City,Water,Squirtle,6,34.6,44.3,69.8,131.9,1,2.3,180,81.7,3,0,2,2048,27,3,2,0,4,0,28,6,1,152.0,153.5,5,0,0,0,,98,49,32.5,98.82,64.46,20.57,Psychic,Kanto
1572,Surge_9043,Pallet Town,Grass,Bulbasaur,6,47.2,60.0,69.8,304.3,1,2.9,548,80.5,2,1,1,1066,59,16,16,0,2,1,61,4,1,129.0,133.1,6,0,0,0,,124,66,43.7,68.1,56.13,98.23,None,Kanto
1573,Misty_9545,Cinnabar Island,Fire,Charmander,6,38.6,43.9,32.0,178.1,4,3.3,243,33.1,4,0,5,2362,29,11,8,1,3,1,36,6,0,132.9,138.4,3,0,0,0,,124,51,33.8,56.2,1.76,16.38,Fire,Kanto
1574,Brock_8313,Celadon City,Fire,Charmander,6,38.2,75.7,68.9,273.5,2,4.2,211,56.8,4,1,3,2196,24,4,12,0,4,2,19,7,1,130.2,146.2,4,0,0,0,,48,56,37.1,11.43,78.88,18.95,Grass,Kanto
1575,Jessie_9696,Cerulean City,Water,Squirtle,3,79.1,87.7,75.8,274.5,4,15.0,617,73.7,2,1,5,1394,70,11,19,1,2,0,65,8,2,189.3,197.1,8,1,1,1,629.0,194,94,62.3,92.27,65.48,77.26,Water,Kanto
1576,Misty_2071,Viridian City,Water,Squirtle,6,47.9,96.2,38.8,241.7,4,6.1,356,32.5,2,1,0,1059,53,4,3,0,2,3,47,4,0,116.2,117.2,2,0,0,0,,98,45,29.8,20.96,32.47,62.07,Ground,Kanto
1577,Gold_8670,Cinnabar Island,Fire,Charmander,3,45.1,46.4,50.7,189.7,5,3.3,428,44.6,3,0,7,1766,58,7,11,0,3,1,49,1,1,145.1,150.9,4,0,0,0,,75,73,48.3,60.34,26.07,77.94,Fire,Kanto
1578,Casey_2423,Lavender Town,Grass,Bulbasaur,6,31.2,43.1,66.5,126.9,3,1.4,379,68.5,4,0,9,2415,46,9,14,0,4,1,44,5,1,169.7,182.2,5,0,0,0,,113,81,53.6,93.29,25.23,56.65,Ghost,Kanto
1579,Red_2010,Vermilion City,Fire,Charmander,5,54.9,56.0,71.4,223.5,1,11.0,167,87.3,4,1,4,2222,32,10,9,1,3,0,25,4,1,122.2,129.5,7,0,0,0,,155,47,31.1,78.01,91.47,17.57,Electric,Kanto
1580,Whitney_6982,Pewter City,Grass,Bulbasaur,6,28.4,35.6,76.5,139.1,5,0.1,260,55.1,3,0,3,1450,31,7,5,0,0,0,36,5,1,137.4,151.9,3,0,0,0,,113,42,27.8,43.07,62.1,34.66,Rock,Kanto
1581,Bruno_3826,Lavender Town,Grass,Bulbasaur,6,40.2,46.0,49.5,222.0,3,8.1,167,70.4,4,1,4,2032,15,9,7,0,4,0,28,9,7,140.3,142.4,6,0,0,0,,148,46,30.5,79.73,1.93,5.35,Ghost,Kanto
1582,Giovanni_5208,Vermilion City,Fire,Charmander,3,31.0,32.3,64.2,153.2,6,1.6,403,42.9,4,0,2,2438,48,12,7,0,0,1,52,4,1,164.8,174.9,3,0,0,0,,133,78,51.7,24.13,51.82,68.94,Electric,Kanto
1583,Will_2400,Pewter City,Water,Squirtle,4,22.7,33.5,65.2,198.1,3,0.8,40,52.1,3,1,1,1916,36,2,6,0,2,0,12,6,0,154.5,167.8,3,0,0,0,,80,10,6.6,41.23,59.42,18.46,Rock,Kanto
1584,Lorelei_2511,Saffron City,Water,Squirtle,3,36.0,39.4,81.7,278.1,3,0.9,525,60.7,5,1,4,3212,62,11,7,0,6,1,60,7,0,162.8,168.1,4,0,0,0,,90,109,72.2,52.95,70.46,74.89,Psychic,Kanto
1585,Brock_9328,Vermilion City,Water,Squirtle,4,52.0,69.0,66.7,216.9,2,8.5,416,47.7,3,1,2,1947,40,10,12,0,4,1,54,4,1,128.8,135.5,4,0,0,0,,124,65,43.0,13.57,66.79,56.27,Electric,Kanto
1586,Lara_2325,Viridian City,Fire,Charmander,5,37.9,60.7,60.6,237.2,6,0.8,458,59.1,2,1,3,743,69,11,8,0,2,0,54,2,1,171.3,193.0,6,0,0,0,,74,66,43.7,97.41,57.17,87.7,Ground,Kanto
1587,Crystal_3707,Celadon City,Water,Squirtle,3,31.8,35.9,92.7,313.9,4,0.3,468,36.3,4,1,0,2075,62,15,10,0,1,1,58,5,0,136.4,148.8,2,0,0,0,,83,46,30.5,27.46,92.79,88.5,Grass,Kanto
1588,Ash_1478,Cerulean City,Grass,Bulbasaur,2,38.8,53.8,65.4,335.5,2,0.6,510,61.1,2,1,3,1391,66,14,6,1,3,1,69,2,0,131.3,145.2,4,0,0,0,,42,58,38.4,70.39,49.44,90.7,Water,Kanto
1589,Surge_7696,Saffron City,Grass,Bulbasaur,5,28.7,39.5,42.9,149.9,3,0.5,118,44.4,5,0,6,2666,24,6,4,1,1,1,23,6,1,191.6,191.8,3,0,0,0,,70,43,28.5,96.68,18.31,23.5,Psychic,Kanto
1590,Green_8839,Celadon City,Fire,Charmander,6,42.1,55.0,84.5,268.7,2,4.4,364,67.4,5,1,4,2757,58,9,13,0,3,1,34,9,2,161.0,171.1,6,0,0,0,,112,62,41.1,56.0,97.01,59.3,Grass,Kanto
1591,Todd_9932,Viridian City,Grass,Bulbasaur,4,22.4,32.7,49.9,122.1,1,1.4,290,29.7,4,0,3,1939,42,9,4,0,3,0,32,3,3,163.2,247.5,1,0,0,0,,121,33,21.9,42.11,11.58,20.6,Ground,Kanto
1592,Brock_9782,Pallet Town,Fire,Charmander,6,38.0,40.9,60.1,186.6,1,1.8,346,16.8,1,1,3,1194,49,11,10,0,0,1,42,0,1,187.7,231.9,1,0,0,0,,108,48,31.8,12.16,4.61,70.66,None,Kanto
1593,Aya_1745,Pewter City,Grass,Bulbasaur,6,34.1,37.6,72.8,127.9,1,2.6,120,71.7,4,0,0,1947,23,8,9,0,1,1,19,7,1,158.9,166.9,4,0,0,0,,159,20,13.2,44.21,51.42,26.25,Rock,Kanto
1594,Jasmine_2444,Pallet Town,Grass,Bulbasaur,6,47.5,49.0,89.5,183.9,1,6.3,364,81.3,3,0,4,1775,38,12,9,1,4,3,41,7,1,152.9,154.4,6,0,0,0,,149,50,33.1,63.72,79.06,51.42,None,Kanto
1595,Silver_1992,Cerulean City,Grass,Bulbasaur,6,30.3,32.3,69.8,249.8,1,2.6,183,53.6,3,1,3,1170,25,4,5,1,1,1,33,2,2,146.5,147.3,3,0,0,0,,87,35,23.2,70.04,50.97,9.11,Water,Kanto
1596,Giovanni_8988,Fuchsia City,Fire,Charmander,5,34.1,35.6,91.0,280.4,3,3.1,416,76.3,3,1,3,1277,49,8,11,0,5,0,47,5,0,128.5,141.1,5,0,0,0,,111,65,43.0,62.39,98.39,61.21,Poison,Kanto
1597,Jessie_4525,Vermilion City,Grass,Bulbasaur,2,53.5,62.1,76.6,139.8,1,7.7,429,76.7,2,0,1,870,49,8,5,0,3,0,52,6,1,145.1,171.2,6,0,0,0,,157,38,25.2,17.7,99.81,49.07,Electric,Kanto
1598,Todd_1021,Pallet Town,Water,Squirtle,3,60.6,65.2,51.0,228.2,2,8.2,371,43.8,3,1,1,917,59,9,10,1,2,0,44,3,3,88.7,103.9,5,0,0,0,,135,70,46.4,4.37,30.05,57.98,None,Kanto
1599,Brock_8360,Saffron City,Fire,Charmander,1,44.2,56.1,63.5,289.4,2,0.2,478,41.1,2,1,6,1261,51,12,13,0,4,0,55,9,1,133.1,138.2,2,0,0,0,,27,65,43.0,33.31,57.53,88.56,Psychic,Kanto
1600,Yellow_6635,Saffron City,Fire,Charmander,6,26.4,26.9,83.5,183.4,4,0.3,572,48.8,2,0,3,674,73,17,14,0,3,0,73,5,3,140.1,167.1,4,0,0,0,,68,80,53.0,40.52,69.29,86.93,Psychic,Kanto
1601,Sabrina_2685,Vermilion City,Fire,Charmander,6,63.3,100.0,72.7,256.4,1,8.6,471,78.1,2,1,2,1200,67,13,14,1,2,4,52,7,2,162.0,172.6,7,0,0,0,,150,59,39.1,43.92,97.85,74.26,Electric,Kanto
1602,Sabrina_8754,Lavender Town,Water,Squirtle,5,35.7,37.6,70.0,253.7,1,3.3,490,53.4,3,1,3,1888,74,7,8,0,0,2,52,3,1,144.6,154.2,3,0,0,0,,105,84,55.6,22.43,71.92,69.73,Ghost,Kanto
1603,Gary_2060,Celadon City,Fire,Charmander,3,48.3,51.0,68.9,212.7,2,8.7,384,43.7,3,1,2,1769,47,13,11,1,3,1,37,4,3,131.0,185.1,5,0,0,0,,130,54,35.8,28.64,36.61,75.62,Grass,Kanto
1604,Sabrina_3188,Celadon City,Fire,Charmander,5,39.3,44.5,57.7,225.8,1,2.4,415,52.6,3,0,1,1728,58,11,9,0,2,0,33,3,2,153.5,200.7,3,0,0,0,,73,49,32.5,17.88,50.94,60.17,Grass,Kanto
1605,Karen_2740,Viridian City,Fire,Charmander,4,42.0,43.6,42.1,288.9,2,5.2,496,33.4,3,1,4,2043,63,10,10,0,4,1,52,4,0,133.9,135.0,2,0,0,0,,151,59,39.1,32.07,13.06,62.97,Ground,Kanto
1606,Chuck_5332,Viridian City,Fire,Charmander,6,23.2,28.8,40.2,187.5,4,0.0,251,20.3,3,1,2,1827,40,8,3,0,4,0,31,8,0,140.3,144.1,1,0,0,0,,70,33,21.9,16.04,1.87,40.13,Ground,Kanto
1607,Jessie_5587,Viridian City,Water,Squirtle,5,53.6,64.4,75.6,263.2,2,8.2,399,66.9,1,1,2,1053,35,8,3,0,0,0,56,6,5,126.6,128.1,4,0,0,0,,95,61,40.4,64.9,94.14,61.64,Ground,Kanto
1608,Morty_1423,Pewter City,Fire,Charmander,3,25.2,25.5,47.9,88.3,2,1.4,125,53.6,3,0,4,1506,17,8,3,0,3,1,18,4,1,139.5,141.0,2,0,0,0,,91,32,21.2,74.57,15.85,7.13,Rock,Kanto
1609,Lance_3608,Viridian City,Grass,Bulbasaur,6,21.2,39.7,64.1,141.1,2,0.1,240,36.9,3,0,1,1500,19,11,0,0,1,1,32,2,1,120.0,150.9,1,0,0,0,,34,40,26.5,0.97,44.39,43.28,Ground,Kanto
1610,Lorelei_9671,Vermilion City,Grass,Bulbasaur,6,35.5,41.2,75.5,136.5,2,3.0,325,68.7,4,0,5,2480,44,7,6,1,3,2,49,8,1,171.6,180.4,6,0,0,0,,87,55,36.4,86.89,89.91,50.92,Electric,Kanto
1611,Karen_7284,Pallet Town,Fire,Charmander,6,36.3,55.8,65.0,136.5,1,4.8,188,37.4,2,0,4,822,27,2,6,0,1,2,26,4,1,129.9,131.0,2,0,0,0,,49,37,24.5,22.55,3.29,20.81,None,Kanto
1612,Lorelei_4820,Cinnabar Island,Water,Squirtle,6,36.2,41.1,44.4,192.3,3,3.5,514,26.2,3,0,2,1399,62,11,9,1,0,1,63,2,1,148.4,222.1,1,0,0,0,,92,62,41.1,8.71,19.35,90.1,Fire,Kanto
1613,Koga_9721,Celadon City,Fire,Charmander,4,36.1,51.6,91.4,290.3,4,2.5,327,67.0,4,1,2,2326,43,7,11,0,1,0,42,3,0,169.6,183.9,5,0,0,0,,113,59,39.1,33.18,85.03,55.5,Grass,Kanto
1614,Crystal_3860,Pewter City,Grass,Bulbasaur,6,28.0,30.5,68.9,234.1,3,0.6,189,57.4,4,1,6,1626,21,7,10,0,5,1,30,2,2,171.8,185.7,4,0,0,0,,121,42,27.8,89.14,49.54,26.61,Rock,Kanto
1615,Casey_8339,Saffron City,Fire,Charmander,4,41.1,49.3,67.9,150.4,1,4.6,355,51.9,3,0,1,1798,54,10,8,0,3,0,49,5,0,136.4,137.8,3,0,0,0,,63,45,29.8,4.24,69.52,44.47,Psychic,Kanto
1616,Falkner_2536,Cinnabar Island,Fire,Charmander,5,48.8,60.4,49.6,281.8,2,5.2,561,22.8,4,1,1,2362,69,23,12,0,5,4,56,5,2,171.2,207.4,1,0,0,0,,79,64,42.4,19.25,5.1,85.8,Fire,Kanto
1617,Blue_3122,Celadon City,Fire,Charmander,6,32.9,34.3,84.3,224.5,2,2.9,208,45.1,4,1,6,2263,14,11,7,1,1,0,33,6,1,146.7,151.2,3,0,0,0,,128,42,27.8,19.98,90.34,27.91,Grass,Kanto
1618,Aya_7884,Viridian City,Fire,Charmander,4,26.5,26.6,73.7,138.8,1,0.4,104,28.5,2,0,3,507,13,0,3,1,1,0,16,4,3,154.4,154.7,1,0,0,0,,41,32,21.2,7.98,63.37,12.74,Ground,Kanto
1619,Will_6758,Pewter City,Grass,Bulbasaur,5,53.7,54.7,56.3,207.3,2,7.3,429,33.9,4,0,2,2248,53,7,10,1,1,1,44,4,3,152.4,167.5,4,0,0,0,,116,58,38.4,8.11,41.39,66.21,Rock,Kanto
1620,James_7105,Lavender Town,Water,Squirtle,3,61.7,82.7,55.1,211.2,3,15.0,274,67.8,3,1,5,1760,18,8,5,1,0,3,21,6,2,145.3,152.3,6,0,0,0,,238,54,35.8,91.82,1.88,3.59,Ghost,Kanto
1621,Morty_8741,Fuchsia City,Grass,Bulbasaur,2,31.9,49.1,66.8,281.9,2,1.4,376,34.8,3,1,0,1786,47,8,9,0,3,0,58,3,1,133.1,136.5,1,0,0,0,,63,56,37.1,8.57,45.43,54.22,Poison,Kanto
1622,Green_8113,Pallet Town,Water,Squirtle,6,33.1,41.9,87.9,230.7,4,0.4,553,52.1,3,0,1,1632,69,9,16,0,0,0,61,6,1,134.2,135.6,4,0,0,0,,52,54,35.8,0.05,89.24,92.38,None,Kanto
1623,Blaine_9861,Cinnabar Island,Fire,Charmander,6,38.5,50.1,44.4,208.5,3,2.8,320,33.0,2,1,3,1289,46,8,10,1,1,0,41,1,1,141.9,169.2,3,0,0,0,,61,47,31.1,40.35,8.21,51.85,Fire,Kanto
1624,Falkner_6495,Viridian City,Fire,Charmander,5,29.9,34.6,64.2,155.8,5,0.9,199,41.9,3,0,0,2227,43,5,6,1,1,0,27,4,0,147.3,161.4,4,0,0,0,,78,35,23.2,28.47,41.22,39.87,Ground,Kanto
1625,Lance_4923,Saffron City,Water,Squirtle,6,50.9,56.7,81.1,255.5,3,6.1,415,65.3,3,1,2,1206,63,11,11,1,2,0,37,0,1,196.6,218.0,7,0,0,0,,160,63,41.7,55.68,79.75,73.95,Psychic,Kanto
1626,Joe_8741,Cinnabar Island,Water,Squirtle,6,54.3,62.9,84.6,120.7,3,10.8,304,77.4,3,0,1,1171,35,10,8,1,0,1,29,5,1,159.8,168.4,7,0,0,0,,141,40,26.5,74.64,70.49,34.36,Fire,Kanto
1627,Pryce_7073,Celadon City,Fire,Charmander,6,24.8,24.9,59.3,145.3,1,1.4,209,67.4,4,0,4,2154,40,6,3,0,1,2,24,4,0,177.3,186.2,3,0,0,0,,44,46,30.5,45.92,46.67,24.98,Grass,Kanto
1628,Pryce_2530,Cinnabar Island,Grass,Bulbasaur,5,36.6,39.8,59.4,272.5,3,3.0,412,38.7,2,1,4,1008,55,10,13,0,2,1,42,8,1,123.7,185.3,2,0,0,0,,86,74,49.0,61.25,42.83,62.34,Fire,Kanto
1629,Casey_4087,Celadon City,Grass,Bulbasaur,6,23.6,26.0,71.2,127.1,2,1.0,48,61.0,3,0,2,1951,24,4,2,1,0,2,13,4,1,157.8,163.4,4,0,0,0,,97,17,11.3,91.31,38.67,2.16,Grass,Kanto
1630,Karen_2719,Pallet Town,Fire,Charmander,6,31.6,38.1,38.0,183.0,3,2.4,492,34.8,1,0,1,854,77,13,11,0,1,0,55,2,1,192.7,194.3,1,0,0,0,,67,56,37.1,30.14,1.47,84.5,None,Kanto
1631,Lance_9683,Viridian City,Grass,Bulbasaur,6,48.8,50.7,61.9,266.6,2,4.4,529,52.0,2,1,0,1057,76,17,15,0,1,2,64,2,0,139.4,145.2,4,0,0,0,,164,70,46.4,9.8,33.84,80.61,Ground,Kanto
1632,Green_4402,Cinnabar Island,Grass,Bulbasaur,1,46.0,61.8,69.7,271.6,2,6.6,429,64.4,2,1,6,1170,61,13,11,0,1,1,54,2,0,165.8,170.9,5,0,0,0,,91,77,51.0,78.76,64.1,54.39,Fire,Kanto
1633,Jessie_6493,Cinnabar Island,Water,Squirtle,2,25.8,32.2,67.5,209.6,2,1.0,487,42.6,4,1,0,2125,59,13,10,0,3,2,51,6,2,149.6,155.1,3,0,0,0,,64,61,40.4,29.09,43.71,86.51,Fire,Kanto
1634,Blue_9744,Lavender Town,Water,Squirtle,4,59.0,60.7,53.5,245.7,5,6.7,592,44.9,3,1,1,2256,69,9,11,1,4,0,64,4,0,171.4,179.5,6,0,0,0,,89,91,60.3,21.34,46.2,84.92,Ghost,Kanto
1635,Joe_4427,Cerulean City,Fire,Charmander,4,39.1,39.2,50.1,181.1,1,2.7,378,41.9,2,0,2,1378,43,12,20,0,2,1,55,5,1,145.0,146.4,2,0,0,0,,128,54,35.8,52.63,4.91,60.24,Water,Kanto
1636,Green_5318,Celadon City,Fire,Charmander,6,23.3,26.6,72.1,190.8,5,1.8,122,60.9,4,1,3,2101,18,9,6,0,3,1,22,5,0,146.9,151.0,5,0,0,0,,99,29,19.2,69.83,58.64,1.81,Grass,Kanto
1637,Ash_2114,Pallet Town,Grass,Bulbasaur,6,34.1,34.3,54.6,242.5,3,0.9,404,38.0,3,1,1,1980,57,7,11,0,0,2,47,5,0,165.8,178.1,2,0,0,0,,61,58,38.4,55.47,45.42,60.93,None,Kanto
1638,Whitney_1745,Pallet Town,Grass,Bulbasaur,3,34.8,35.1,59.0,271.8,1,1.6,563,39.6,3,1,1,1923,78,12,13,0,2,2,69,2,0,98.3,104.7,2,0,0,0,,71,71,47.0,6.83,45.44,99.8,None,Kanto
1639,Karen_9497,Cerulean City,Grass,Bulbasaur,3,24.7,33.9,42.9,206.0,1,0.9,173,30.6,3,1,4,1744,45,4,9,0,1,0,33,8,0,180.8,183.6,1,0,0,0,,75,51,33.8,52.19,2.2,29.74,Water,Kanto
1640,Whitney_8254,Viridian City,Grass,Bulbasaur,4,39.9,47.4,50.4,320.7,3,1.2,486,22.6,4,1,0,2133,70,10,9,1,3,1,55,4,2,159.8,173.3,2,0,0,0,,81,44,29.1,2.26,35.41,96.98,Ground,Kanto
1641,Joe_9200,Vermilion City,Water,Squirtle,3,73.7,81.5,62.6,275.6,3,15.0,226,49.8,4,1,0,2021,12,8,12,1,3,3,32,2,0,146.7,159.9,6,0,0,0,,192,31,20.5,20.38,28.81,0.18,Electric,Kanto
1642,Joe_9334,Celadon City,Water,Squirtle,6,68.7,69.5,36.3,182.1,3,15.0,425,37.9,3,1,0,1658,31,9,12,0,1,2,45,6,2,129.5,156.5,4,0,0,0,,177,47,31.1,4.06,0.63,38.6,Grass,Kanto
1643,Giovanni_8946,Cerulean City,Grass,Bulbasaur,3,53.0,56.9,62.3,225.5,1,5.2,625,32.9,3,0,2,1816,68,18,9,0,2,1,63,3,0,149.5,170.3,3,0,0,0,,116,82,54.3,26.42,27.5,97.4,Water,Kanto
1644,Giovanni_7759,Cerulean City,Fire,Charmander,1,36.0,46.9,53.1,73.8,1,2.4,102,51.1,3,0,4,1772,12,5,0,0,0,0,14,2,0,123.6,133.6,3,0,0,0,,84,19,12.6,41.89,13.68,11.61,Water,Kanto
1645,Blaine_3153,Celadon City,Grass,Bulbasaur,6,34.8,40.7,62.7,152.9,3,2.6,184,67.6,4,0,3,2341,31,6,6,0,3,1,25,1,1,143.1,150.5,5,0,0,0,,120,37,24.5,51.63,61.71,21.04,Grass,Kanto
1646,AJ_9971,Cinnabar Island,Water,Squirtle,6,31.1,44.9,76.2,176.8,1,2.0,531,61.5,4,0,0,1817,70,13,8,1,1,0,61,1,1,141.9,150.9,3,0,0,0,,77,64,42.4,11.83,99.48,86.57,Fire,Kanto
1647,Will_5368,Vermilion City,Fire,Charmander,5,39.3,44.6,57.3,111.2,4,3.4,285,67.3,2,0,2,1172,27,15,4,1,3,0,36,7,0,120.0,140.4,6,0,0,0,,109,43,28.5,54.05,70.15,36.17,Electric,Kanto
1648,Stella_5051,Viridian City,Grass,Bulbasaur,2,35.5,39.6,63.7,286.3,2,1.1,555,44.0,3,1,1,1792,59,19,10,1,4,0,59,4,3,155.7,158.2,4,0,0,0,,51,79,52.3,61.82,36.99,91.49,Ground,Kanto
1649,Whitney_6658,Cinnabar Island,Water,Squirtle,2,44.0,72.1,76.6,256.5,2,5.0,552,54.8,1,1,3,578,72,11,9,1,3,0,69,4,0,174.8,215.3,4,0,0,0,,133,81,53.6,54.79,51.89,97.56,Fire,Kanto
1650,Duplica_2714,Pewter City,Fire,Charmander,2,35.1,48.8,48.1,249.6,2,3.5,495,46.9,4,1,4,2205,56,12,10,0,3,1,61,3,2,171.2,198.4,2,0,0,0,,109,84,55.6,91.15,22.36,84.32,Rock,Kanto
1651,Yellow_4927,Vermilion City,Water,Squirtle,1,73.5,73.6,91.3,176.8,1,13.6,376,59.7,2,0,4,1921,49,12,8,1,0,0,44,2,0,151.6,151.9,6,0,0,0,,207,63,41.7,77.06,60.0,49.88,Electric,Kanto
1652,Gary_3140,Pewter City,Fire,Charmander,4,58.8,65.0,49.2,131.4,5,11.2,355,63.1,4,0,4,1572,31,17,10,1,0,1,43,6,1,199.5,214.8,7,0,0,0,,230,66,43.7,84.81,30.36,45.29,Rock,Kanto
1653,Karen_1098,Vermilion City,Fire,Charmander,3,51.2,62.5,78.6,153.5,2,6.8,467,78.3,3,0,2,2199,50,8,8,0,1,2,65,8,0,148.8,149.4,7,0,0,0,,193,64,42.4,34.86,93.16,63.21,Electric,Kanto
1654,Blaine_8372,Lavender Town,Water,Squirtle,6,22.6,24.1,64.8,111.5,2,0.3,122,44.3,3,0,6,1371,36,6,4,1,6,1,24,4,1,117.8,130.7,2,0,0,0,,114,47,31.1,64.97,55.04,7.85,Ghost,Kanto
1655,Duplica_9305,Celadon City,Fire,Charmander,3,24.9,26.5,89.4,145.7,2,1.3,257,72.3,2,0,2,1472,32,6,7,0,3,0,38,7,2,154.6,163.6,4,0,0,0,,109,34,22.5,93.12,95.24,31.9,Grass,Kanto
1656,Samurai_2279,Cerulean City,Water,Squirtle,2,49.4,49.5,66.8,232.4,1,6.0,412,25.1,2,1,0,1007,45,11,11,1,1,0,44,3,1,143.2,164.9,2,0,0,0,,104,63,41.7,5.57,35.31,49.98,Water,Kanto
1657,AJ_4678,Cinnabar Island,Water,Squirtle,6,40.6,44.4,45.2,267.3,2,0.7,504,38.6,3,1,4,1946,50,15,17,0,2,0,57,5,1,144.7,158.1,3,0,0,0,,59,77,51.0,71.76,12.59,93.99,Fire,Kanto
1658,Duplica_4683,Cerulean City,Fire,Charmander,3,34.5,37.2,76.6,132.1,2,1.4,303,62.1,3,0,1,1727,31,8,9,0,4,0,45,10,0,167.6,177.8,3,0,0,0,,157,41,27.2,82.55,51.1,39.34,Water,Kanto
1659,James_1341,Vermilion City,Grass,Bulbasaur,6,36.1,46.3,55.1,266.9,3,1.6,294,27.4,3,1,1,2047,40,4,0,0,1,0,44,3,0,117.6,134.1,2,0,0,0,,59,37,24.5,23.59,18.98,36.4,Electric,Kanto
1660,Falkner_3578,Vermilion City,Water,Squirtle,1,21.8,23.4,91.9,122.0,2,0.9,302,50.3,4,0,3,1606,55,10,10,1,6,0,43,4,0,139.3,143.9,3,0,0,0,,111,43,28.5,26.14,96.4,50.42,Electric,Kanto
1661,Daisy_1581,Pallet Town,Fire,Charmander,5,24.0,34.2,59.6,209.9,2,0.3,353,35.1,2,0,0,1142,45,13,12,0,4,1,41,4,0,148.9,153.4,2,0,0,0,,108,32,21.2,14.4,28.35,62.46,None,Kanto
1662,Sabrina_9721,Saffron City,Grass,Bulbasaur,6,33.9,35.0,43.0,286.4,3,4.2,382,56.5,4,1,4,2303,42,8,9,0,3,1,39,7,3,137.3,166.8,5,0,0,0,,94,47,31.1,49.63,23.22,53.02,Psychic,Kanto
1663,Koga_5886,Saffron City,Fire,Charmander,6,43.0,47.3,36.8,189.6,2,4.1,298,48.2,4,0,2,2367,32,10,8,0,4,0,40,7,2,110.2,143.5,3,0,0,0,,98,28,18.5,78.82,3.59,41.34,Psychic,Kanto
1664,Todd_4146,Fuchsia City,Grass,Bulbasaur,6,42.8,43.5,66.5,161.4,3,1.5,413,32.3,2,0,3,951,35,14,9,1,1,0,53,8,2,136.9,137.8,3,0,0,0,,69,61,40.4,46.65,35.97,63.35,Poison,Kanto
1665,Lance_2991,Lavender Town,Grass,Bulbasaur,3,35.8,58.1,56.9,241.3,1,1.7,538,38.2,3,0,5,1314,60,13,7,0,0,3,64,3,1,145.0,179.9,2,0,0,0,,39,80,53.0,78.67,15.39,84.51,Ghost,Kanto
1666,Karen_6003,Fuchsia City,Fire,Charmander,6,34.1,36.1,64.5,308.9,2,1.2,558,60.0,3,1,3,2215,74,16,9,0,1,0,73,1,2,169.2,189.6,5,0,0,0,,78,75,49.7,44.41,63.15,91.46,Poison,Kanto
1667,Aya_9740,Lavender Town,Grass,Bulbasaur,6,28.3,32.5,64.8,129.4,2,1.0,319,43.2,4,0,2,1635,21,9,9,0,2,1,33,5,2,185.9,206.9,2,0,0,0,,112,53,35.1,93.87,6.68,41.68,Ghost,Kanto
1668,Daisy_1110,Cerulean City,Water,Squirtle,3,29.0,40.1,86.2,230.2,2,1.8,222,74.1,3,1,2,1592,35,5,7,0,1,1,31,6,1,166.4,174.0,4,0,0,0,,96,35,23.2,83.09,89.63,33.25,Water,Kanto
1669,Bruno_4748,Pallet Town,Fire,Charmander,1,28.6,49.1,67.5,93.7,3,2.3,158,55.0,3,0,1,1519,14,6,7,0,1,0,19,7,0,134.0,136.2,4,0,0,0,,108,43,28.5,24.87,45.36,23.11,None,Kanto
1670,Duplica_5663,Celadon City,Grass,Bulbasaur,6,34.7,43.5,59.4,140.4,5,6.0,224,43.6,3,0,4,2149,30,10,9,0,3,1,30,4,1,141.2,150.3,3,0,0,0,,126,49,32.5,83.78,12.31,16.53,Grass,Kanto
1671,AJ_5416,Saffron City,Grass,Bulbasaur,6,37.2,43.0,69.1,245.1,3,5.0,239,61.7,4,1,6,2643,49,12,5,0,2,2,31,3,1,150.6,151.2,4,0,0,0,,144,50,33.1,60.02,44.49,39.73,Psychic,Kanto
1672,Todd_9631,Pallet Town,Water,Squirtle,3,56.1,59.2,52.0,241.0,3,8.9,387,43.8,4,1,0,2383,62,11,6,1,2,0,50,3,1,132.5,145.5,5,0,0,0,,146,46,30.5,3.03,41.07,50.65,None,Kanto
1673,Lara_7918,Fuchsia City,Fire,Charmander,5,43.6,55.9,69.9,245.0,2,2.6,432,65.5,1,1,1,586,56,11,11,0,0,0,46,4,2,111.6,116.7,5,0,0,0,,28,59,39.1,6.25,71.21,73.74,Poison,Kanto
1674,Koga_2733,Pallet Town,Fire,Charmander,3,40.8,61.8,44.3,262.4,3,3.6,397,47.6,1,1,2,1151,59,10,11,0,0,0,46,0,0,173.3,183.3,3,0,0,0,,77,55,36.4,40.87,35.68,68.63,None,Kanto
1675,Daisy_9778,Pallet Town,Grass,Bulbasaur,3,46.0,53.8,72.5,278.0,4,5.6,436,67.9,3,1,5,1613,53,15,11,0,2,0,51,9,1,164.9,181.1,6,0,0,0,,91,72,47.7,91.12,64.57,67.46,None,Kanto
1676,Daisy_6689,Pewter City,Water,Squirtle,3,38.9,40.0,62.7,215.8,1,3.3,366,47.9,3,1,2,1355,60,8,4,0,2,2,49,2,1,126.1,158.7,3,0,0,0,,172,42,27.8,50.03,24.35,45.72,Rock,Kanto
1677,Bill_9653,Cinnabar Island,Water,Squirtle,6,45.4,46.7,90.1,212.7,1,4.2,560,72.6,2,0,5,1425,50,10,12,0,2,0,66,7,2,141.0,178.4,5,0,0,0,,179,71,47.0,48.22,98.19,88.22,Fire,Kanto
1678,Clair_6982,Celadon City,Fire,Charmander,5,31.5,31.6,76.9,107.1,3,1.1,138,31.6,3,0,1,1620,26,3,1,1,0,0,22,3,1,123.8,145.4,3,0,0,0,,52,34,22.5,17.28,43.32,3.59,Grass,Kanto
1679,Joe_4166,Viridian City,Fire,Charmander,3,35.6,42.4,87.2,194.8,2,2.2,423,70.6,3,0,3,1845,50,10,10,0,2,0,54,6,1,171.7,181.4,4,0,0,0,,62,68,45.0,98.54,95.57,66.88,Ground,Kanto
1680,Daisy_5662,Celadon City,Fire,Charmander,3,44.9,63.4,72.4,283.3,4,4.4,526,72.3,4,1,3,2299,58,13,15,0,4,0,51,8,1,181.3,183.4,5,0,0,0,,81,78,51.7,90.19,60.35,88.22,Grass,Kanto
1681,Koga_2392,Pewter City,Grass,Bulbasaur,2,31.9,37.5,91.2,130.4,5,0.8,65,75.0,2,0,4,1435,0,3,0,0,1,0,13,5,0,130.0,143.1,5,0,0,0,,109,29,19.2,77.47,98.44,3.26,Rock,Kanto
1682,Tracey_3918,Lavender Town,Fire,Charmander,6,34.9,36.6,83.5,182.8,2,5.3,264,52.5,2,0,0,1115,22,3,8,0,2,0,40,1,0,129.9,134.6,4,0,0,0,,105,39,25.8,11.84,84.3,21.59,Ghost,Kanto
1683,Lorelei_4074,Cerulean City,Grass,Bulbasaur,6,37.8,40.1,67.2,230.7,3,2.5,312,41.1,2,1,4,1193,44,6,8,1,2,1,18,3,0,113.3,126.8,3,0,0,0,,103,47,31.1,55.61,46.3,51.88,Water,Kanto
1684,Morty_1598,Celadon City,Fire,Charmander,6,31.2,46.5,91.6,230.3,1,2.0,464,53.8,4,1,5,1747,46,9,9,0,6,0,51,6,0,174.9,176.6,2,0,0,0,,121,65,43.0,59.18,80.13,58.29,Grass,Kanto
1685,Brock_4298,Saffron City,Grass,Bulbasaur,5,8.3,12.4,77.5,173.8,2,0.1,137,69.4,3,0,3,1630,15,9,4,0,1,0,20,3,0,143.1,151.2,4,0,0,0,,111,20,13.2,37.25,96.0,19.34,Psychic,Kanto
1686,Blue_7146,Fuchsia City,Water,Squirtle,3,26.7,29.9,63.9,224.0,4,1.0,362,58.4,3,1,7,2021,39,10,8,0,0,0,53,4,0,140.8,150.5,5,0,0,0,,60,70,46.4,83.51,22.09,62.45,Poison,Kanto
1687,Lance_6497,Cinnabar Island,Grass,Bulbasaur,6,15.2,41.5,72.3,104.4,6,1.2,193,71.4,4,0,3,2044,18,6,8,0,2,0,29,3,2,155.5,155.5,5,0,0,0,,27,56,37.1,84.47,68.31,20.69,Fire,Kanto
1688,Blue_1736,Viridian City,Grass,Bulbasaur,6,48.5,51.8,55.9,252.3,1,7.2,442,51.5,1,1,2,684,44,9,11,1,1,1,61,0,1,161.1,178.6,5,0,0,0,,161,53,35.1,16.13,27.15,74.93,Ground,Kanto
1689,Giovanni_1944,Celadon City,Fire,Charmander,3,40.9,42.6,57.1,193.0,3,1.6,529,31.5,3,0,3,2153,68,8,7,1,2,1,47,5,0,187.3,202.9,2,0,0,0,,41,82,54.3,36.36,10.04,89.09,Grass,Kanto
1690,Will_6511,Viridian City,Water,Squirtle,6,33.2,37.8,58.0,231.8,3,3.8,131,50.4,5,1,1,2744,5,4,3,1,3,1,19,2,2,133.2,150.8,5,0,0,0,,51,37,24.5,44.85,37.08,6.25,Ground,Kanto
1691,Karen_1544,Fuchsia City,Fire,Charmander,4,24.1,25.5,90.8,123.0,4,2.9,81,70.9,4,0,5,1667,35,5,0,0,4,1,18,5,0,116.4,117.1,5,0,0,0,,95,31,20.5,58.19,99.61,7.07,Poison,Kanto
1692,Duplica_9938,Vermilion City,Fire,Charmander,1,41.9,45.3,62.7,159.9,2,3.1,455,40.3,4,0,2,1816,59,10,15,0,4,1,56,3,1,127.6,128.9,2,0,0,0,,127,63,41.7,4.75,29.14,82.33,Electric,Kanto
1693,Erika_7002,Cinnabar Island,Water,Squirtle,6,39.1,71.0,56.5,205.9,1,1.9,492,31.9,3,0,3,1780,45,10,11,0,1,1,63,4,1,145.5,153.8,2,0,0,0,,84,66,43.7,52.88,45.37,76.11,Fire,Kanto
1694,Bruno_5952,Fuchsia City,Water,Squirtle,6,39.5,40.3,59.0,263.3,3,1.9,566,55.0,2,1,2,1090,71,11,9,0,2,0,69,6,1,177.5,185.7,5,0,0,0,,121,72,47.7,83.48,32.52,99.82,Poison,Kanto
1695,Clair_6999,Lavender Town,Fire,Charmander,2,35.1,59.2,77.3,242.8,2,2.4,282,74.9,3,1,5,1660,23,4,6,1,3,1,37,3,0,163.3,176.9,6,0,0,0,,125,52,34.4,77.01,77.0,41.86,Ghost,Kanto
1696,Agatha_7496,Pewter City,Water,Squirtle,6,18.1,22.3,60.0,227.4,2,0.0,211,13.6,5,1,0,2454,26,7,5,1,0,1,18,4,0,140.4,194.8,0,0,0,0,,57,21,13.9,0.04,28.35,30.34,Rock,Kanto
1697,Misty_6501,Celadon City,Water,Squirtle,3,52.0,66.0,83.5,209.7,2,8.0,475,83.3,2,1,5,1812,48,7,10,1,2,0,52,5,2,101.5,117.6,7,0,0,0,,190,75,49.7,33.26,99.68,63.73,Grass,Kanto
1698,Duplica_3638,Celadon City,Water,Squirtle,6,62.5,67.7,59.6,272.8,3,10.6,620,74.6,4,1,6,2586,70,16,13,0,2,1,69,5,0,178.0,182.6,7,0,0,0,,265,89,58.9,90.32,52.6,81.97,Grass,Kanto
1699,Blue_2512,Vermilion City,Water,Squirtle,5,38.5,39.7,90.0,171.1,1,3.7,441,56.7,3,0,0,1660,57,16,6,0,1,1,54,6,0,115.7,165.8,4,0,0,0,,125,57,37.7,11.57,92.03,70.68,Electric,Kanto
1700,Lance_6652,Cerulean City,Fire,Charmander,6,32.9,33.5,67.7,266.7,1,1.8,358,51.6,2,1,4,981,50,12,12,0,3,0,51,4,1,132.9,147.0,3,0,0,0,,113,51,33.8,87.24,57.34,59.84,Water,Kanto
1701,Dario_8698,Pallet Town,Grass,Bulbasaur,3,40.8,44.7,61.9,222.3,3,5.3,331,55.0,3,1,3,2233,41,8,5,1,1,1,49,8,2,138.7,146.1,5,0,0,0,,155,55,36.4,77.9,14.81,48.83,None,Kanto
1702,Tracey_6590,Celadon City,Grass,Bulbasaur,3,27.4,45.9,77.6,187.0,1,0.5,102,61.0,4,1,5,2107,17,4,5,1,3,1,8,3,2,119.6,134.2,4,0,0,0,,0,26,17.2,47.29,53.54,9.24,Grass,Kanto
1703,Samurai_2035,Viridian City,Water,Squirtle,6,30.3,30.7,40.2,215.5,1,0.9,254,35.5,4,1,7,2166,42,8,8,0,5,0,35,2,1,176.3,197.6,2,0,0,0,,99,65,43.0,96.34,5.1,43.26,Ground,Kanto
1704,Koji_9203,Cerulean City,Grass,Bulbasaur,1,52.2,55.6,89.3,158.6,2,5.0,412,61.9,3,0,2,1855,43,12,15,1,6,0,48,1,3,155.9,160.7,6,0,0,0,,134,62,41.1,50.14,83.28,73.35,Water,Kanto
1705,AJ_2163,Pallet Town,Water,Squirtle,6,39.6,40.1,95.3,228.4,6,3.3,367,65.1,2,1,3,1547,46,13,11,0,3,2,35,7,4,127.8,178.4,6,0,0,0,,93,58,38.4,95.26,96.03,46.18,None,Kanto
1706,AJ_1744,Pallet Town,Water,Squirtle,6,50.5,57.1,47.0,254.5,1,5.1,613,30.5,3,0,4,1997,64,14,15,0,3,0,82,3,4,153.9,164.1,2,0,0,0,,82,82,54.3,88.63,1.71,99.87,None,Kanto
1707,Aya_9076,Lavender Town,Water,Squirtle,4,45.5,56.4,59.5,143.7,4,10.0,155,48.5,2,0,7,1224,7,9,0,0,2,0,20,4,1,129.6,138.6,4,0,0,0,,153,27,17.9,52.44,34.05,2.24,Ghost,Kanto
1708,Karen_7748,Lavender Town,Water,Squirtle,6,16.5,33.5,60.8,136.3,3,2.1,267,66.2,4,0,8,1627,39,3,6,0,1,0,34,9,0,152.1,158.0,4,0,0,0,,111,47,31.1,90.37,51.76,24.38,Ghost,Kanto
1709,Silver_8855,Saffron City,Fire,Charmander,5,38.3,39.7,70.8,139.4,2,1.1,263,68.8,3,0,5,1862,31,5,3,1,1,0,40,6,0,148.4,159.2,6,0,0,0,,28,43,28.5,86.08,77.41,61.61,Psychic,Kanto
1710,Misty_9029,Viridian City,Water,Squirtle,6,25.2,30.5,60.0,102.2,4,1.2,133,47.3,3,0,10,1660,17,1,4,1,4,2,22,5,4,164.1,214.4,4,0,0,0,,24,45,29.8,71.65,75.32,12.87,Ground,Kanto
1711,Gold_6939,Viridian City,Fire,Charmander,6,32.5,40.5,79.6,317.7,4,1.0,636,68.2,3,1,2,2092,79,18,16,0,1,1,68,9,1,151.5,165.2,4,0,0,0,,121,81,53.6,87.79,70.48,99.41,Ground,Kanto
1712,Erika_6757,Saffron City,Fire,Charmander,6,32.4,39.1,64.3,78.7,6,3.5,25,68.4,4,0,5,2130,15,6,5,1,4,1,8,9,1,100.8,133.2,7,0,0,0,,77,21,13.9,99.77,50.07,5.95,Psychic,Kanto
1713,Bugsy_3304,Saffron City,Grass,Bulbasaur,5,55.1,60.9,54.7,131.0,1,7.2,397,22.8,4,0,0,2475,59,11,12,0,0,0,44,0,1,144.8,196.1,3,0,0,0,,139,57,37.7,7.24,19.64,65.21,Psychic,Kanto
1714,Crystal_3842,Vermilion City,Grass,Bulbasaur,6,69.0,71.9,83.9,296.4,2,15.0,493,79.8,3,1,2,1529,52,11,9,1,1,3,53,1,4,139.7,153.3,7,0,0,0,,188,58,38.4,32.37,84.88,49.4,Electric,Kanto
1715,Gary_6960,Viridian City,Fire,Charmander,6,61.0,62.8,76.0,255.1,4,10.4,403,67.4,3,1,11,1656,46,10,9,1,3,1,51,6,2,143.5,155.3,7,0,0,0,,213,84,55.6,51.61,52.46,59.51,Ground,Kanto
1716,Giovanni_5586,Lavender Town,Fire,Charmander,6,39.3,40.9,105.5,189.4,2,4.3,226,83.1,3,1,6,2251,34,8,9,1,5,2,31,1,0,139.5,150.6,7,0,0,0,,165,48,31.8,86.58,97.97,28.14,Ghost,Kanto
1717,Jasmine_7836,Pallet Town,Fire,Charmander,1,36.6,37.6,60.0,250.9,1,2.0,598,57.5,2,1,3,967,70,16,11,0,1,0,64,3,1,111.4,117.6,4,0,0,0,,128,83,55.0,25.01,38.02,90.75,None,Kanto
1718,Todd_2948,Lavender Town,Fire,Charmander,4,38.7,48.7,73.6,239.1,2,2.3,495,77.9,2,0,4,1487,64,12,14,0,6,1,58,4,1,200.1,204.8,6,0,0,0,,117,82,54.3,89.38,87.16,83.03,Ghost,Kanto
1719,Joe_5993,Celadon City,Fire,Charmander,4,40.3,52.6,79.2,316.7,2,0.9,450,50.7,4,1,2,2218,58,10,8,1,2,1,45,1,1,166.2,178.9,4,0,0,0,,81,57,37.7,11.0,66.85,82.59,Grass,Kanto
1720,Koga_4957,Celadon City,Fire,Charmander,6,29.4,44.5,77.4,86.5,1,3.6,162,37.7,3,0,1,1479,19,3,5,0,1,1,21,5,1,106.5,161.8,2,0,0,0,,105,40,26.5,33.96,31.07,12.64,Grass,Kanto
1721,Bruno_8138,Cinnabar Island,Grass,Bulbasaur,3,27.4,29.5,65.8,135.4,2,0.7,165,52.5,4,0,2,2219,17,5,9,1,3,0,15,3,1,137.9,159.0,3,0,0,0,,54,30,19.9,9.07,30.94,15.8,Fire,Kanto
1722,AJ_9916,Cerulean City,Grass,Bulbasaur,1,30.3,43.4,90.3,247.5,4,4.3,382,73.2,4,1,8,1954,58,8,4,0,2,2,40,9,1,154.3,161.5,4,0,0,0,,95,56,37.1,77.74,82.03,56.07,Water,Kanto
1723,Gary_6246,Cinnabar Island,Grass,Bulbasaur,2,48.4,54.8,68.1,272.0,5,8.8,250,62.2,2,1,1,1443,26,4,2,0,3,1,43,4,1,145.4,155.6,6,0,0,0,,163,38,25.2,32.86,60.11,8.82,Fire,Kanto
1724,Crystal_6775,Cerulean City,Water,Squirtle,6,55.7,59.3,68.2,283.1,6,6.4,415,40.5,4,1,3,1928,47,12,8,0,2,0,56,7,3,132.7,134.5,6,0,0,0,,188,58,38.4,26.43,54.36,51.85,Water,Kanto
1725,Morty_5178,Pewter City,Fire,Charmander,6,55.8,63.5,37.4,312.1,3,7.1,547,49.3,3,1,1,1835,79,22,14,0,3,1,74,4,2,154.1,155.0,5,0,0,0,,75,89,58.9,33.45,1.94,87.93,Rock,Kanto
1726,Green_5354,Cerulean City,Water,Squirtle,3,29.7,33.2,51.5,166.1,3,0.4,421,48.3,3,0,4,1476,53,7,7,0,2,0,52,3,0,154.7,158.5,3,0,0,0,,30,70,46.4,48.43,30.11,84.84,Water,Kanto
1727,Aya_4361,Fuchsia City,Fire,Charmander,2,30.3,40.7,66.2,16.2,1,0.7,56,64.2,2,0,1,875,7,3,3,0,0,0,16,7,3,133.7,164.7,3,0,0,0,,102,23,15.2,46.66,75.87,6.28,Poison,Kanto
1728,AJ_9825,Viridian City,Water,Squirtle,6,25.0,30.4,60.2,224.8,2,1.1,285,51.2,3,1,3,1180,34,13,6,0,4,1,38,5,1,146.9,152.4,2,0,0,0,,128,48,31.8,61.66,34.21,43.26,Ground,Kanto
1729,Sabrina_1165,Cinnabar Island,Fire,Charmander,6,39.9,44.1,72.5,261.9,3,4.0,390,57.3,4,1,1,2495,43,13,10,0,3,2,47,1,4,131.0,154.1,5,0,0,0,,121,61,40.4,17.14,69.7,61.49,Fire,Kanto
1730,Clair_1085,Saffron City,Water,Squirtle,6,38.2,51.8,59.2,190.6,2,6.5,181,44.7,4,1,3,2413,29,4,4,0,1,1,34,11,2,148.0,182.2,2,0,0,0,,172,37,24.5,60.11,35.77,6.79,Psychic,Kanto
1731,Yellow_1570,Viridian City,Water,Squirtle,4,31.2,36.4,55.3,247.1,1,0.8,336,41.2,3,1,1,2064,35,8,15,1,1,0,43,1,0,155.3,180.7,2,0,0,0,,55,51,33.8,19.85,16.24,61.02,Ground,Kanto
1732,Giselle_5160,Celadon City,Water,Squirtle,3,38.9,51.7,55.7,133.0,3,4.1,182,59.9,2,0,1,1304,24,7,4,0,2,0,17,7,2,160.7,167.9,4,0,0,0,,74,36,23.8,65.34,39.31,20.79,Grass,Kanto
1733,Dario_9580,Saffron City,Grass,Bulbasaur,6,32.6,34.0,86.4,226.2,2,0.8,550,49.7,3,0,3,1223,59,13,14,1,1,1,58,2,3,167.2,216.1,3,0,0,0,,104,66,43.7,50.2,95.99,90.47,Psychic,Kanto
1734,Gary_3105,Saffron City,Grass,Bulbasaur,6,50.9,55.2,61.5,258.1,4,3.9,492,42.0,5,1,1,2903,52,3,7,0,3,2,59,5,2,151.3,155.4,3,0,0,0,,41,76,50.3,57.66,3.35,83.46,Psychic,Kanto
1735,Karen_3611,Fuchsia City,Grass,Bulbasaur,6,33.8,36.9,85.9,221.0,6,2.2,222,63.6,2,1,9,1360,47,4,7,0,2,0,17,11,1,155.0,159.6,6,0,0,0,,81,53,35.1,84.88,72.31,46.6,Poison,Kanto
1736,Giovanni_7985,Viridian City,Water,Squirtle,6,22.3,32.1,44.2,146.3,1,0.8,153,24.8,2,0,4,1233,27,4,3,0,2,0,16,3,0,146.3,165.2,0,0,0,0,,74,48,31.8,40.75,17.47,8.97,Ground,Kanto
1737,Whitney_3924,Cinnabar Island,Water,Squirtle,6,45.3,46.6,58.9,268.9,1,4.1,559,55.2,3,1,6,1631,67,11,12,0,1,0,64,2,1,210.1,212.0,4,0,0,0,,91,80,53.0,80.32,19.91,95.29,Fire,Kanto
1738,Misty_9932,Pewter City,Fire,Charmander,1,31.5,33.2,68.1,143.7,3,2.1,290,65.7,4,0,5,2278,30,11,4,1,3,0,37,6,2,161.7,165.8,5,0,0,0,,152,53,35.1,91.2,71.5,41.41,Rock,Kanto
1739,Pryce_1887,Celadon City,Fire,Charmander,2,31.9,37.4,39.0,161.4,3,4.9,114,43.9,3,0,6,1406,11,5,9,0,1,2,20,6,1,139.3,141.6,2,0,0,0,,85,31,20.5,80.41,17.9,2.37,Grass,Kanto
1740,Karen_5241,Pewter City,Fire,Charmander,6,55.3,56.4,59.2,212.0,1,7.6,442,60.4,3,0,2,1777,43,5,16,0,3,2,63,4,0,132.9,157.5,5,0,0,0,,138,48,31.8,16.18,46.44,68.01,Rock,Kanto
1741,Todd_5245,Pewter City,Grass,Bulbasaur,6,53.5,54.6,60.4,274.1,1,6.8,436,53.9,3,1,8,1872,46,10,10,1,1,2,45,8,1,136.8,139.2,5,0,0,0,,153,67,44.4,73.43,4.63,55.43,Rock,Kanto
1742,Whitney_6339,Viridian City,Fire,Charmander,6,43.7,45.7,47.2,257.3,2,3.4,501,48.1,4,1,1,2846,64,7,12,1,2,2,50,2,0,122.7,165.1,4,0,0,0,,89,47,31.1,25.82,12.79,75.37,Ground,Kanto
1743,Daisy_8792,Vermilion City,Water,Squirtle,6,29.5,33.4,74.7,189.7,2,1.4,87,77.0,2,1,3,1029,3,4,9,0,1,0,21,8,3,147.9,172.2,5,0,0,0,,87,23,15.2,88.65,91.33,0.97,Electric,Kanto
1744,Dario_1928,Cinnabar Island,Grass,Bulbasaur,5,34.2,54.8,54.4,231.0,2,2.3,227,57.4,4,1,4,2440,50,5,10,0,1,0,41,7,0,156.4,161.3,3,0,0,0,,79,50,33.1,73.87,48.61,39.86,Fire,Kanto
1745,Lorelei_3556,Cerulean City,Grass,Bulbasaur,4,28.6,39.4,64.4,163.6,3,1.7,215,51.7,3,0,1,1680,49,4,7,0,2,0,24,1,2,145.8,148.1,3,0,0,0,,109,35,23.2,12.96,66.52,41.9,Water,Kanto
1746,Janine_5798,Viridian City,Grass,Bulbasaur,6,51.8,54.3,51.4,223.5,4,10.2,362,67.3,2,1,4,1544,21,11,13,1,1,0,31,5,2,162.0,165.2,6,0,0,0,,177,50,33.1,79.17,11.05,34.53,Ground,Kanto
1747,Todd_2977,Viridian City,Fire,Charmander,6,28.3,36.3,50.3,162.9,1,1.0,267,52.3,4,0,8,2043,30,5,5,1,1,1,28,4,1,151.9,182.0,3,0,0,0,,155,78,51.7,78.47,23.45,40.56,Ground,Kanto
1748,Whitney_7404,Cinnabar Island,Fire,Charmander,6,22.5,33.0,61.2,247.8,1,0.1,373,35.2,3,1,1,1763,53,4,8,0,0,1,41,2,3,159.0,164.8,0,0,0,0,,2,49,32.5,43.32,39.58,51.47,Fire,Kanto
1749,Lance_4873,Pallet Town,Grass,Bulbasaur,6,40.3,43.1,67.2,169.8,1,0.5,445,41.4,2,0,3,1464,63,16,9,0,1,1,48,5,1,141.2,147.5,2,0,0,0,,11,62,41.1,36.65,81.71,70.48,None,Kanto
1750,Jessie_4769,Viridian City,Fire,Charmander,1,34.5,42.1,56.3,147.9,4,2.2,278,43.7,3,0,12,1607,27,6,1,0,0,2,38,6,3,135.9,140.5,3,0,0,0,,40,81,53.6,78.13,14.5,34.92,Ground,Kanto
1751,Jasmine_5223,Vermilion City,Grass,Bulbasaur,5,41.6,72.0,88.4,248.1,6,7.3,218,69.3,4,1,0,1799,22,7,8,0,2,1,26,4,0,111.4,113.3,7,0,0,0,,129,50,33.1,30.36,79.19,13.8,Electric,Kanto
1752,Lorelei_3932,Lavender Town,Fire,Charmander,6,29.6,33.7,54.1,200.1,6,3.0,157,41.6,2,1,2,961,25,5,8,0,2,1,26,3,1,148.3,167.0,3,0,0,0,,106,29,19.2,35.2,57.66,32.15,Ghost,Kanto
1753,Ash_8431,Saffron City,Fire,Charmander,6,37.1,37.8,71.4,173.9,4,2.9,475,38.6,4,0,2,1979,62,7,12,0,2,1,67,1,2,138.3,147.4,3,0,0,0,,159,67,44.4,37.64,62.09,73.72,Psychic,Kanto
1754,Clair_8012,Fuchsia City,Water,Squirtle,3,26.7,28.4,46.5,172.0,2,1.3,208,20.5,2,0,2,1157,7,10,5,0,3,1,30,3,0,145.7,150.8,2,0,0,0,,48,27,17.9,17.0,32.03,27.46,Poison,Kanto
1755,Falkner_6324,Pewter City,Water,Squirtle,5,30.0,43.8,78.4,270.7,2,1.1,513,58.9,2,1,5,1116,58,10,9,1,2,0,61,9,3,200.9,233.6,4,0,0,0,,104,80,53.0,82.09,58.4,85.02,Rock,Kanto
1756,Erika_2823,Saffron City,Fire,Charmander,4,33.5,35.1,51.0,246.9,1,3.0,410,52.3,4,1,2,2048,66,10,11,0,0,2,48,4,1,151.0,164.3,3,0,0,0,,62,58,38.4,48.41,22.45,70.25,Psychic,Kanto
1757,AJ_3490,Celadon City,Grass,Bulbasaur,6,40.1,41.1,71.5,96.7,2,4.2,211,58.5,5,0,3,2982,41,6,1,0,2,0,33,3,3,153.4,160.7,5,0,0,0,,62,27,17.9,71.24,46.8,24.8,Grass,Kanto
1758,Red_4724,Celadon City,Grass,Bulbasaur,6,28.6,37.9,61.7,240.8,2,0.2,380,40.5,3,1,1,1549,61,12,9,1,3,1,37,3,2,165.6,197.5,3,0,0,0,,59,70,46.4,54.45,28.4,68.04,Grass,Kanto
1759,Green_1902,Lavender Town,Water,Squirtle,6,49.3,51.4,48.4,314.7,1,7.9,636,55.7,3,1,3,2449,68,14,12,1,1,1,77,1,0,145.4,173.3,6,0,0,0,,134,90,59.6,45.23,43.87,96.38,Ghost,Kanto
1760,Yellow_5611,Pewter City,Grass,Bulbasaur,4,49.4,74.9,56.1,310.7,1,6.3,589,55.8,4,1,4,1910,57,8,12,1,3,1,72,7,0,159.6,166.4,5,0,0,0,,107,86,57.0,72.19,50.21,93.42,Rock,Kanto
1761,Surge_7498,Cerulean City,Water,Squirtle,4,25.2,31.2,55.7,134.2,4,1.3,100,38.4,5,0,3,2065,27,2,3,0,2,0,27,6,0,152.6,178.5,2,0,0,0,,65,22,14.6,86.28,24.49,1.22,Water,Kanto
1762,Karen_3540,Lavender Town,Water,Squirtle,6,29.6,40.5,88.0,188.0,4,1.1,336,73.5,3,0,2,2173,44,9,13,0,3,0,50,3,0,166.2,170.7,6,0,0,0,,92,55,36.4,80.6,89.43,44.37,Ghost,Kanto
1763,Lorelei_7188,Fuchsia City,Fire,Charmander,3,27.6,28.1,81.4,192.8,1,1.3,186,47.8,2,1,3,857,33,5,0,0,2,0,24,2,3,111.5,120.1,1,0,0,0,,94,37,24.5,40.54,78.15,24.37,Poison,Kanto
1764,AJ_9653,Saffron City,Fire,Charmander,3,33.8,51.6,52.0,140.1,2,1.3,277,50.0,4,0,1,2422,50,15,7,0,3,0,33,11,2,122.5,131.1,4,0,0,0,,78,54,35.8,33.1,37.0,53.46,Psychic,Kanto
1765,Aya_2969,Vermilion City,Grass,Bulbasaur,2,48.8,54.7,62.5,120.3,3,5.4,358,53.4,2,0,2,1197,63,4,12,0,2,2,37,3,0,105.1,128.7,5,0,0,0,,136,50,33.1,36.29,61.74,65.39,Electric,Kanto
1766,Whitney_8538,Cerulean City,Grass,Bulbasaur,3,37.0,38.1,58.5,229.9,3,6.2,190,59.5,2,1,1,746,32,5,11,0,3,1,30,2,0,183.8,188.1,4,0,0,0,,118,31,20.5,50.17,66.61,28.12,Water,Kanto
1767,Agatha_4180,Fuchsia City,Water,Squirtle,5,68.4,88.2,50.1,195.0,1,15.0,333,75.1,2,0,4,1348,39,9,7,1,3,0,46,7,5,150.5,185.2,7,0,0,0,,196,62,41.1,93.07,30.48,18.96,Poison,Kanto
1768,Koga_1046,Vermilion City,Fire,Charmander,4,52.8,58.2,71.6,283.5,1,4.5,429,54.1,3,1,3,1737,40,11,10,1,2,4,48,2,3,158.6,165.8,5,0,0,0,,157,50,33.1,20.74,77.97,74.52,Electric,Kanto
1769,Clair_8404,Cerulean City,Water,Squirtle,4,24.8,39.3,66.3,118.2,1,3.3,188,43.5,2,0,1,1331,24,3,5,0,4,0,30,5,2,139.2,159.3,2,0,0,0,,100,30,19.9,14.16,70.38,18.43,Water,Kanto
1770,Karen_3298,Pewter City,Water,Squirtle,5,37.4,45.8,78.6,247.9,3,2.2,350,82.3,2,1,0,1487,41,7,10,0,2,0,58,7,1,166.5,166.6,6,0,0,0,,48,46,30.5,89.12,93.2,43.83,Rock,Kanto
1771,Koji_3761,Fuchsia City,Grass,Bulbasaur,6,28.2,33.8,66.7,106.1,5,3.0,152,40.8,4,0,2,2323,14,3,3,0,2,0,31,2,1,124.9,128.0,3,0,0,0,,86,32,21.2,51.98,10.33,9.6,Poison,Kanto
1772,Lara_8345,Saffron City,Grass,Bulbasaur,6,36.1,44.5,60.0,162.3,4,1.4,185,39.3,3,0,2,1347,29,5,3,0,1,1,24,4,3,153.3,159.4,3,0,0,0,,80,43,28.5,38.38,41.84,34.59,Psychic,Kanto
1773,Brock_2612,Saffron City,Fire,Charmander,6,37.1,37.4,53.0,187.9,1,2.7,276,35.0,5,0,4,2432,42,6,7,1,1,1,31,5,2,142.4,162.6,2,0,0,0,,80,45,29.8,40.75,9.26,42.92,Psychic,Kanto
1774,Todd_4176,Saffron City,Fire,Charmander,6,26.6,38.9,70.9,100.1,1,1.2,45,43.8,3,0,1,1591,11,4,6,0,3,0,14,3,0,118.0,121.6,1,0,0,0,,27,14,9.3,22.16,73.88,10.58,Psychic,Kanto
1775,Aya_6815,Cerulean City,Fire,Charmander,4,39.7,51.9,57.1,150.3,1,5.6,276,67.1,4,0,1,2038,27,5,8,1,1,3,32,3,0,136.4,165.4,6,0,0,0,,162,31,20.5,66.48,43.78,41.82,Water,Kanto
1776,AJ_1564,Fuchsia City,Water,Squirtle,3,58.3,64.1,47.4,148.0,1,10.1,247,61.7,3,0,4,993,36,2,12,0,4,3,26,4,2,162.0,196.4,6,0,0,0,,120,38,25.2,64.84,12.08,19.97,Poison,Kanto
1777,Pryce_6276,Celadon City,Grass,Bulbasaur,6,27.7,39.0,89.4,245.2,2,2.5,282,61.6,3,1,4,1225,30,3,8,0,0,1,42,0,1,142.4,150.2,4,0,0,0,,71,54,35.8,52.26,93.42,44.99,Grass,Kanto
1778,Casey_7527,Cerulean City,Fire,Charmander,5,22.3,23.9,61.0,170.3,1,0.2,286,46.1,3,0,5,1999,38,13,6,0,3,1,38,1,5,112.8,129.2,2,0,0,0,,55,50,33.1,66.01,38.93,52.78,Water,Kanto
1779,Morty_8504,Vermilion City,Fire,Charmander,4,28.5,29.5,50.5,204.1,2,1.3,114,48.4,2,1,1,1241,7,6,4,0,1,1,13,5,0,123.0,128.9,2,0,0,0,,64,34,22.5,76.34,48.83,6.91,Electric,Kanto
1780,Lara_6869,Fuchsia City,Grass,Bulbasaur,3,61.9,70.5,68.6,286.9,1,7.2,497,56.3,3,1,4,1504,67,7,7,1,5,3,54,3,0,144.6,150.4,6,0,0,0,,192,70,46.4,37.83,42.38,79.35,Poison,Kanto
1781,Silver_5858,Cinnabar Island,Fire,Charmander,5,52.1,52.3,73.3,303.0,4,6.6,450,60.0,5,1,1,2820,53,8,9,0,0,0,44,0,1,174.2,193.1,4,0,0,0,,187,55,36.4,21.25,58.32,62.74,Fire,Kanto
1782,Tracey_7951,Viridian City,Fire,Charmander,4,67.7,86.8,52.6,206.9,2,14.0,239,51.1,3,1,4,1843,25,5,4,0,3,0,34,7,1,157.9,171.1,6,0,0,0,,196,27,17.9,66.41,24.81,14.96,Ground,Kanto
1783,Lara_5997,Cerulean City,Fire,Charmander,2,24.9,26.7,42.3,121.9,1,1.5,145,38.0,2,0,6,669,27,7,7,1,1,0,26,4,2,103.7,115.0,2,0,0,0,,109,38,25.2,65.96,4.37,24.17,Water,Kanto
1784,Gold_5490,Lavender Town,Fire,Charmander,6,42.3,44.8,67.6,272.1,1,5.3,340,45.5,4,1,1,2519,40,9,6,0,1,1,35,1,0,146.3,156.8,3,0,0,0,,117,30,19.9,7.76,38.96,66.13,Ghost,Kanto
1785,Lara_7100,Pallet Town,Grass,Bulbasaur,3,24.5,24.9,55.7,127.4,3,1.4,185,40.3,4,0,2,2150,38,9,1,0,2,0,18,8,2,122.1,130.6,2,0,0,0,,133,30,19.9,15.83,31.38,29.47,None,Kanto
1786,Chuck_5128,Saffron City,Water,Squirtle,2,35.7,45.3,76.6,204.4,3,1.0,298,57.9,3,1,8,1437,45,7,5,0,0,2,39,4,2,158.2,164.9,4,0,0,0,,45,67,44.4,83.16,55.11,48.37,Psychic,Kanto
1787,Blue_7264,Pewter City,Grass,Bulbasaur,6,39.8,47.5,72.5,271.1,2,4.9,422,68.9,3,1,7,1493,50,5,11,1,3,0,49,8,1,145.8,155.7,6,0,0,0,,112,71,47.0,88.25,63.78,68.17,Rock,Kanto
1788,AJ_5522,Cerulean City,Water,Squirtle,6,38.6,39.3,73.5,148.9,2,5.4,159,65.2,3,0,3,1592,16,3,2,0,1,0,26,4,3,138.9,158.5,5,0,0,0,,100,44,29.1,54.13,85.79,11.02,Water,Kanto
1789,Lorelei_9587,Celadon City,Grass,Bulbasaur,5,42.4,46.6,71.5,303.9,4,6.7,392,70.7,3,1,4,1435,45,11,10,0,2,0,49,7,2,137.0,144.7,6,0,0,0,,168,68,45.0,64.92,66.85,51.94,Grass,Kanto
1790,Yellow_6429,Celadon City,Water,Squirtle,5,34.9,38.6,73.0,315.8,1,1.9,443,73.6,3,1,4,1722,51,17,6,1,3,0,44,8,0,162.7,209.8,6,0,0,0,,98,60,39.7,76.9,78.75,83.75,Grass,Kanto
1791,Misty_8903,Cerulean City,Water,Squirtle,4,55.4,59.0,88.0,161.3,3,5.7,425,76.1,3,0,7,2235,42,8,11,1,3,0,45,7,2,179.8,194.3,8,1,1,1,440.0,169,87,57.6,76.1,89.09,77.75,Water,Kanto
1792,Gary_5203,Cerulean City,Fire,Charmander,5,27.0,31.1,59.8,181.5,3,1.3,91,48.9,4,1,4,1773,24,7,9,1,1,0,17,5,0,158.0,162.0,3,0,0,0,,8,15,9.9,36.71,49.82,5.71,Water,Kanto
1793,Clair_1836,Fuchsia City,Fire,Charmander,3,44.9,55.7,70.7,232.7,1,4.1,440,53.5,4,1,1,2081,39,9,13,0,3,0,53,4,0,164.0,166.7,4,0,0,0,,99,52,34.4,20.73,76.91,78.48,Poison,Kanto
1794,Ash_1714,Pallet Town,Grass,Bulbasaur,5,31.5,37.0,89.4,321.5,3,0.9,489,50.1,4,1,0,2288,66,11,14,0,4,1,58,5,3,169.6,172.9,2,0,0,0,,127,49,32.5,35.66,91.75,78.11,None,Kanto
1795,Lara_2857,Fuchsia City,Water,Squirtle,1,39.2,40.7,47.1,276.0,1,4.9,546,58.5,3,1,2,1339,58,16,12,0,2,0,58,3,1,181.1,183.5,3,0,0,0,,148,66,43.7,92.78,14.81,91.31,Poison,Kanto
1796,Misty_1783,Cinnabar Island,Grass,Bulbasaur,1,40.6,45.9,72.6,353.6,2,1.6,577,88.9,3,1,3,1848,66,14,9,0,1,1,70,5,0,203.6,209.8,7,0,0,0,,88,90,59.6,97.55,84.5,97.89,Fire,Kanto
1797,Daisy_6145,Celadon City,Water,Squirtle,5,36.8,49.9,65.1,188.1,4,4.2,311,55.3,3,0,1,1362,21,11,6,1,1,0,43,3,2,99.7,116.7,6,0,0,0,,95,42,27.8,34.21,37.46,28.01,Grass,Kanto
1798,Aya_1905,Cinnabar Island,Fire,Charmander,4,36.3,38.4,69.3,183.7,1,2.9,412,45.0,5,0,3,2210,51,8,6,0,5,0,50,1,0,145.8,165.0,2,0,0,0,,76,57,37.7,0.04,85.25,77.35,Fire,Kanto
1799,Dario_2104,Vermilion City,Fire,Charmander,6,28.7,31.1,47.3,101.8,3,0.7,124,48.9,4,0,0,2107,23,2,4,1,4,2,25,3,2,123.1,124.5,4,0,0,0,,93,25,16.6,19.58,22.63,18.16,Electric,Kanto
1800,Richie_8284,Cerulean City,Fire,Charmander,6,20.8,27.8,46.8,203.4,1,0.3,471,33.1,2,0,3,741,54,12,14,1,1,1,63,1,2,168.7,226.8,2,0,0,0,,58,66,43.7,56.09,21.21,82.08,Water,Kanto
1801,Silver_6396,Pallet Town,Water,Squirtle,5,67.4,81.6,55.7,228.4,3,11.7,548,42.4,3,1,2,1340,63,12,15,1,1,0,60,2,0,138.0,230.1,5,0,0,0,,196,58,38.4,23.52,23.0,84.21,None,Kanto
1802,Will_6221,Viridian City,Water,Squirtle,6,26.9,43.1,67.4,134.0,3,1.2,210,54.0,2,0,2,747,22,7,5,0,1,0,28,7,1,143.7,163.0,2,0,0,0,,82,41,27.2,58.94,39.36,26.33,Ground,Kanto
1803,Koga_3900,Vermilion City,Fire,Charmander,3,41.3,51.5,77.6,212.5,3,1.7,578,76.9,3,1,7,1983,72,14,13,1,1,0,61,8,1,209.8,212.6,7,0,0,0,,141,104,68.9,89.2,67.47,99.08,Electric,Kanto
1804,Jasmine_4365,Cerulean City,Water,Squirtle,5,36.8,46.7,82.2,256.1,4,7.4,309,76.6,2,1,2,903,48,13,6,0,3,0,34,5,1,122.7,127.8,6,0,0,0,,186,44,29.1,47.86,60.46,38.19,Water,Kanto
1805,Whitney_5360,Celadon City,Grass,Bulbasaur,1,38.5,47.1,93.6,147.4,3,2.6,267,41.5,4,0,1,2019,24,8,6,0,4,3,32,2,1,138.5,170.2,3,0,0,0,,67,51,33.8,18.69,84.19,36.52,Grass,Kanto
1806,Green_4824,Cinnabar Island,Fire,Charmander,2,27.7,28.7,75.1,124.0,3,1.7,34,37.1,2,0,3,1340,12,4,1,0,2,1,15,5,2,133.1,157.8,1,0,0,0,,99,32,21.2,80.33,27.66,12.48,Fire,Kanto
1807,Koji_9080,Saffron City,Fire,Charmander,5,41.8,43.2,69.2,267.1,4,3.2,492,46.2,3,1,0,1523,64,12,17,0,3,1,49,6,1,213.0,214.7,5,0,0,0,,101,58,38.4,6.74,72.43,98.75,Psychic,Kanto
1808,Giovanni_2397,Fuchsia City,Grass,Bulbasaur,5,43.2,55.7,53.1,131.1,2,5.9,286,76.6,4,0,6,2280,56,4,8,1,0,1,32,2,2,140.2,146.3,6,0,0,0,,129,70,46.4,93.78,42.32,48.25,Poison,Kanto
1809,Karen_2116,Cinnabar Island,Grass,Bulbasaur,5,51.8,52.7,77.2,147.0,5,7.9,188,73.5,3,0,6,1701,21,9,9,1,3,2,25,3,0,166.5,171.5,7,0,0,0,,119,60,39.7,83.67,89.08,2.83,Fire,Kanto
1810,Gary_6056,Cinnabar Island,Grass,Bulbasaur,6,62.9,67.1,80.3,199.9,1,10.0,478,80.2,3,0,3,2167,52,12,13,1,3,0,53,8,1,158.8,167.7,7,0,0,0,,199,74,49.0,33.72,96.53,65.23,Fire,Kanto
1811,Todd_8187,Cinnabar Island,Fire,Charmander,4,29.3,30.3,79.7,97.5,2,2.8,181,75.3,2,0,4,1284,43,7,1,0,0,1,21,9,3,164.9,173.5,4,0,0,0,,136,47,31.1,94.36,66.0,32.31,Fire,Kanto
1812,Yellow_6331,Vermilion City,Fire,Charmander,6,34.9,39.8,48.7,254.5,3,1.2,451,31.0,1,1,2,769,48,12,4,1,2,1,53,2,2,150.8,185.7,1,0,0,0,,50,67,44.4,51.01,1.07,53.44,Electric,Kanto
1813,Ash_2715,Celadon City,Fire,Charmander,4,30.2,39.6,64.8,170.7,1,0.7,413,61.6,3,0,4,2126,53,13,11,0,4,1,58,7,1,153.1,155.9,3,0,0,0,,86,72,47.7,73.53,53.04,62.7,Grass,Kanto
1814,Karen_7369,Viridian City,Fire,Charmander,6,42.5,42.6,61.1,269.6,2,5.2,467,61.1,4,1,2,2259,46,7,9,1,3,1,50,2,0,181.4,214.1,6,0,0,0,,156,55,36.4,75.7,54.08,72.08,Ground,Kanto
1815,Todd_9154,Celadon City,Grass,Bulbasaur,2,27.1,43.8,47.0,263.8,4,0.2,204,37.0,2,1,4,1426,26,4,8,1,1,3,34,3,2,143.0,144.7,2,0,0,0,,33,43,28.5,54.78,8.44,40.34,Grass,Kanto
1816,Gold_7809,Cinnabar Island,Fire,Charmander,2,27.1,39.6,79.2,224.2,3,0.1,139,50.6,3,1,2,1668,30,4,5,0,2,0,17,8,2,107.5,120.2,2,0,0,0,,92,30,19.9,39.74,87.88,29.99,Fire,Kanto
1817,Duplica_4189,Pewter City,Water,Squirtle,5,24.7,28.2,99.1,118.9,2,1.6,145,52.4,4,0,1,2305,18,6,4,0,1,1,13,7,0,110.9,122.0,2,0,0,0,,60,30,19.9,29.32,89.56,13.88,Rock,Kanto
1818,Pryce_1461,Viridian City,Grass,Bulbasaur,6,30.8,36.7,74.6,225.5,3,1.5,290,44.8,4,1,4,1614,48,11,9,0,2,1,39,4,2,181.5,185.0,3,0,0,0,,113,50,33.1,66.69,55.95,44.94,Ground,Kanto
1819,Brock_6649,Vermilion City,Fire,Charmander,2,22.2,29.4,86.0,196.3,2,5.1,185,73.6,2,1,0,893,26,6,3,0,2,1,31,9,1,143.6,146.9,5,0,0,0,,81,27,17.9,50.59,82.53,15.88,Electric,Kanto
1820,Jessie_6086,Saffron City,Water,Squirtle,5,53.2,76.9,89.8,253.6,3,10.3,217,83.5,4,1,4,2568,27,7,10,0,2,0,41,3,3,129.1,132.9,7,0,0,0,,161,44,29.1,27.47,94.7,21.55,Psychic,Kanto
1821,Green_6976,Fuchsia City,Grass,Bulbasaur,6,67.4,78.9,40.5,241.1,1,12.8,333,54.4,3,1,1,1511,30,10,14,0,1,0,40,6,0,163.1,181.2,5,0,0,0,,173,51,33.8,36.1,0.49,25.29,Poison,Kanto
1822,Koji_2204,Vermilion City,Fire,Charmander,3,37.8,50.3,44.9,127.0,2,3.5,264,29.3,2,0,2,650,42,8,3,0,2,1,26,2,0,135.5,142.1,2,0,0,0,,33,31,20.5,19.75,11.75,29.39,Electric,Kanto
1823,Will_8247,Celadon City,Grass,Bulbasaur,5,29.6,31.0,85.2,184.1,3,0.1,322,62.2,4,0,3,2132,41,7,6,0,3,2,38,5,0,133.7,154.8,4,0,0,0,,70,42,27.8,67.28,94.32,45.92,Grass,Kanto
1824,Will_9248,Lavender Town,Grass,Bulbasaur,4,42.0,50.3,74.3,140.3,2,6.2,151,78.0,3,0,9,1731,32,5,8,1,2,0,17,7,0,179.1,180.6,7,0,0,0,,68,61,40.4,87.57,57.44,2.68,Ghost,Kanto
1825,Tracey_3859,Vermilion City,Water,Squirtle,2,16.5,34.5,58.8,153.6,1,0.3,234,39.0,2,0,4,840,30,7,6,0,2,2,25,5,0,124.6,127.8,1,0,0,0,,89,38,25.2,43.25,59.17,35.15,Electric,Kanto
1826,Janine_6241,Viridian City,Fire,Charmander,3,43.3,51.8,62.0,220.5,1,4.6,481,34.5,4,0,5,2136,50,6,14,1,2,1,51,7,0,121.9,167.5,4,0,0,0,,108,75,49.7,48.38,21.2,75.57,Ground,Kanto
1827,Joe_4992,Saffron City,Grass,Bulbasaur,6,36.0,46.3,51.3,312.7,1,1.1,535,33.8,3,1,0,1550,59,11,11,0,1,0,66,8,3,175.5,178.9,1,0,0,0,,31,71,47.0,11.51,18.37,80.11,Psychic,Kanto
1828,Koga_4071,Pewter City,Grass,Bulbasaur,2,21.2,25.8,73.6,113.3,4,2.1,99,55.4,2,0,4,1035,12,3,5,0,3,0,22,7,3,135.9,183.0,3,0,0,0,,30,37,24.5,42.1,40.63,5.96,Rock,Kanto
1829,AJ_5206,Celadon City,Fire,Charmander,6,37.9,43.3,80.7,216.4,2,1.3,480,61.9,3,0,0,1517,66,10,10,0,5,1,63,5,1,177.5,183.9,4,0,0,0,,0,73,48.3,64.71,90.14,88.82,Grass,Kanto
1830,Erika_2118,Vermilion City,Water,Squirtle,6,40.6,51.1,61.6,270.4,2,4.4,411,62.6,3,1,8,1516,44,13,11,0,4,0,47,2,1,166.2,166.4,4,0,0,0,,147,59,39.1,97.37,26.78,67.63,Electric,Kanto
1831,Bill_3928,Saffron City,Water,Squirtle,4,63.3,67.2,84.1,225.2,3,10.9,332,95.8,4,1,11,2047,40,8,8,1,2,1,52,5,0,142.7,157.8,8,1,1,1,353.0,199,68,45.0,74.77,91.21,34.16,Psychic,Kanto
1832,Crystal_4446,Vermilion City,Grass,Bulbasaur,2,37.1,43.0,51.7,220.5,4,3.4,372,48.2,3,1,3,1298,33,12,14,1,2,2,41,1,0,166.8,167.5,4,0,0,0,,80,62,41.1,38.39,36.25,64.92,Electric,Kanto
1833,Joe_8804,Cerulean City,Fire,Charmander,6,22.9,40.3,71.1,132.2,1,0.5,133,41.8,2,0,1,833,22,5,5,1,1,1,17,3,1,97.8,115.4,1,0,0,0,,73,26,17.2,38.48,40.55,15.88,Water,Kanto
1834,Blue_9201,Cerulean City,Water,Squirtle,4,27.4,31.3,67.2,91.1,4,1.7,173,63.9,2,0,5,825,19,2,9,1,1,1,35,6,1,150.2,184.9,5,0,0,0,,65,55,36.4,64.32,57.08,14.8,Water,Kanto
1835,Ash_2356,Cinnabar Island,Water,Squirtle,6,24.1,26.5,76.8,172.8,2,0.3,297,58.5,1,0,1,700,36,7,7,0,1,0,40,2,4,108.1,121.6,4,0,0,0,,130,30,19.9,39.31,99.9,31.78,Fire,Kanto
1836,Daisy_2038,Pewter City,Water,Squirtle,3,32.3,38.4,78.0,221.5,1,1.1,471,53.4,3,0,1,1812,60,11,14,0,6,3,59,9,0,157.6,181.8,4,0,0,0,,70,81,53.6,13.93,90.84,76.3,Rock,Kanto
1837,Bill_2644,Celadon City,Water,Squirtle,5,41.3,57.5,63.6,309.6,4,1.3,555,70.4,5,1,2,2298,67,17,12,1,1,1,56,6,0,168.4,177.2,6,0,0,0,,100,86,57.0,79.22,46.78,90.76,Grass,Kanto
1838,Bill_9201,Cerulean City,Grass,Bulbasaur,2,33.6,35.8,84.2,256.9,3,1.9,211,44.1,3,1,1,1372,40,6,11,0,3,0,31,5,3,123.4,126.7,3,0,0,0,,81,30,19.9,8.21,65.55,26.98,Water,Kanto
1839,Chuck_6890,Celadon City,Grass,Bulbasaur,5,36.9,48.8,41.2,311.4,1,1.7,544,47.6,4,1,3,2283,59,16,8,0,2,0,60,3,3,160.0,207.5,2,0,0,0,,85,76,50.3,61.4,17.39,81.91,Grass,Kanto
1840,Stella_8783,Viridian City,Water,Squirtle,5,37.8,49.0,64.0,225.1,5,4.7,296,32.9,3,1,5,1352,33,11,7,0,3,0,37,6,1,119.1,140.4,3,0,0,0,,64,46,30.5,16.35,26.29,46.58,Ground,Kanto
1841,Giovanni_5997,Cinnabar Island,Water,Squirtle,5,48.0,53.5,37.8,193.1,1,5.2,350,39.2,2,0,0,1092,46,11,7,1,2,0,32,4,1,130.4,175.0,3,0,0,0,,75,54,35.8,43.21,14.05,44.21,Fire,Kanto
1842,Morty_8133,Pewter City,Fire,Charmander,4,25.4,35.0,57.0,137.2,1,1.8,120,38.4,3,0,2,1452,11,3,6,0,2,3,20,5,1,97.2,105.1,1,0,0,0,,97,40,26.5,31.81,36.77,13.16,Rock,Kanto
1843,Daisy_8978,Saffron City,Grass,Bulbasaur,3,17.5,20.1,83.0,123.4,1,1.8,176,68.2,3,0,9,1673,26,7,6,0,1,0,21,2,1,151.0,173.5,2,0,0,0,,125,60,39.7,86.37,90.33,17.7,Psychic,Kanto
1844,Stella_4033,Cinnabar Island,Fire,Charmander,3,44.2,47.9,28.7,140.2,3,3.5,230,38.5,4,0,0,2031,34,2,3,0,5,0,34,3,1,81.2,107.8,3,0,0,0,,76,33,21.9,7.68,0.54,34.64,Fire,Kanto
1845,Clair_2923,Saffron City,Grass,Bulbasaur,4,28.9,29.3,67.9,134.3,4,3.3,92,60.6,3,0,4,1454,4,0,3,0,1,0,12,6,1,156.3,171.4,3,0,0,0,,106,35,23.2,92.23,47.5,8.0,Psychic,Kanto
1846,Erika_5688,Lavender Town,Water,Squirtle,3,37.9,46.6,53.6,133.8,5,4.1,315,63.1,2,0,5,1284,23,5,14,0,2,1,44,4,0,156.2,162.3,7,0,0,0,,138,54,35.8,52.8,52.39,52.04,Ghost,Kanto
1847,Misty_1986,Pewter City,Water,Squirtle,6,29.1,38.1,50.8,159.7,4,0.2,326,50.8,1,0,2,750,56,13,11,0,1,1,36,6,2,163.7,165.3,3,0,0,0,,52,49,32.5,75.71,24.29,52.56,Rock,Kanto
1848,Dario_7454,Vermilion City,Grass,Bulbasaur,4,37.5,45.2,68.1,174.3,1,3.9,545,61.2,2,0,5,1152,64,18,3,0,3,0,60,9,0,203.3,217.6,4,0,0,0,,94,74,49.0,96.75,62.52,85.48,Electric,Kanto
1849,Giovanni_6532,Vermilion City,Water,Squirtle,1,31.7,33.8,58.5,184.7,6,0.8,321,43.1,2,0,3,521,49,3,8,0,2,0,34,0,0,113.1,115.2,3,0,0,0,,46,68,45.0,38.31,45.9,58.63,Electric,Kanto
1850,Stella_5249,Saffron City,Water,Squirtle,6,84.9,84.9,60.6,313.5,4,15.0,574,57.4,3,1,1,1446,69,10,16,0,2,1,58,5,0,162.2,175.2,8,1,1,1,590.0,173,63,41.7,26.76,5.16,78.43,Psychic,Kanto
1851,AJ_7924,Cinnabar Island,Water,Squirtle,5,36.8,48.6,80.9,176.2,3,2.7,231,51.5,3,0,2,1630,22,5,2,0,1,2,32,8,2,192.5,206.4,3,0,0,0,,55,27,17.9,76.26,80.3,27.17,Fire,Kanto
1852,Red_4188,Celadon City,Fire,Charmander,6,40.0,40.2,61.8,211.0,4,2.1,454,43.0,3,0,2,1616,55,6,16,1,2,1,51,7,0,145.7,150.6,4,0,0,0,,61,49,32.5,67.47,36.68,95.66,Grass,Kanto
1853,Lance_7015,Vermilion City,Water,Squirtle,1,33.4,37.7,62.2,229.5,1,2.0,349,36.5,3,0,4,1843,45,11,7,0,3,1,41,2,0,146.5,149.4,1,0,0,0,,58,40,26.5,10.86,45.54,54.31,Electric,Kanto
1854,Lara_9484,Pallet Town,Fire,Charmander,5,61.5,64.1,59.7,276.7,6,10.1,568,49.9,3,1,0,1871,72,11,15,1,3,1,56,3,2,156.5,200.9,8,1,1,1,579.0,150,55,36.4,32.19,29.12,89.6,None,Kanto
1855,Blaine_4611,Cerulean City,Grass,Bulbasaur,6,28.8,35.0,75.0,242.6,4,1.8,159,71.1,3,1,4,1604,16,7,4,1,0,1,21,8,2,108.9,119.9,5,0,0,0,,73,40,26.5,63.67,89.78,25.02,Water,Kanto
1856,Falkner_6948,Pallet Town,Grass,Bulbasaur,6,31.9,46.2,91.4,206.4,2,0.1,526,68.2,2,0,4,1024,65,19,6,0,1,3,58,6,1,180.8,201.1,4,0,0,0,,31,72,47.7,91.08,90.82,85.89,None,Kanto
1857,Crystal_7051,Lavender Town,Fire,Charmander,5,31.1,32.9,55.3,138.3,3,2.3,393,24.4,2,0,1,1317,48,6,15,0,0,1,40,1,2,139.6,141.4,2,0,0,0,,139,40,26.5,4.79,18.07,54.93,Ghost,Kanto
1858,Whitney_3785,Pallet Town,Fire,Charmander,4,47.4,49.9,56.1,329.2,3,3.9,471,42.8,3,1,2,1312,60,10,12,1,0,0,58,1,4,134.1,156.0,5,0,0,0,,135,66,43.7,22.9,22.7,66.94,None,Kanto
1859,Tracey_1613,Lavender Town,Fire,Charmander,5,50.3,59.1,69.6,246.4,4,4.7,468,53.8,4,1,3,1675,37,13,12,1,4,2,57,5,0,181.8,184.2,6,0,0,0,,80,74,49.0,84.16,77.53,73.47,Ghost,Kanto
1860,Gary_9156,Cerulean City,Fire,Charmander,2,28.1,30.5,60.3,229.1,3,2.7,171,41.8,3,1,2,1869,21,6,13,1,0,1,21,6,2,178.9,181.2,3,0,0,0,,56,28,18.5,42.18,43.48,25.8,Water,Kanto
1861,Crystal_1307,Lavender Town,Fire,Charmander,6,43.9,47.8,55.9,244.2,3,5.2,316,25.4,4,1,6,2620,42,7,5,1,1,1,28,3,3,134.5,158.8,2,0,0,0,,81,59,39.1,34.6,14.77,34.25,Ghost,Kanto
1862,Karen_7562,Saffron City,Fire,Charmander,5,49.8,50.2,56.3,143.6,4,5.8,352,83.2,4,0,2,1919,51,0,7,1,1,0,42,3,3,121.8,147.9,8,1,1,1,360.0,104,56,37.1,91.18,32.8,45.67,Psychic,Kanto
1863,Ash_7025,Viridian City,Water,Squirtle,5,31.1,38.4,48.1,147.9,2,3.8,196,34.8,3,0,0,1502,38,8,3,0,2,0,32,10,2,119.0,125.8,2,0,0,0,,71,25,16.6,29.77,26.65,26.52,Ground,Kanto
1864,Aya_9964,Cerulean City,Water,Squirtle,4,44.5,67.2,82.5,274.3,3,4.9,377,57.6,3,1,4,1569,43,5,11,0,4,0,38,2,0,156.7,159.0,6,0,0,0,,149,48,31.8,38.15,71.46,54.5,Water,Kanto
1865,Morty_7386,Viridian City,Fire,Charmander,6,32.8,35.6,65.8,267.0,1,2.9,460,46.4,4,1,2,2812,58,8,14,0,1,1,59,4,1,138.3,148.8,2,0,0,0,,124,67,44.4,15.45,68.95,80.91,Ground,Kanto
1866,Jasmine_2992,Fuchsia City,Grass,Bulbasaur,3,33.6,55.3,65.0,172.0,5,2.6,256,52.5,4,0,1,2201,37,9,7,0,4,1,24,2,1,116.8,128.9,4,0,0,0,,111,49,32.5,55.62,43.09,31.55,Poison,Kanto
1867,Stella_5773,Cerulean City,Fire,Charmander,6,28.5,43.9,92.7,299.8,3,0.7,439,49.8,4,1,3,2669,46,9,13,0,2,1,47,7,4,145.2,165.1,2,0,0,0,,96,62,41.1,66.6,95.98,80.26,Water,Kanto
1868,Falkner_1124,Celadon City,Water,Squirtle,5,72.0,74.5,81.4,256.5,5,15.0,311,65.4,4,1,1,2443,43,8,9,0,4,1,44,9,1,151.5,182.1,8,1,1,1,326.0,238,45,29.8,3.09,76.79,42.42,Grass,Kanto
1869,Blaine_8376,Cerulean City,Grass,Bulbasaur,6,28.9,36.3,65.5,244.3,4,2.4,303,56.4,3,1,0,1470,32,11,5,1,1,0,44,5,1,173.8,227.8,5,0,0,0,,116,49,32.5,68.44,40.23,43.39,Water,Kanto
1870,Blaine_3063,Saffron City,Water,Squirtle,3,27.5,31.3,48.6,110.5,3,0.9,10,38.9,3,0,4,1585,16,3,4,0,2,2,9,5,3,151.9,159.9,2,0,0,0,,98,41,27.2,42.88,13.63,4.22,Psychic,Kanto
1871,Will_8251,Viridian City,Fire,Charmander,5,30.6,42.1,64.5,166.6,1,0.8,550,41.8,4,0,2,2290,55,12,7,0,0,1,66,3,2,141.8,148.2,2,0,0,0,,57,83,55.0,0.14,58.0,99.33,Ground,Kanto
1872,Green_2239,Vermilion City,Grass,Bulbasaur,6,20.9,25.4,60.6,237.9,1,0.1,292,53.8,3,0,3,1995,21,7,7,0,3,1,39,6,1,166.9,172.3,2,0,0,0,,49,57,37.7,71.66,12.54,38.06,Electric,Kanto
1873,Morty_1001,Saffron City,Grass,Bulbasaur,6,52.6,53.9,72.1,215.9,6,11.2,296,74.3,3,1,5,2039,35,5,8,1,2,1,34,3,2,129.6,131.6,8,1,1,1,302.0,213,56,37.1,59.41,87.89,33.31,Psychic,Kanto
1874,Tracey_3854,Cinnabar Island,Fire,Charmander,4,42.1,59.5,69.8,268.7,1,4.8,123,61.3,4,1,2,2155,14,2,3,0,1,0,18,5,2,138.5,157.6,4,0,0,0,,168,36,23.8,63.0,41.05,2.13,Fire,Kanto
1875,Silver_2800,Viridian City,Water,Squirtle,2,28.8,28.9,55.8,128.9,1,1.2,214,48.4,3,0,5,1931,31,9,3,0,3,0,37,4,1,148.5,155.8,2,0,0,0,,118,45,29.8,87.59,22.39,31.68,Ground,Kanto
1876,Blaine_4688,Saffron City,Grass,Bulbasaur,2,47.0,47.4,53.3,254.3,6,3.9,461,64.6,4,1,6,2159,61,9,14,1,2,1,51,5,0,161.0,189.4,7,0,0,0,,116,68,45.0,94.97,34.18,78.68,Psychic,Kanto
1877,Falkner_2608,Fuchsia City,Water,Squirtle,3,51.2,53.0,48.1,226.8,2,7.8,583,48.0,3,0,1,1519,75,11,12,1,4,0,50,3,0,178.2,179.1,5,0,0,0,,159,101,66.9,47.64,12.67,94.49,Poison,Kanto
1878,Gold_8699,Celadon City,Grass,Bulbasaur,5,52.7,61.6,59.8,238.6,2,8.8,278,54.9,4,1,1,2017,29,10,8,0,1,0,39,3,3,144.1,192.0,4,0,0,0,,129,27,17.9,19.81,64.8,26.16,Grass,Kanto
1879,Tracey_2145,Lavender Town,Water,Squirtle,5,66.7,68.8,67.3,320.3,2,12.1,573,49.2,3,1,5,1210,66,10,14,0,2,0,60,4,0,152.1,156.1,4,0,0,0,,150,82,54.3,59.8,32.67,79.78,Ghost,Kanto
1880,Bruno_1033,Celadon City,Water,Squirtle,6,38.9,47.5,58.4,203.9,2,3.6,147,65.2,3,1,4,1487,25,6,10,0,1,0,29,7,1,142.5,162.4,6,0,0,0,,138,48,31.8,67.27,24.08,18.13,Grass,Kanto
1881,Pryce_9896,Celadon City,Water,Squirtle,6,36.0,48.9,42.3,176.0,4,1.0,400,63.5,5,0,4,2640,44,4,6,1,3,0,41,4,0,187.9,195.8,6,0,0,0,,52,54,35.8,59.07,47.06,70.73,Grass,Kanto
1882,Red_5124,Fuchsia City,Water,Squirtle,6,24.0,35.4,80.0,216.7,1,2.2,188,51.1,4,1,5,2112,26,7,6,1,1,0,21,4,1,162.2,166.4,2,0,0,0,,161,26,17.2,63.4,65.08,23.69,Poison,Kanto
1883,Clair_5122,Pewter City,Fire,Charmander,3,39.1,45.6,47.4,273.3,4,0.6,544,25.5,3,1,3,2366,67,15,7,1,3,1,68,3,0,149.9,164.5,2,0,0,0,,74,67,44.4,31.31,23.34,87.58,Rock,Kanto
1884,Falkner_2723,Celadon City,Fire,Charmander,6,52.9,54.4,44.1,310.7,1,5.1,380,38.0,4,1,1,2784,54,15,14,0,2,1,53,3,1,142.7,146.6,4,0,0,0,,112,56,37.1,3.03,17.59,69.91,Grass,Kanto
1885,AJ_5103,Pallet Town,Grass,Bulbasaur,6,41.9,51.6,78.2,164.1,6,3.7,263,64.4,2,0,6,883,32,12,5,0,1,2,32,2,1,150.3,188.8,6,0,0,0,,138,51,33.8,64.7,86.36,29.94,None,Kanto
1886,Lorelei_7585,Cinnabar Island,Water,Squirtle,6,55.4,63.6,41.3,290.4,5,7.8,461,27.1,4,1,0,2242,67,6,11,0,1,2,64,2,2,175.2,194.8,3,0,0,0,,193,49,32.5,18.56,3.87,61.95,Fire,Kanto
1887,Blaine_8769,Lavender Town,Water,Squirtle,3,41.1,73.3,78.7,163.7,3,6.4,159,59.2,4,0,2,1915,23,7,8,1,3,1,33,7,2,169.3,173.1,5,0,0,0,,66,35,23.2,74.84,67.26,18.73,Ghost,Kanto
1888,Aya_2335,Vermilion City,Fire,Charmander,6,24.3,26.5,62.5,200.3,2,0.6,414,44.8,2,0,3,872,57,16,11,0,3,1,52,5,0,136.9,144.2,1,0,0,0,,85,54,35.8,56.64,30.53,71.64,Electric,Kanto
1889,Will_7747,Fuchsia City,Grass,Bulbasaur,6,41.6,42.3,36.0,180.3,2,5.2,185,53.5,3,1,1,1513,21,7,7,0,3,1,31,4,1,140.6,145.1,3,0,0,0,,98,28,18.5,77.46,0.58,14.89,Poison,Kanto
1890,Morty_7734,Pewter City,Fire,Charmander,3,28.6,32.1,59.2,79.2,1,2.4,93,37.2,5,0,1,1732,10,2,5,1,2,1,18,4,0,132.0,140.9,3,0,0,0,,60,19,12.6,63.29,17.54,6.39,Rock,Kanto
1891,Blaine_8881,Viridian City,Fire,Charmander,4,22.2,23.9,38.4,128.8,1,0.3,248,38.5,3,0,2,1880,32,7,9,1,6,1,27,2,1,135.6,137.3,3,0,0,0,,106,31,20.5,33.15,6.09,24.83,Ground,Kanto
1892,Blue_4221,Viridian City,Grass,Bulbasaur,4,52.3,59.6,52.3,322.0,3,4.5,506,45.9,2,1,0,1043,63,16,9,0,1,0,42,5,1,177.4,191.3,4,0,0,0,,56,77,51.0,12.3,35.27,96.31,Ground,Kanto
1893,Sabrina_9658,Cinnabar Island,Fire,Charmander,6,67.1,82.5,81.9,240.0,4,11.5,654,69.3,3,1,1,2178,68,19,19,0,2,0,67,6,1,158.7,160.7,7,0,0,0,,223,74,49.0,17.63,76.82,90.82,Fire,Kanto
1894,Chuck_9356,Saffron City,Grass,Bulbasaur,4,30.7,30.8,94.9,136.7,6,0.1,399,61.7,1,0,2,1028,53,16,4,0,2,1,48,6,1,106.9,106.9,5,0,0,0,,47,47,31.1,31.96,96.71,63.78,Psychic,Kanto
1895,Blue_4830,Pewter City,Grass,Bulbasaur,6,37.5,46.7,47.2,152.6,5,0.9,196,37.4,2,0,0,785,33,3,4,0,1,0,29,4,0,132.2,136.3,2,0,0,0,,97,38,25.2,26.43,13.17,32.15,Rock,Kanto
1896,Jessie_5736,Cinnabar Island,Fire,Charmander,6,37.2,40.0,68.0,209.8,5,1.9,430,51.1,5,0,6,2673,55,17,9,0,2,3,60,4,3,141.0,162.7,5,0,0,0,,74,66,43.7,78.54,24.69,80.51,Fire,Kanto
1897,Lorelei_4361,Lavender Town,Water,Squirtle,6,31.7,37.2,86.9,122.2,1,0.9,156,51.5,3,0,3,1790,27,6,5,0,3,1,27,5,2,146.7,146.8,3,0,0,0,,100,31,20.5,24.42,94.35,19.35,Ghost,Kanto
1898,Red_3046,Pallet Town,Grass,Bulbasaur,4,35.2,36.0,47.4,243.6,4,0.1,356,50.6,3,1,1,2117,47,8,12,0,1,3,51,2,2,186.7,188.0,3,0,0,0,,103,31,20.5,58.2,35.25,69.41,None,Kanto
1899,Aya_1440,Cerulean City,Water,Squirtle,3,34.8,39.8,57.7,185.8,1,1.7,453,46.6,4,0,2,2444,44,9,12,0,3,1,42,5,0,171.8,174.5,2,0,0,0,,52,70,46.4,50.46,13.62,69.36,Water,Kanto
1900,Koji_8920,Pewter City,Water,Squirtle,6,62.1,63.4,37.1,246.2,3,11.3,145,35.2,3,1,5,1199,24,2,3,0,0,0,21,2,2,135.9,159.7,4,0,0,0,,202,26,17.2,17.0,3.91,2.07,Rock,Kanto
1901,Koji_1744,Pewter City,Water,Squirtle,6,31.3,31.3,47.4,119.5,1,1.8,288,25.4,4,0,5,2207,31,5,8,1,0,0,36,3,0,134.6,194.2,1,0,0,0,,65,37,24.5,28.42,12.66,37.44,Rock,Kanto
1902,Sabrina_1446,Cerulean City,Grass,Bulbasaur,6,45.3,47.0,59.2,204.4,2,2.5,456,34.9,2,0,2,1009,52,14,11,0,4,1,61,2,3,163.3,166.3,2,0,0,0,,62,66,43.7,21.37,34.83,86.51,Water,Kanto
1903,Will_3015,Viridian City,Fire,Charmander,6,67.7,82.0,55.4,269.0,4,9.6,528,69.7,3,1,4,1246,52,11,12,1,2,2,67,8,0,126.3,133.4,7,0,0,0,,169,94,62.3,98.34,38.05,80.36,Ground,Kanto
1904,Misty_9078,Pewter City,Fire,Charmander,3,37.1,63.1,60.9,264.9,3,4.5,192,63.6,3,1,10,1511,16,6,8,0,2,1,24,7,1,143.9,154.0,5,0,0,0,,104,64,42.4,84.94,22.45,19.99,Rock,Kanto
1905,Lorelei_9744,Pewter City,Grass,Bulbasaur,5,63.3,65.2,70.0,273.1,4,9.2,458,83.9,3,1,5,1660,58,14,14,0,4,1,55,13,0,162.3,164.2,7,0,0,0,,173,64,42.4,91.26,42.07,63.49,Rock,Kanto
1906,Misty_7426,Saffron City,Fire,Charmander,3,28.6,32.8,86.0,237.3,3,0.9,508,47.7,4,1,2,1991,60,13,9,1,2,1,63,6,0,152.4,158.5,4,0,0,0,,88,67,44.4,14.11,93.2,89.27,Psychic,Kanto
1907,Blaine_9656,Saffron City,Fire,Charmander,6,43.2,50.3,78.1,257.7,2,3.1,163,51.6,3,1,1,1699,37,2,6,0,4,0,28,5,1,90.2,126.0,5,0,0,0,,67,22,14.6,26.99,53.45,24.61,Psychic,Kanto
1908,Gary_7185,Viridian City,Fire,Charmander,3,52.9,57.5,37.5,312.9,4,3.6,653,28.3,3,1,1,1657,70,14,9,1,2,2,57,4,1,131.0,148.4,4,0,0,0,,63,74,49.0,2.54,10.92,99.35,Ground,Kanto
1909,Will_3937,Cerulean City,Fire,Charmander,6,40.0,42.1,39.9,279.6,2,0.5,363,49.1,2,1,6,1624,26,15,1,1,2,0,44,9,1,135.2,136.2,4,0,0,0,,66,68,45.0,74.08,3.87,51.87,Water,Kanto
1910,Samurai_2505,Viridian City,Water,Squirtle,5,49.4,52.1,89.1,199.9,4,7.4,504,67.2,2,0,5,1506,69,16,8,0,3,2,61,11,1,158.6,193.8,5,0,0,0,,133,68,45.0,79.26,91.86,77.32,Ground,Kanto
1911,Chuck_1423,Pallet Town,Water,Squirtle,4,34.4,41.9,59.8,235.3,6,2.0,256,37.9,2,1,3,1277,29,7,11,0,1,0,36,1,2,139.1,167.1,4,0,0,0,,99,47,31.1,48.08,19.87,46.18,None,Kanto
1912,Clair_2090,Celadon City,Water,Squirtle,5,38.6,45.4,75.6,259.8,1,2.6,356,68.0,4,1,4,1927,25,9,6,0,2,1,50,7,1,135.3,153.7,4,0,0,0,,124,70,46.4,75.39,98.61,54.11,Grass,Kanto
1913,Erika_7406,Pallet Town,Fire,Charmander,6,24.9,37.3,52.7,33.6,2,1.7,64,54.1,3,0,3,1371,11,6,8,0,3,0,18,4,1,149.4,152.4,3,0,0,0,,125,23,15.2,85.05,40.85,5.25,None,Kanto
1914,Aya_2184,Pallet Town,Fire,Charmander,2,48.7,49.0,65.6,188.2,5,6.8,295,56.7,1,1,0,518,21,5,7,0,2,1,22,2,0,96.9,98.0,5,0,0,0,,141,25,16.6,6.04,65.64,33.04,None,Kanto
1915,Crystal_9470,Celadon City,Fire,Charmander,2,17.4,21.2,64.8,244.5,2,1.5,347,62.0,3,1,4,1273,37,10,8,0,0,2,42,5,1,119.9,125.0,3,0,0,0,,100,43,28.5,62.14,63.06,49.48,Grass,Kanto
1916,Will_2454,Celadon City,Water,Squirtle,6,52.3,62.9,50.1,280.7,1,1.0,417,45.9,2,1,4,1874,59,10,12,0,2,0,55,5,0,153.6,158.7,4,0,0,0,,94,81,53.6,89.49,15.73,60.5,Grass,Kanto
1917,Ash_5392,Lavender Town,Water,Squirtle,6,34.2,35.2,78.1,233.8,4,1.6,200,79.5,3,1,1,1553,19,7,6,1,2,0,26,3,0,129.5,132.8,6,0,0,0,,97,25,16.6,67.68,89.77,31.84,Ghost,Kanto
1918,Karen_3430,Cerulean City,Fire,Charmander,6,38.4,38.5,49.0,182.7,3,4.3,177,64.0,3,1,2,1956,18,3,7,1,0,2,21,4,1,138.9,158.0,6,0,0,0,,95,34,22.5,87.8,58.99,21.2,Water,Kanto
1919,Sabrina_5824,Cerulean City,Fire,Charmander,4,35.4,44.5,64.6,245.5,1,1.2,600,49.8,3,1,3,1960,68,9,13,1,2,0,76,2,1,114.1,117.1,4,0,0,0,,97,64,42.4,39.63,61.67,98.98,Water,Kanto
1920,Todd_2398,Vermilion City,Grass,Bulbasaur,6,21.6,30.2,99.1,143.0,3,2.2,76,57.0,2,0,7,1078,36,8,2,0,0,0,16,4,2,150.8,152.5,4,0,0,0,,101,32,21.2,74.93,99.68,14.61,Electric,Kanto
1921,Giselle_8049,Viridian City,Water,Squirtle,4,49.8,51.9,63.4,230.0,1,4.4,416,53.9,3,1,3,1670,65,16,16,1,2,2,46,3,0,147.8,155.7,4,0,0,0,,115,32,21.2,59.29,44.82,79.15,Ground,Kanto
1922,Koji_3481,Pallet Town,Fire,Charmander,6,32.4,34.7,69.6,195.4,1,4.3,163,63.2,3,0,2,1307,17,6,1,1,1,0,25,3,0,186.0,193.1,3,0,0,0,,101,33,21.9,82.46,52.27,15.55,None,Kanto
1923,Lorelei_1762,Cinnabar Island,Grass,Bulbasaur,5,54.0,82.1,42.4,293.3,1,4.4,591,34.4,4,1,3,2148,63,15,14,1,3,2,74,0,3,122.0,126.2,3,0,0,0,,124,77,51.0,9.26,23.71,90.42,Fire,Kanto
1924,Koji_2744,Pallet Town,Fire,Charmander,4,35.4,43.7,76.2,318.1,6,0.8,417,45.4,5,1,0,2637,58,8,11,0,3,1,55,7,3,130.1,164.7,5,0,0,0,,7,58,38.4,11.89,77.26,81.09,None,Kanto
1925,Duplica_9569,Celadon City,Grass,Bulbasaur,5,42.2,44.0,63.7,275.8,4,2.1,518,42.2,3,1,2,1891,57,10,13,0,4,3,57,10,1,150.4,156.6,4,0,0,0,,85,74,49.0,90.09,36.84,91.68,Grass,Kanto
1926,Green_9526,Saffron City,Water,Squirtle,6,42.0,48.1,80.6,236.6,3,3.1,415,44.9,4,1,2,2413,66,7,10,0,0,1,48,1,1,134.7,174.6,3,0,0,0,,115,53,35.1,26.06,45.49,65.74,Psychic,Kanto
1927,AJ_8695,Pallet Town,Water,Squirtle,3,29.6,31.2,84.5,327.6,1,2.0,467,45.4,3,1,2,1567,48,3,2,0,1,2,52,3,1,134.2,149.6,2,0,0,0,,73,77,51.0,31.36,61.81,63.53,None,Kanto
1928,Karen_1276,Celadon City,Water,Squirtle,3,28.4,31.8,49.2,99.1,2,3.0,132,55.8,5,0,11,2741,26,4,0,0,1,1,24,7,2,156.1,174.5,3,0,0,0,,61,50,33.1,97.05,6.73,8.81,Grass,Kanto
1929,Erika_2519,Pewter City,Water,Squirtle,6,47.2,47.8,65.8,328.7,1,8.6,464,49.3,2,1,4,1105,60,11,11,0,3,1,53,3,3,153.6,176.0,4,0,0,0,,176,69,45.7,58.01,44.89,68.95,Rock,Kanto
1930,Will_9431,Vermilion City,Fire,Charmander,6,38.6,64.7,52.5,265.1,5,1.4,554,36.3,3,1,2,1829,62,12,9,0,3,0,58,0,1,147.4,159.1,2,0,0,0,,117,84,55.6,57.56,29.76,97.04,Electric,Kanto
1931,Erika_5249,Vermilion City,Grass,Bulbasaur,6,35.0,44.1,100.1,273.3,1,0.2,397,52.9,2,1,0,1221,47,9,13,0,1,1,46,5,2,173.2,248.9,3,0,0,0,,23,42,27.8,12.95,93.43,74.06,Electric,Kanto
1932,Brock_9284,Saffron City,Grass,Bulbasaur,5,24.4,24.8,58.3,175.4,2,1.9,248,25.4,5,0,3,3034,15,6,4,1,2,1,36,1,3,137.5,138.1,1,0,0,0,,101,39,25.8,10.62,9.68,25.57,Psychic,Kanto
1933,Lara_6088,Cinnabar Island,Water,Squirtle,4,40.7,42.2,49.9,274.3,1,4.9,465,37.1,2,1,2,1377,70,10,2,0,2,1,60,9,0,158.8,170.2,2,0,0,0,,119,49,32.5,38.83,9.96,68.98,Fire,Kanto
1934,Falkner_4866,Pewter City,Grass,Bulbasaur,4,39.7,62.9,57.4,104.2,1,3.3,296,22.8,3,0,4,1408,40,6,10,0,1,2,40,4,0,150.1,151.4,1,0,0,0,,93,61,40.4,50.11,15.37,49.23,Rock,Kanto
1935,Janine_5931,Pallet Town,Grass,Bulbasaur,6,29.7,42.1,71.0,173.7,1,0.8,341,73.9,3,0,2,1690,24,10,6,0,2,2,36,4,2,109.0,120.7,4,0,0,0,,108,71,47.0,56.9,87.9,53.76,None,Kanto
1936,Todd_6651,Viridian City,Grass,Bulbasaur,4,70.6,74.4,49.5,260.0,3,13.7,462,61.5,3,1,3,1624,42,10,13,1,2,0,68,3,3,149.2,150.6,6,0,0,0,,153,49,32.5,7.02,41.33,73.08,Ground,Kanto
1937,Green_6790,Lavender Town,Water,Squirtle,3,34.4,50.4,73.9,179.6,4,2.6,436,79.2,2,0,6,1008,51,11,8,0,5,1,59,4,4,122.3,126.9,6,0,0,0,,132,61,40.4,95.32,91.3,63.79,Ghost,Kanto
1938,Lorelei_2928,Viridian City,Fire,Charmander,6,42.8,48.0,79.3,269.0,1,2.4,550,58.9,3,1,4,1794,64,11,8,0,2,3,70,7,0,185.9,193.1,4,0,0,0,,69,71,47.0,69.95,74.27,94.56,Ground,Kanto
1939,Lorelei_8163,Pallet Town,Grass,Bulbasaur,6,40.3,41.4,66.8,194.7,2,1.0,515,63.3,3,0,3,2339,50,8,12,0,2,1,63,2,3,165.8,172.5,5,0,0,0,,44,75,49.7,83.6,62.53,80.13,None,Kanto
1940,Red_7287,Pewter City,Grass,Bulbasaur,6,36.1,44.9,58.7,177.8,4,4.5,122,64.9,2,0,5,1013,14,2,0,0,3,0,26,6,0,176.0,186.8,5,0,0,0,,58,33,21.9,52.1,71.35,2.62,Rock,Kanto
1941,Samurai_4720,Lavender Town,Water,Squirtle,3,47.5,53.5,78.7,197.0,1,10.3,334,67.1,2,1,4,1238,42,12,5,0,6,2,37,7,0,169.9,177.7,5,0,0,0,,157,65,43.0,86.51,70.3,42.03,Ghost,Kanto
1942,Aya_9557,Pewter City,Water,Squirtle,3,36.5,43.5,66.4,198.9,3,0.2,487,51.5,4,0,4,2089,74,10,13,0,4,1,55,1,0,143.3,150.0,3,0,0,0,,86,63,41.7,9.64,69.07,92.19,Rock,Kanto
1943,Karen_3762,Celadon City,Water,Squirtle,3,31.2,44.8,48.6,121.1,3,5.2,204,63.3,2,0,10,1509,24,7,10,0,2,2,32,6,2,140.0,155.7,4,0,0,0,,165,48,31.8,97.51,21.45,10.3,Grass,Kanto
1944,Duplica_7370,Celadon City,Fire,Charmander,2,27.2,34.4,43.9,311.5,5,0.9,440,19.4,5,1,2,2750,45,12,7,0,1,3,55,3,0,135.8,142.5,2,0,0,0,,56,62,41.1,0.41,2.82,72.48,Grass,Kanto
1945,Blaine_6910,Vermilion City,Fire,Charmander,6,19.8,26.9,86.3,234.7,2,1.1,13,60.6,3,1,4,1513,19,2,0,0,2,3,5,2,1,104.7,115.5,2,0,0,0,,73,26,17.2,5.65,80.66,0.96,Electric,Kanto
1946,Aya_2117,Vermilion City,Water,Squirtle,5,38.1,53.7,48.9,123.5,2,1.8,118,44.6,2,0,2,1165,10,4,6,0,0,0,20,6,3,168.2,177.7,2,0,0,0,,132,31,20.5,88.37,12.25,19.24,Electric,Kanto
1947,Crystal_2155,Pewter City,Fire,Charmander,4,36.5,36.6,65.8,127.5,3,4.8,388,49.0,2,0,3,1039,53,9,7,0,3,1,55,6,1,144.2,165.8,4,0,0,0,,82,70,46.4,35.89,51.07,49.22,Rock,Kanto
1948,Blue_1871,Lavender Town,Grass,Bulbasaur,6,22.0,23.3,63.7,176.0,3,0.2,278,51.0,2,0,2,402,38,7,9,0,3,0,40,9,3,138.7,143.4,3,0,0,0,,76,37,24.5,69.6,58.29,45.76,Ghost,Kanto
1949,Brock_4399,Pallet Town,Grass,Bulbasaur,6,35.8,54.0,77.2,290.1,2,2.4,412,54.7,1,1,2,1422,53,10,11,0,1,1,56,1,0,139.1,166.6,3,0,0,0,,63,51,33.8,17.95,74.28,60.16,None,Kanto
1950,Lance_5438,Lavender Town,Fire,Charmander,6,50.7,53.8,75.3,299.5,2,5.1,569,66.8,2,1,1,1009,73,5,11,0,2,1,71,11,1,143.9,199.3,6,0,0,0,,78,76,50.3,88.28,65.07,95.33,Ghost,Kanto
1951,Blue_5060,Cinnabar Island,Fire,Charmander,3,49.0,54.7,59.0,300.6,3,3.5,427,37.0,5,1,0,2686,51,11,12,0,1,1,70,2,1,145.8,148.7,3,0,0,0,,113,54,35.8,17.52,0.08,78.43,Fire,Kanto
1952,Blaine_6049,Fuchsia City,Fire,Charmander,6,34.0,37.9,79.0,164.9,2,0.1,429,55.2,2,0,2,1196,55,12,7,0,1,1,53,6,0,143.9,180.6,3,0,0,0,,45,72,47.7,52.26,98.33,64.43,Poison,Kanto
1953,Agatha_2990,Lavender Town,Water,Squirtle,5,34.8,48.8,64.0,255.8,2,1.3,357,61.3,3,1,1,1399,44,10,7,0,2,1,47,2,2,108.4,132.5,3,0,0,0,,74,48,31.8,43.97,6.19,60.42,Ghost,Kanto
1954,Falkner_2788,Pallet Town,Water,Squirtle,6,32.1,33.6,94.1,160.6,1,1.1,221,69.2,3,1,3,1546,34,8,10,1,3,3,28,3,1,77.1,92.6,6,0,0,0,,112,43,28.5,21.9,83.37,37.82,None,Kanto
1955,Bill_3582,Cinnabar Island,Fire,Charmander,6,26.6,44.2,73.8,170.8,3,3.7,199,61.6,4,1,2,2681,30,6,4,0,0,1,28,3,3,161.9,187.0,4,0,0,0,,149,22,14.6,79.34,56.14,22.9,Fire,Kanto
1956,Pryce_5071,Pewter City,Fire,Charmander,6,48.1,53.1,69.2,241.2,4,6.5,242,42.0,5,1,0,2730,34,5,7,1,3,0,39,3,1,141.4,176.8,4,0,0,0,,87,35,23.2,2.92,79.01,18.8,Rock,Kanto
1957,Janine_4863,Cerulean City,Water,Squirtle,3,62.9,65.3,53.6,219.7,2,8.6,597,44.2,3,1,1,911,77,23,12,1,4,0,71,0,3,141.5,207.6,5,0,0,0,,200,69,45.7,21.45,23.72,93.86,Water,Kanto
1958,Gold_3029,Cinnabar Island,Water,Squirtle,6,38.1,51.7,90.5,178.6,2,1.5,320,60.1,3,0,3,1326,55,12,10,0,1,1,42,4,1,168.9,169.8,4,0,0,0,,87,43,28.5,48.62,86.09,53.82,Fire,Kanto
1959,Falkner_6783,Vermilion City,Fire,Charmander,6,33.9,66.3,56.0,213.1,4,1.9,306,27.7,2,1,6,1199,38,7,10,0,2,2,40,6,0,176.8,200.6,1,0,0,0,,0,60,39.7,57.8,3.85,51.5,Electric,Kanto
1960,Yellow_6583,Viridian City,Grass,Bulbasaur,6,38.6,42.1,59.4,186.8,4,3.4,384,27.6,4,0,1,2506,36,8,7,0,3,1,42,4,2,164.9,168.4,3,0,0,0,,70,60,39.7,39.53,10.75,68.68,Ground,Kanto
1961,Brock_9845,Lavender Town,Grass,Bulbasaur,2,40.5,56.6,59.3,284.7,4,3.4,357,41.7,3,1,3,1321,36,8,4,1,1,1,48,4,0,133.2,140.4,4,0,0,0,,95,50,33.1,51.38,39.68,62.44,Ghost,Kanto
1962,Green_4105,Cerulean City,Grass,Bulbasaur,3,35.8,45.0,47.2,222.5,1,1.1,321,25.7,2,1,1,1156,33,3,10,0,2,0,45,2,1,125.2,145.1,1,0,0,0,,109,56,37.1,32.17,20.44,38.59,Water,Kanto
1963,Dario_6522,Cerulean City,Grass,Bulbasaur,6,28.9,46.7,60.1,111.8,3,0.7,219,49.5,3,0,5,2201,29,5,4,0,0,2,26,3,2,189.3,189.6,3,0,0,0,,144,48,31.8,85.6,43.02,32.27,Water,Kanto
1964,Aya_4252,Viridian City,Grass,Bulbasaur,3,38.9,45.7,74.4,171.8,2,2.1,262,52.0,4,1,2,2234,46,5,11,0,3,1,35,11,0,154.9,173.0,3,0,0,0,,91,53,35.1,62.71,60.19,47.42,Ground,Kanto
1965,Janine_8395,Pallet Town,Water,Squirtle,2,24.9,32.2,38.6,179.5,1,1.8,208,35.6,1,0,4,634,17,6,6,0,1,1,35,2,2,120.3,127.8,1,0,0,0,,41,51,33.8,20.55,2.18,33.76,None,Kanto
1966,Red_9803,Saffron City,Fire,Charmander,4,42.3,53.8,40.1,153.7,3,3.5,295,51.8,2,0,5,1358,40,12,10,1,1,1,40,9,0,160.6,224.1,5,0,0,0,,59,33,21.9,85.19,10.28,49.1,Psychic,Kanto
1967,Gary_5105,Cerulean City,Fire,Charmander,4,64.0,68.1,58.1,238.8,4,7.4,561,48.4,2,1,1,1500,68,13,11,0,2,0,63,3,1,173.1,188.8,5,0,0,0,,134,56,37.1,20.74,30.61,82.3,Water,Kanto
1968,Chuck_9895,Viridian City,Water,Squirtle,6,45.2,47.8,91.0,157.5,4,7.9,226,74.2,3,0,3,1314,26,10,5,0,2,2,32,6,0,148.0,154.9,6,0,0,0,,204,56,37.1,83.57,83.87,22.42,Ground,Kanto
1969,Duplica_5905,Vermilion City,Grass,Bulbasaur,4,48.3,57.4,59.4,237.3,3,6.7,340,46.3,2,1,5,1415,44,3,11,0,4,1,33,5,1,153.5,154.2,4,0,0,0,,159,50,33.1,76.23,36.68,43.02,Electric,Kanto
1970,Duplica_8712,Saffron City,Fire,Charmander,6,47.4,54.3,65.8,174.0,2,5.4,479,77.8,2,0,3,1291,54,13,7,0,2,2,46,7,0,171.6,212.7,6,0,0,0,,92,61,40.4,81.89,50.75,57.63,Psychic,Kanto
1971,Crystal_8744,Lavender Town,Water,Squirtle,4,55.8,60.1,68.7,284.0,2,10.0,467,66.5,3,1,3,1805,51,4,9,0,3,2,58,2,2,123.0,148.0,7,0,0,0,,164,53,35.1,18.15,55.01,71.6,Ghost,Kanto
1972,James_4632,Fuchsia City,Fire,Charmander,6,36.6,39.1,33.1,230.9,6,4.2,280,46.7,4,1,3,2322,28,6,6,1,2,0,30,9,0,136.0,147.2,5,0,0,0,,132,37,24.5,45.68,4.82,29.94,Poison,Kanto
1973,Karen_7318,Pallet Town,Grass,Bulbasaur,2,24.1,29.1,44.0,238.6,3,0.2,80,43.0,4,1,6,2211,11,5,1,0,1,1,18,4,2,137.1,158.8,3,0,0,0,,72,32,21.2,65.17,27.67,11.58,None,Kanto
1974,Casey_1100,Saffron City,Fire,Charmander,6,37.0,48.1,60.0,174.6,3,0.5,490,30.2,4,0,2,2660,62,8,14,1,6,1,44,1,1,149.2,157.6,2,0,0,0,,44,64,42.4,55.03,21.65,93.21,Psychic,Kanto
1975,Tracey_1524,Fuchsia City,Water,Squirtle,3,28.0,59.6,85.6,225.4,1,1.6,458,51.6,4,0,1,2378,64,14,10,0,2,1,55,5,0,154.2,155.0,2,0,0,0,,36,59,39.1,30.47,92.88,79.7,Poison,Kanto
1976,Chuck_3748,Cerulean City,Grass,Bulbasaur,4,29.4,30.0,64.8,267.1,4,3.1,517,60.3,3,1,2,2008,48,12,9,1,2,0,67,7,2,144.6,152.0,5,0,0,0,,64,74,49.0,55.93,63.66,73.77,Water,Kanto
1977,Red_6829,Cinnabar Island,Fire,Charmander,2,24.4,25.4,48.8,85.9,2,0.4,78,21.3,2,0,0,1294,7,4,5,0,0,0,20,7,0,122.2,132.9,0,0,0,0,,71,4,2.6,2.66,6.4,2.12,Fire,Kanto
1978,Yellow_9306,Vermilion City,Fire,Charmander,3,23.6,30.1,66.9,153.5,1,1.4,211,58.3,2,0,4,1134,38,6,5,0,6,1,28,3,1,146.8,150.6,3,0,0,0,,45,44,29.1,41.47,90.3,27.38,Electric,Kanto
1979,Falkner_6646,Celadon City,Water,Squirtle,3,34.0,44.5,36.6,241.8,2,5.5,448,46.4,3,1,10,2586,37,14,10,0,2,0,54,1,0,155.4,158.9,2,0,0,0,,176,72,47.7,87.56,16.41,64.48,Grass,Kanto
1980,Whitney_5495,Cerulean City,Fire,Charmander,4,40.3,57.7,61.1,178.9,2,2.7,334,49.0,4,0,2,2235,55,8,4,1,0,2,37,2,3,127.0,127.5,4,0,0,0,,111,65,43.0,50.85,38.92,57.62,Water,Kanto
1981,Bill_6067,Cinnabar Island,Water,Squirtle,1,34.0,36.6,67.3,155.3,3,4.2,159,44.1,2,0,2,1073,31,7,5,0,0,1,20,6,2,120.9,171.7,3,0,0,0,,133,37,24.5,53.8,64.94,17.96,Fire,Kanto
1982,Joe_6676,Saffron City,Grass,Bulbasaur,6,43.8,48.1,41.4,214.3,5,2.5,441,49.5,3,0,1,1979,60,10,14,0,2,2,67,6,0,135.9,148.2,5,0,0,0,,47,73,48.3,70.87,2.55,82.42,Psychic,Kanto
1983,Ash_8874,Celadon City,Grass,Bulbasaur,6,35.8,38.8,76.8,324.7,2,1.5,548,70.7,3,1,0,1939,75,19,8,1,3,0,50,6,0,157.1,174.7,6,0,0,0,,79,76,50.3,54.9,55.03,93.2,Grass,Kanto
1984,Crystal_5170,Fuchsia City,Grass,Bulbasaur,5,29.6,46.9,78.9,58.9,2,0.8,82,53.1,5,0,3,2662,15,7,0,0,0,4,16,4,2,162.1,170.7,2,0,0,0,,29,30,19.9,43.5,95.73,17.05,Poison,Kanto
1985,Gary_4401,Saffron City,Fire,Charmander,5,37.7,48.4,92.7,192.4,1,2.2,393,48.0,4,0,0,2267,35,13,9,0,2,1,49,6,2,154.9,179.0,3,0,0,0,,84,48,31.8,11.17,77.22,64.09,Psychic,Kanto
1986,Pryce_4653,Celadon City,Grass,Bulbasaur,4,27.4,27.4,65.1,228.0,2,0.6,240,53.0,2,1,3,1163,46,8,9,1,5,0,29,3,1,202.6,223.1,4,0,0,0,,0,39,25.8,92.91,48.19,38.5,Grass,Kanto
1987,Stella_6719,Pallet Town,Grass,Bulbasaur,6,38.3,61.5,47.2,245.3,1,3.2,462,33.0,2,1,2,1316,59,14,10,0,2,0,49,4,2,130.0,136.2,1,0,0,0,,110,89,58.9,37.48,21.16,71.38,None,Kanto
1988,Karen_8684,Cinnabar Island,Grass,Bulbasaur,6,39.3,51.5,74.6,151.6,2,2.6,180,69.9,4,0,7,2273,36,5,2,0,2,1,25,5,0,160.3,178.8,5,0,0,0,,88,65,43.0,81.69,97.93,17.37,Fire,Kanto
1989,Stella_2287,Celadon City,Fire,Charmander,5,48.0,50.7,65.3,203.8,3,5.3,437,65.6,4,0,4,1815,62,11,6,1,3,0,35,7,1,171.5,177.2,6,0,0,0,,108,54,35.8,99.54,47.88,63.13,Grass,Kanto
1990,AJ_4926,Cinnabar Island,Grass,Bulbasaur,4,20.2,25.4,79.0,265.0,2,0.8,274,62.2,2,1,2,1470,28,8,7,0,3,0,24,2,1,132.2,153.5,3,0,0,0,,67,35,23.2,6.06,96.48,47.02,Fire,Kanto
1991,Morty_1598,Cinnabar Island,Grass,Bulbasaur,6,40.0,42.2,77.1,227.4,3,2.6,261,52.1,1,1,4,162,40,6,3,0,5,1,34,5,1,118.5,124.6,3,0,0,0,,77,51,33.8,85.34,59.51,48.14,Fire,Kanto
1992,Silver_8912,Celadon City,Water,Squirtle,6,27.5,27.8,77.6,234.2,6,2.8,166,67.0,3,1,6,1781,23,9,6,0,1,0,30,2,1,168.5,179.8,4,0,0,0,,92,57,37.7,88.19,55.65,27.32,Grass,Kanto
1993,James_8537,Pallet Town,Water,Squirtle,6,40.0,48.8,81.0,232.1,1,4.8,294,75.1,2,1,0,1207,43,7,4,1,3,0,38,5,1,111.1,114.9,6,0,0,0,,181,41,27.2,64.17,91.07,38.37,None,Kanto
1994,Joe_8351,Cinnabar Island,Fire,Charmander,6,40.9,63.4,42.7,271.8,5,1.1,582,35.6,1,1,0,470,51,19,13,0,4,0,63,1,0,126.5,156.6,3,0,0,0,,61,83,55.0,24.9,5.86,93.26,Fire,Kanto
1995,Lara_2104,Fuchsia City,Fire,Charmander,3,49.1,56.1,45.7,332.1,1,4.9,652,42.3,2,1,4,1108,74,11,14,1,5,2,56,5,2,169.7,190.6,5,0,0,0,,101,81,53.6,65.35,37.81,98.42,Poison,Kanto
1996,Silver_5886,Viridian City,Fire,Charmander,4,25.2,27.0,66.8,121.0,1,0.1,118,33.4,4,0,1,1954,18,2,8,0,4,2,21,4,1,155.6,159.2,1,0,0,0,,74,19,12.6,17.38,57.4,19.81,Ground,Kanto
1997,Samurai_9544,Cinnabar Island,Grass,Bulbasaur,5,23.0,49.2,93.6,120.2,2,0.5,197,71.1,4,0,7,1755,30,9,4,1,2,1,29,5,0,183.9,185.9,5,0,0,0,,46,49,32.5,95.52,94.2,27.88,Fire,Kanto
1998,Giovanni_9707,Lavender Town,Fire,Charmander,6,42.4,42.9,53.6,150.0,1,2.6,340,31.7,3,0,1,1548,55,9,4,1,4,1,48,5,0,147.5,149.0,1,0,0,0,,103,54,35.8,23.37,47.36,64.55,Ghost,Kanto
1999,Richie_9645,Fuchsia City,Fire,Charmander,5,33.9,41.4,67.7,299.4,2,1.7,343,46.2,4,1,1,1958,48,10,8,0,3,2,41,2,0,122.7,137.1,3,0,0,0,,50,46,30.5,38.57,74.06,57.15,Poison,Kanto
2000,Aya_3039,Pallet Town,Fire,Charmander,4,45.5,50.4,86.8,268.6,5,3.1,375,83.9,3,1,2,1549,49,12,7,1,1,2,46,6,1,158.0,171.7,8,1,1,1,392.0,94,63,41.7,56.85,97.24,60.03,None,Kanto
